project_id,project_name,sector,ministry,state,first_observation,last_observation,observation_count,total_raw_records,raw_to_canonical_ratio
N24000182,"VARANASI-AURANGABAD KM.786 TO KM.978.40 NHAI,MULTI STATE","[N24000556],NHAI,UTTAR PRADESH",NHAI,MULTI STATE,2022-06,2025-03,22,33,1.5
N24000515,"SIX-LANING OF BARWA ADDA- PANAGARH NHAI,WEST BENGAL","[N24001560],NHAI,RAJASTHAN",NHAI,WEST BENGAL,2022-06,2025-03,22,33,1.5
N24000165,PATNA-MUZZAFFARPUR 572 This Project was approved o,"[N24001634],NHAI,HARYANA",NHAI,BIHAR,2022-06,2025-03,22,29,1.32
N22000100,"BHAIRABI SAIRONG, NL, NEFR 99 "" Land Acquisition (",North East Frontier Railway,NFR,MIZORAM,2022-06,2025-03,21,44,2.1
N22000388,BONGAIGAON-GOALPARA-GUWAHATI (176 KM) 110 Approval,North East Frontier Railway,NFR,ASSAM,2022-06,2025-03,21,44,2.1
N16000331,"DEVELOPMENT OF SURFACE FACILITIES FOR PRODUCTION AND EVACUATION OF CRUDE OIL AND NATURAL GAS FROM NA OIL,ASSAM",Oil India Limited,OIL,ASSAM,2022-06,2025-03,21,43,2.05
N22000102,"SEVOK RANGPO, NEFR 67 Land Acquisition (Hect.):(To",North East Frontier Railway,NFR,SIKKIM,2022-06,2025-03,21,43,2.05
N24000859,"WIDENING AND UP-GRADATION TO 2-LANE WITH PAVED SHOULDER CONFIGURATION AND GEOMETRIC IMPROVEMENTS FRO NHIDCL,MIZORAM","[N24001267],NHIDCL,TRIPURA",NHIDCL,MIZORAM,2022-06,2025-03,21,43,2.05
N24000864,"WIDENING AND UP-GRADATION TO 2-LANE WITH PAVED SHOULDER CONFIGURATION AND GEOMETRIC IMPROVEMENTS FRO NHIDCL,MIZORAM","[N24000967],MoRTH,ANDHRA PRADESH",NHIDCL,MIZORAM,2022-06,2025-03,21,43,2.05
N24001263,"REHABILITATION AND UPGRADATION OF ROAD FROM KM 0.00 TO KM 18.600 OF KUMARGHAT- KAILASHAHAR SECTION NHIDCL,TRIPURA","[N24000967],MoRTH,ANDHRA PRADESH",NHIDCL,TRIPURA,2022-06,2025-03,21,43,2.05
N24001278,"CONSTRUCTION OF TWO LANE WITH PAVED SHOULDER OF SELLING-DULTE SECTION OF NH-06 (PKG-I) NHIDCL,MIZORAM","[N24000967],MoRTH,ANDHRA PRADESH",NHIDCL,MIZORAM,2022-06,2025-03,21,43,2.05
N24001317,"2-LANING FROM JOLAIBARI - BELONIA NHIDCL,TRIPURA","[N24000967],MoRTH,ANDHRA PRADESH",NHIDCL,TRIPURA,2022-06,2025-03,21,43,2.05
N24001322,"CONSTRUCTION OF 2-LANE ROAD WITH PAVED SHOULDER (GREENFIELD ALIGNMENT) OF EXISTING STRETCH BETWEEN L NHIDCL,SIKKIM","[N24000967],MoRTH,ANDHRA PRADESH",NHIDCL,SIKKIM,2022-06,2025-03,21,43,2.05
N24001325,"CONSTRUCTION OF 2-LANE SPECIFICATION ROAD WITH PAVED SHOULDER AS REALIGNMENT (GREENFIELD ALIGNMENT) NHIDCL,SIKKIM","[N24000967],MoRTH,ANDHRA PRADESH",NHIDCL,SIKKIM,2022-06,2025-03,21,43,2.05
N24000862,"WIDENING AND UP-GRADATION TO 2-LANE WITH PAVED SHOULDER CONFIGURATION AND GEOMETRIC IMPROVEMENTS FRO NHIDCL,MIZORAM","[N24000967],MoRTH,ANDHRA PRADESH",NHIDCL,MIZORAM,2022-06,2025-03,21,42,2.0
N24001254,"CONSTUCTION/UPGRADATION OF EXISTING HIGHWAY TO 2 LANE WITH PAVED SHOULDER FROM KM 26.10 TO KM 40.00 NHIDCL,SIKKIM","[N24000967],MoRTH,ANDHRA PRADESH",NHIDCL,SIKKIM,2022-06,2025-03,21,42,2.0
N24001358,"TLABUNG - LUNGLEI PKG-A NHIDCL,MIZORAM","[N24000967],MoRTH,ANDHRA PRADESH",NHIDCL,MIZORAM,2022-06,2025-03,21,42,2.0
N16000414,"EXPANSION OF GUWAHATI REFINERY FROM 1 TO 1.2 MMTPA ALONG WITH INSTALLATION OF CATALYTIC REFORMING UN IOCL,ASSAM",Indian Oil Corporation Limited,IOCL,ASSAM,2022-06,2025-03,21,41,1.95
N18000326,"RANGIT IV HE PROJECT 9 ""Excavation of Diversion Tu",Chenab Velley Power Projects [P] Limited,NHPC,SIKKIM,2022-06,2025-03,21,41,1.95
N24001281,"CONSTRUCTION OF TWO LANE WITH PAVED SHOULDER OF SELLING-DULTE SECTION OF NH-06 (PKG-III) NHIDCL,MIZORAM","[N24000967],MoRTH,ANDHRA PRADESH",NHIDCL,MIZORAM,2022-06,2025-03,21,41,1.95
N24001309,"KAILASHAHAR TO KHOWAI PKG-4 NHIDCL,TRIPURA","[N24000967],MoRTH,ANDHRA PRADESH",NHIDCL,TRIPURA,2022-06,2025-03,21,41,1.95
N16000394,"NUMALIGARH REFINERY EXPANSION PROJECT COIT AND PIPELINES NRL,ASSAM",Numaligarh Refinery Limited,NRL,ASSAM,2022-06,2025-03,21,40,1.9
N24000319,"4 LANING OF JORHAT TO JHANJI SECTION FROM KM. 453.00 TO KM. 491.08 (DESIGN KM 403.200 TO KM 454.240) NHIDCL,ASSAM","[N24000967],MoRTH,ANDHRA PRADESH",NHIDCL,ASSAM,2022-06,2025-03,21,40,1.9
N24000438,"4 LANING FROM RANGAGARA TO KALIABHOR TINALI FROM KM 297.00 TO KM 315.315 OF NH-37 ON EPC BASIS. NHIDCL,ASSAM","[N24000967],MoRTH,ANDHRA PRADESH",NHIDCL,ASSAM,2022-06,2025-03,21,40,1.9
N24000683,"TWO LANING OF JORAM KOLORIANG ROAD (NH 713) ON EPC BASIS FROM DESIGN KM. 138+000 TO KM. 154+036 [EX NHIDCL,ARUNACHAL PRADESH","[N24000967],MoRTH,ANDHRA PRADESH",NHIDCL,ARUNACHAL PRADESH,2022-06,2025-03,21,40,1.9
N24000948,"CONSTRUCTION OF 2 LANING OF EXISTING HUNLI- ANINI ROAD ON EPC BASIS FROM DESIGN KM 53.500 TO KM 92.50 NHIDCL,ARUNACHAL PRADESH","[N24000967],MoRTH,ANDHRA PRADESH",NHIDCL,ARUNACHAL PRADESH,2022-06,2025-03,21,40,1.9
N24001259,"UPGRADATION OF EXISTING ROAD TO 2-LANE WITH PAVED SHOULDER FROM KOHIMA TO MAO FROM KM 185.540 TO KM NHIDCL,NAGALAND","[N24000967],MoRTH,ANDHRA PRADESH",NHIDCL,NAGALAND,2022-06,2025-03,21,40,1.9
N24001286,"2-LANING OF CHANGTONGYA TO LONGLENG ROAD OF NH-702 (PKG-I) NHIDCL,NAGALAND","[N24000967],MoRTH,ANDHRA PRADESH",NHIDCL,NAGALAND,2022-06,2025-03,21,40,1.9
N24001287,"2 LANING OF KOHIMA - JESSAMI SECTION (PACKAGE V) NHIDCL,NAGALAND","[N24000967],MoRTH,ANDHRA PRADESH",NHIDCL,NAGALAND,2022-06,2025-03,21,40,1.9
N24001314,"IMPROVEMENT/WIDENING TO 2-LANE WITH PAVED SHOULDER FROM (DESIGN KM 10.670 TO KM 37.550) BETWEEN SHIL NHIDCL,MEGHALAYA","[N24000967],MoRTH,ANDHRA PRADESH",NHIDCL,MEGHALAYA,2022-06,2025-03,21,40,1.9
N24001331,"2-LANING FROM YAINGANGPOKPI TO FINCH CORNER (PKG-I) NHIDCL,ASSAM","[N24000967],MoRTH,ANDHRA PRADESH",NHIDCL,ASSAM,2022-06,2025-03,21,40,1.9
N24001332,"2-LANING FROM YAINGANGPOKPI TO FINCH CORNER (PKG-II) NHIDCL,ASSAM","[N24000967],MoRTH,ANDHRA PRADESH",NHIDCL,ASSAM,2022-06,2025-03,21,40,1.9
N24001335,"IMPROVEMENT/WIDENING TO 2-LANE WITH PAVED SHOULDER / 4- LANING FROM (DESIGN KM 63.530 TO KM 71.520) B NHIDCL,MEGHALAYA","[N24000967],MoRTH,ANDHRA PRADESH",NHIDCL,MEGHALAYA,2022-06,2025-03,21,40,1.9
N24001349,"MARIAM - PEREN PKG-1A NHIDCL,MANIPUR","[N24000967],MoRTH,ANDHRA PRADESH",NHIDCL,MANIPUR,2022-06,2025-03,21,40,1.9
N24001350,"MARIAM - PEREN (PKG 1B) NHIDCL,MANIPUR","[N24000967],MoRTH,ANDHRA PRADESH",NHIDCL,MANIPUR,2022-06,2025-03,21,40,1.9
N24001356,"DULTE- KWALKULH - CHAMPAI PKG.2 NHIDCL,MIZORAM","[N24000967],MoRTH,ANDHRA PRADESH",NHIDCL,MIZORAM,2022-06,2025-03,21,40,1.9
N24001359,"TLABUNG - LUNGLEI PKG-B NHIDCL,MIZORAM","[N24000967],MoRTH,ANDHRA PRADESH",NHIDCL,MIZORAM,2022-06,2025-03,21,40,1.9
N24001361,"RISHI BORDER- ROLEP- MENLA PKG- 2A NHIDCL,SIKKIM","[N24000967],MoRTH,ANDHRA PRADESH",NHIDCL,SIKKIM,2022-06,2025-03,21,40,1.9
N24001363,"MANU-SIMLUNG ( PKG 4) NHIDCL,TRIPURA","[N24001267],NHIDCL,TRIPURA",NHIDCL,TRIPURA,2022-06,2025-03,21,40,1.9
N24001391,"JORAM – KOLORIANG ROAD FROM EXISTING KM 70.00 TO KM 88.700 (PKG-4) NHIDCL,ARUNACHAL PRADESH","[N24001267],NHIDCL,TRIPURA",NHIDCL,ARUNACHAL PRADESH,2022-06,2025-03,21,40,1.9
N24001400,"SENAPATI- IMPHAL PKG-5B NHIDCL,MANIPUR","[N24000967],MoRTH,ANDHRA PRADESH",NHIDCL,MANIPUR,2022-06,2025-03,21,40,1.9
N24001401,"IMPHAL - KHONGSANG PKG-3 NHIDCL,MANIPUR","[N24000967],MoRTH,ANDHRA PRADESH",NHIDCL,MANIPUR,2022-06,2025-03,21,40,1.9
N24001402,"TAMENGLONG - MAHUR PKG-1 NHIDCL,MANIPUR","[N24000967],MoRTH,ANDHRA PRADESH",NHIDCL,MANIPUR,2022-06,2025-03,21,40,1.9
N24001403,"TAMENGLONG - MAHUR PKG-2 NHIDCL,MANIPUR","[N24000967],MoRTH,ANDHRA PRADESH",NHIDCL,MANIPUR,2022-06,2025-03,21,40,1.9
N24001405,"CHURACHANPUR TUIVAI PKG-3 NHIDCL,MANIPUR","[N24000967],MoRTH,ANDHRA PRADESH",NHIDCL,MANIPUR,2022-06,2025-03,21,40,1.9
N24001438,"MERANGKONG-TAMLU-MON (MTM) PKG-5 NHIDCL,NAGALAND","[N24000967],MoRTH,ANDHRA PRADESH",NHIDCL,NAGALAND,2022-06,2025-03,21,40,1.9
N24001439,"MARAM - PEREN PKG-3 NHIDCL,MANIPUR","[N24001267],NHIDCL,TRIPURA",NHIDCL,MANIPUR,2022-06,2025-03,21,40,1.9
N24001440,"KEIFANG - TUVAI PKG-1 NHIDCL,MIZORAM","[N24000967],MoRTH,ANDHRA PRADESH",NHIDCL,MIZORAM,2022-06,2025-03,21,40,1.9
N24001441,"REHABILITATION AND UPGRADATION OF NONGSTOIN TO WAHKAJI SECTION OF PROJECT ROAD KM 0.000 TO KM 43.06 MoRTH,MEGHALAYA","[N24001289],MoRTH,ARUNACHAL PRADESH",MoRTH,MEGHALAYA,2022-06,2025-03,21,40,1.9
N18000325,"TEESTA VI HE PROJECT 6 ""Dam Works: 17561 cum concre",Chenab Velley Power Projects [P] Limited,NHPC,SIKKIM,2022-06,2025-03,21,39,1.86
N24000768,(N24000768 ) CONSTUCTION/UPGR ADATION OF EXISTING HIGHWAY TO 2 LANE WITH PAVED SHOULDER FROM KM 0.00 TO KM 13.00 N (NHIDCL ),"[N24000967],MoRTH,ANDHRA PRADESH",NHIDCL,SIKKIM,2022-06,2025-03,21,39,1.86
N24001179,"CONSTRUCTION OF 2 LANE WITH PAVED SHOULDER FROM KM. 168 TO 183.783 (YESEMYONG TO UNGER) ON MOKOKCHUN MoRTH,NAGALAND","[N24000967],MoRTH,ANDHRA PRADESH",MoRTH,NAGALAND,2022-06,2025-03,21,39,1.86
N24001244,"CONSTRUCTION OF 2-LANING WITH HARD SHOULDERS OF ARROWA-KHUPA-HAYULIANG SECTION OF NH-113 FROM CH.68. NHIDCL,ARUNACHAL PRADESH","[N24000967],MoRTH,ANDHRA PRADESH",NHIDCL,ARUNACHAL PRADESH,2022-06,2025-03,21,39,1.86
N24001251,"CONSTUCTION/UPGRADATION OF EXISTING HIGHWAY TO 2 LANE WITH PAVED SHOULDER FROM KM 0.00 TO KM 13.00 N NHIDCL,SIKKIM","[N24001267],NHIDCL,TRIPURA",NHIDCL,SIKKIM,2022-06,2025-03,21,39,1.86
N24001255,"CONSTRUCTION OF 2-LANE WITH PAVED SHOULDER OF KOHIMA-BYPASS ROAD FROM DESIGN KM10.500 TO 21.00KM [D NHIDCL,NAGALAND","[N24000967],MoRTH,ANDHRA PRADESH",NHIDCL,NAGALAND,2022-06,2025-03,21,39,1.86
N24001273,"2-LANING OF CHURACHANDPUR TUIVAI SECTION OF NH-102B (PKG- 4B) NHIDCL,MANIPUR","[N24000967],MoRTH,ANDHRA PRADESH",NHIDCL,MANIPUR,2022-06,2025-03,21,39,1.86
N24001313,"IMPROVEMENT/WIDENING TO 2-L WITH PAVED SHOULDER FROM (DESIGN KM 0.00 TO KM 10.670) / 4-LANING FROM ( NHIDCL,MEGHALAYA","[N24000967],MoRTH,ANDHRA PRADESH",NHIDCL,MEGHALAYA,2022-06,2025-03,21,39,1.86
N24001404,"TAMENGLONG - MAHUR PKG-4 NHIDCL,MANIPUR","[N24000967],MoRTH,ANDHRA PRADESH",NHIDCL,MANIPUR,2022-06,2025-03,21,39,1.86
N24001436,"TAMENGLONG - MAHUR PKG-5 NHIDCL,MANIPUR","[N24000967],MoRTH,ANDHRA PRADESH",NHIDCL,MANIPUR,2022-06,2025-03,21,39,1.86
N24000767,"CONSTRUCTION OF 2-LANE WITH PAVED SHOULDER INCLUDING GEOMETRIC IMPROVEMENT FROM KM 0.000 TO KM 16.00 NHIDCL,SIKKIM","[N24001267],NHIDCL,TRIPURA",NHIDCL,SIKKIM,2022-06,2025-03,21,38,1.81
N24001276,"IMPROVEMENT/UPGRADATION OF EXISTING 2-LANE TO 4-LANE DIVIDED HIGHWAY FROM KURAOPOKPI TO SEKMAI SECTI NHIDCL,MANIPUR","[N24000967],MoRTH,ANDHRA PRADESH",NHIDCL,MANIPUR,2022-06,2025-03,21,38,1.81
N24001355,"DULTE- KWALKULH - CHAMPAI PKG.1 NHIDCL,MIZORAM","[N24000967],MoRTH,ANDHRA PRADESH",NHIDCL,MIZORAM,2022-06,2025-03,21,38,1.81
180100242,NATIONAL THERMAL POWER CORPORATION BARH STPP(3X660MW) NTPC,National Thermal Power Corporation,NTPC,BIHAR,2022-06,2025-03,21,31,1.48
220100133,"UDHAMPUR-SRINAGAR- BARAMULLA (NL),NR NR,JAMMU AND KASHMIR",Northern Railway,NR,JAMMU AND KASHMIR,2022-06,2025-03,21,31,1.48
220100181,CENTRAL RAILWAYS AHMEDNAGAR-PARLI VAIJNATH(NL) CR 1,Central Railways,CR,MAHARASHTRA,2022-06,2025-03,21,31,1.48
220100265,"KOTLPALLI-NARASAPUR (NL) (SCR) 120 ""15. Munirabad",South Central Railway,SCR,ANDHRA PRADESH,2022-06,2025-03,21,31,1.48
N04000094,"DEVELOPMENT OF AYODHYA AIRPORT PHASE-01 AAI,UTTAR PRADESH",Airport Authority Of India Limited,AAI,UTTAR PRADESH,2022-06,2025-03,21,31,1.48
N10000011,UTKAL D AND E COAL BLOCK 4 1.Alternate route for p,National Aluminum Company Limited (Nalco),NALCO,ODISHA,2022-06,2025-03,21,31,1.48
N18000249,"COMPREHENSIVE SCHEME FOR THE STRENGHTENING OF THE TRANSMISSION AND DISTRIBUTION SYSTEM IN A P PGCIL,MULTI STATE",Power Grid Corporation Of India Limited,PGCIL,MULTI STATE,2022-06,2025-03,21,31,1.48
N22000032,MANOHARABAD-KOTHPALL NEW LINE(SCR) 121 and Substru,South Central Railway,SCR,TELANGANA,2022-06,2025-03,21,31,1.48
N22000087,"NEW B.G. LINE FROM ARARIA TO GALGALIA (THAKURGUNG), NEFR NFR,BIHAR",North East Frontier Railway,NFR,BIHAR,2022-06,2025-03,21,31,1.48
N22000111,"NEW WORK FOR CONSTRUCTION OF METRO RAILWAY FROM JOKA TO BINOY BADAL DINESH BAGH. RVNL,WEST BENGAL",Rail Vikas Nigam Ltd.,RVNL,WEST BENGAL,2022-06,2025-03,21,31,1.48
N22000183,"NEW BONGAIGAON-RANGIA- KAMAKGHYA DOUBLING NFR,MULTI STATE",North East Frontier Railway,NFR,MULTI STATE,2022-06,2025-03,21,31,1.48
N22000206,"NEW BG LINE FROM BALURGHAT TO HILLY NFR NFR,MULTI STATE",North East Frontier Railway,NFR,MULTI STATE,2022-06,2025-03,21,31,1.48
N22000208,"MURKONGSELEK-PASIGHAT NL 71 """"""Land between Km 16.",North East Frontier Railway,NFR,MULTI STATE,2022-06,2025-03,21,31,1.48
N22000318,KIRANDUL - JAGDALPUR DOUBLING 36 It is a Super Cri,East Coast Railway,ECOR,CHHATISGARH,2022-06,2025-03,21,31,1.48
N22000333,Location: MULTI STATE N22000333 Capatity:,South Western Railway,SWR,MULTI STATE,2022-06,2025-03,21,31,1.48
N22000367,KAZIPET-BALHRSHA 189 Railway Board vide Lr No 2019,South Central Railway,SCR,MULTI STATE,2022-06,2025-03,21,31,1.48
N22000401,"VARANASI-MODHOSINGH- ALLAHABAD DOUBLING RVNL,UTTAR PRADESH",Rail Vikas Nigam Ltd.,RVNL,UTTAR PRADESH,2022-06,2025-03,21,31,1.48
N22000409,RAIL VIKAS NIGAM LTD. VIZIANAGARAM -SAMABALPUR 3RD LINE,Rail Vikas Nigam Ltd.,RVNL,ODISHA,2022-06,2025-03,21,31,1.48
N22000467,"CHANDIGARH-BADDI 139 15.08.2019, since then work h",Northern Railway,NR,MULTI STATE,2022-06,2025-03,21,31,1.48
N22000473,MUZAFFARPUR SAGAULI DOUBLING 100.60 KM 47 E/W - Bl,East Central Railways,ECR,BIHAR,2022-06,2025-03,21,31,1.48
N24000576,"ENGINEERING, PROCUREMENT, AND CONSTRUCTION OF REHABILITATION AND UPGRADING TO 2-LANES/2 - LANE WITH P MoRTH,BIHAR","[N24000967],MoRTH,ANDHRA PRADESH",MoRTH,BIHAR,2022-06,2025-03,21,31,1.48
N24001157,"IMPROVEMENTS AND RECONSTRUCTION TO TWO LANE WITH PAVED SHOULDERS FROM KM 243.20 TO KM 290.20 OF NH MoRTH,KARNATAKA",Ministry Of Road Transport And Highways (State Pwds),MoRTH,KARNATAKA,2022-06,2025-03,21,31,1.48
N24001477,"CONSTRUCTION OF 4 LANE ACCESS CONTROLLED NEW GREENFIELD HIGHWAY SECTION OF NH-365BG (KHAMMAM-DEVARAP NHAI,ANDHRA PRADESH","[N24001572],NHAI,RAJASTHAN",NHAI,ANDHRA PRADESH,2023-04,2025-03,21,31,1.48
N24001533,"CONSTRUCTION OF 4-LANE GREEN FIELD DELHI-AMRITSAR- KATRA EXPRESSWAY (NE-05) FROM JUSSUR KHERI ON KMP NHAI,HARYANA","[N24000736],NHAI,ODISHA",NHAI,HARYANA,2023-04,2025-03,21,31,1.48
N28000122,AHMEDABAD METRO RAIL AHMEDABAD METRO RAIL PROJECT PHASE 1 1,Ahmedabad Metro Rail,MEGA,GUJARAT,2022-06,2025-03,21,31,1.48
180100210,"PARBATI HEP (4X200 MW) (NHPC) II NHPC,HIMACHAL PRADESH",Chenab Velley Power Projects [P] Limited,NHPC,HIMACHAL PRADESH,2022-06,2025-03,21,30,1.43
220100188,"NORTHERN RAILWAY NANGALDAM-TALWARA(NL),NR 134 (ii",Northern Railway,NR,MULTI STATE,2022-06,2025-03,21,30,1.43
220100272,"TARAKESWAR - BISHNUPUR NEW BG LINE (NL), ER ER,WEST BENGAL",Eastern Railways,ER,WEST BENGAL,2022-06,2025-03,21,30,1.43
220100314,"RAMGANJMUNDI-BHOPAL (NL),WCR 243 It is an alternat",West Central Railway,WCR,MADHYA PRADESH,2022-06,2025-03,21,30,1.43
220100328,"TALCHER-BIMALAGARH(NL)(ECOR) 49 ""Mahipur-Nuagaon(1",East Coast Railway,ECOR,ODISHA,2022-06,2025-03,21,30,1.43
N06000152,"NEYVELI UTTAR PRADESH POWER PROJECT LIMITED 1980 MW NLC,UTTAR PRADESH",Neyveli Lignite Corporation,NLC,UTTAR PRADESH,2022-06,2025-03,21,30,1.43
N06000163,EASTERN COAL FIELDS LIMITED RANIGANJ MASTER PLAN 24,Eastern Coal Fields Limited,ECL,WEST BENGAL,2022-06,2025-03,21,30,1.43
N06000194,"PATHERDIH 2.5 NLW COAL WASHERY 5 ""1. Presently two",Bharat Coking Coal Limited,BCCL,JHARKHAND,2022-06,2025-03,21,30,1.43
N06000211,RCE OF INDARAM OPENCAST PROJECT 68 Coal Production,Singareni Colliers Company Limitted,SCCL,TELANGANA,2022-06,2025-03,21,30,1.43
N10000010,NATIONAL ALUMINUM COMPANY LIMITED (NALCO) 5TH STREAM ALUMI,National Aluminum Company Limited (Nalco),NALCO,ODISHA,2022-06,2025-03,21,30,1.43
N10000012,"CONVERSION OF FLAT BOTTOM SETTLERS AND WASHERS WITH A SINGLE TRAIN OF HRDS AND DCWS IN STREAMS 1 AND NALCO,ODISHA",National Aluminum Company Limited (Nalco),NALCO,ODISHA,2022-06,2025-03,21,30,1.43
N16000275,"DURGAPUR-HALDIA PIPELINE PROJECT 13 ""¿ Dobhi to Du",Gas Authority Of India Limited,GAIL,WEST BENGAL,2022-06,2025-03,21,30,1.43
N16000375,R AND D CAMPUS II AT FARIDABAD 103 The project inv,Indian Oil Corporation Limited,IOCL,HARYANA,2022-06,2025-03,21,30,1.43
N16000382,"ACRYLICS OR OXO-ALCOHOL PROJECT AT GUJARAT REFINERY IOCL,GUJARAT",Indian Oil Corporation Limited,IOCL,GUJARAT,2022-06,2025-03,21,30,1.43
N16000428,REDEVELOPMENT OF LINCH FIELD 144 ¿ Drilling of all,Oil & Natural Gas Corporation Limited,ONGC,GUJARAT,2022-06,2025-03,21,30,1.43
N16000429,60 KTA POLYPROPYLENE PROJECT 25 Gas turbine Compre,Gas Authority Of India Limited,GAIL,UTTAR PRADESH,2022-06,2025-03,21,30,1.43
N18000264,"HVDC BIPOLE LINK BETWEEN WR AND SR -NORTH TRICHUR - SCHEME -II AC SYSTEM STRENGTHENING AT PUGALUR EN PGCIL,MULTI STATE",Power Grid Corporation Of India Limited,PGCIL,MULTI STATE,2022-06,2025-03,21,30,1.43
N22000028,"EXTENSION OF MRTS FROM VELACHERY TO STN. THOMAS, MTP MRTP,TAMIL NADU",Metropolitan Rapid Transport Projects,MRTP,TAMIL NADU,2022-06,2025-03,21,30,1.43
N22000120,RATLAM-MHOW-KHANDWA-AKOLA (GC) 250 sections to be o,Western Railway,WR,MADHYA PRADESH,2022-06,2025-03,21,30,1.43
N22000134,CHHAPRA-BALLIA UP 116 As par Rly Boards DO letter,North Eastern Railway,NER,MULTI STATE,2022-06,2025-03,21,30,1.43
N22000139,"DAHOD-INDORE VIA SARDARPUR, JHABUA AND DHAR (NL) WR,MULTI STATE",Western Railway,WR,MULTI STATE,2022-06,2025-03,21,30,1.43
N22000231,WARDHA-NANDED MAHARASHTRA 2 Ahmednagar–Narayandoh(,Central Railways,CR,MAHARASHTRA,2022-06,2025-03,21,30,1.43
N22000359,PUNE-MIRAJ-LONDA (467 KM) 7 Land acquisition of to,Central Railways,CR,MAHARASHTRA,2022-06,2025-03,21,30,1.43
N22000368,"GUNTUR-GUNTAKAL 126 ""DE sanc by Board for 2063.03 C",South Central Railway,SCR,ANDHRA PRADESH,2022-06,2025-03,21,30,1.43
N22000396,"BONDAMUNDA RANCHI DOUBLING 203 """"""Works in progre",South Eastern Railway,SER,JHARKHAND,2022-06,2025-03,21,30,1.43
N22000416,"KATNI GRADE SEPARATOR/BYE PASS WCR,MADHYA PRADESH",West Central Railway,WCR,MADHYA PRADESH,2022-06,2025-03,21,30,1.43
N22000420,"RAJNANDGAON - NAGPUR - 3RD LINE (SECR) SECR,MAHARASHTR A",South East Central Railway,SECR,MAHARASHTRA,2022-06,2025-03,21,30,1.43
N22000472,"SAGAULI VALMIKINAGAR DOUBLING 109.7 KM 46 """"""Forma",East Central Railways,ECR,BIHAR,2022-06,2025-03,21,30,1.43
N22000486,"KADUR CHIKMAGALUR SAKLESHPUR NEW LINE (93 KM) SWR,KARNATAKA",South Western Railway,SWR,KARNATAKA,2022-06,2025-03,21,30,1.43
N22000489,"KHARSIA DHARAMJAIGARH WITH SPUR LINE EAST CORRIDOR-PHASE I IRCON,CHHATTISGA RH",Indian Railway Construction Company Limited,IRCON,CHHATISGARH,2022-06,2025-03,21,30,1.43
N22000510,"PURULIA TO KOTSHILA DOUBLING (39.1 KM) SER,WEST BENGAL",South Eastern Railway,SER,WEST BENGAL,2022-06,2025-03,21,30,1.43
N24000331,"CONSTRUCTION OF RING ROAD FOR RAEBARELI CITY (PHASE - I) ON EASTERN SIDE OF NH 24B MoRTH,UTTAR PRADESH","[N24001380],MoRTH,TAMIL NADU",MoRTH,UTTAR PRADESH,2022-06,2025-03,21,30,1.43
N24000462,"4-LANING OF GOA/KARNATAKA BORDER-KUNDAPUR SECTION NHAI,KARNATAKA","[N24001634],NHAI,HARYANA",NHAI,KARNATAKA,2023-04,2025-03,21,30,1.43
N24000649,"SIX LANNING FROM KM. 401.200 TO 494.410 OF NH-8 ON HYBRID ANNUITY MODE UNDER NHDP- V(PKG VI)REG. NHAI,GUJARAT","[N24001719],NHAI,TAMIL NADU",NHAI,GUJARAT,2022-06,2025-03,21,30,1.43
N24000656,"4-LANNING OF BODHRE-DHULE SECTION(KM 390.000 TO 452.800) NHAI,MAHARASHTR A","[N24000736],NHAI,ODISHA",NHAI,MAHARASHTRA,2022-06,2025-03,21,30,1.43
N24000659,"4-LANNING OF WARANGA- MAHAGAON SECTION(KM 253.7000 TO 320.580) NHAI,MAHARASHTR A","[N24000662],NHAI,PUNJAB",NHAI,MAHARASHTRA,2022-06,2025-03,21,30,1.43
N24000696,"SIX LANNING OF AUNTA- SIMARIA(GANGA BRIDGE WITH APPROACH ROADS) SECTION OF NH-31 NHAI,BIHAR","[N24001560],NHAI,RAJASTHAN",NHAI,BIHAR,2022-06,2025-03,21,30,1.43
N24000723,"REHABILITATION AND UPGRADATION OF TWO LANING OF MAHESHKHUNT - SAHARSA - PURNEA SECTION PKG - I NHAI,BIHAR","[N24001634],NHAI,HARYANA",NHAI,BIHAR,2022-06,2025-03,21,30,1.43
N24000734,"REHABILITATION AND UP- GRADATION OF EXISTING 2- LANE TO FOUR LANE FROM TALCHAR TO END OF KAMAKHYANAG NHAI,ODISHA","[N24001625],NHAI,TELANGANA",NHAI,ODISHA,2022-06,2025-03,21,30,1.43
N24000784,"6-LANING OF KOZHIKODE BYPASS (CALICUT BYPASS) (I.E. VENGALAM JN. TO RAMANATTUKARA JN.) SECTION OF NH NHAI,KERALA","[N24001625],NHAI,TELANGANA",NHAI,KERALA,2022-06,2025-03,21,30,1.43
N24000811,"CONSTRUCTION OF SIX LANING OF DEDICATED PORT ROAD TO KRISHNAPATNAM PORT (PACKAGE- I) KM 0+000 TO KM 1 NHAI,ANDHRA PRADESH","[N24001560],NHAI,RAJASTHAN",NHAI,ANDHRA PRADESH,2022-06,2025-03,21,30,1.43
N24000826,"FOUR LANINIG OF CHETTIKULAM TO NATHAM SECTION OF NH-785 FROM CHETTIKULUM (KM 7.300) TO NATHAM (KM. 3 NHAI,TAMIL NADU","[N24001560],NHAI,RAJASTHAN",NHAI,TAMIL NADU,2022-06,2025-03,21,30,1.43
N24000910,"REHABILITATION AND UP GRADATION TO 2 LANE WITH PAVED SHOULDER OF NH-703A FROM MAKHU (DESIGN CH 0 000 MoRTH,PUNJAB","[N24000967],MoRTH,ANDHRA PRADESH",MoRTH,PUNJAB,2022-06,2025-03,21,30,1.43
N24001158,"RECONSTRUCTION TO TWO LANE WITH PAVED SHOULDERS FROM DS. CH. 442+180 (EX. KM 448.00) TO DS. CH.485+2 MoRTH,KARNATAKA","[N24001289],MoRTH,ARUNACHAL PRADESH",MoRTH,KARNATAKA,2022-06,2025-03,21,30,1.43
N24001217,"REHABILITATION AND UPGRADATION OF NH 43 KANKER TO BEDMA SECTION KM. 130 TO 180 MoRTH,CHHATTISGA RH","[N24000967],MoRTH,ANDHRA PRADESH",MoRTH,CHHATISGARH,2022-06,2025-03,21,30,1.43
N24001221,"REHABILITATION AND UPGRADATION OF NH 78 FROM KM 373.505 TO 469.300 AMBIKAPUR TO PATHALGAON SECTION MoRTH,CHHATTISGA RH","[N24001289],MoRTH,ARUNACHAL PRADESH",MoRTH,CHHATISGARH,2022-06,2025-03,21,30,1.43
N24001590,"4L FROM KM 196.87 (SANKHA) TO KM 219.6 (KHAJURI) ON NH-75 [REHLA / GARHWA BYPASS] NHAI,JHARKHAND","[N24001719],NHAI,TAMIL NADU",NHAI,JHARKHAND,2023-04,2025-03,21,30,1.43
N24001721,"FOUR LANING OF MAMALLAPURAM TO MUGAIYUR SECTION OF NH332A FROM KM 0.000 TO KM 31.000 NHAI,TAMIL NADU","[N24001719],NHAI,TAMIL NADU",NHAI,TAMIL NADU,2023-04,2025-03,21,30,1.43
N28000086,"MUMBAI METRO LINE 3 (COLABA-BANDRA-SEEPZ) MMRCL,MAHARASHT RA",Mumbai Metro Rail Corporation Ltd,MMRCL,MAHARASHTRA,2022-06,2025-03,21,30,1.43
N28000104,"NSG AT KOLKATA 2 ""Overall progress 88% Hospital :",Cpwd For Mha,CPWD FOR MHA,WEST BENGAL,2022-06,2025-03,21,30,1.43
N28000121,MAHARASTRA METRO RAIL CORPORATION LTD. PUNE METRO RAIL PROJECT (PHASE 1) 19,Maharastra Metro Rail Corporation Ltd.,MMRC,MAHARASHTRA,2022-06,2025-03,21,30,1.43
N30000024,"SEWERAGE SCHEME INTERCEPTION AND DIVERSION WITH STP WORKS AT MEERUT UTTAR PRADESH UPJalNigam,UTTAR PRADESH",Uttar Pradesh Jal Nigam,UPJalNigam,UTTAR PRADESH,2022-06,2025-03,21,30,1.43
N30000027,I AND D AND STP WORKS FOR BHAGALPUR 9 Under Progre,Bihar Urban Infrastructure Development Corporation Ltd,BUIDCO,BIHAR,2022-06,2025-03,21,30,1.43
N30000032,"INTERCEPTION AND DIVERSION WITH STP AT MAHESHTALA KMDA,WEST BENGAL",Kolkata Metropolitan Development Authority,KMDA,WEST BENGAL,2022-06,2025-03,21,30,1.43
N45000002,"CONSTRUCTION OF HEADQUARTER BUILDING OF CRPF AT LODHI ROAD NEW DELHI CPWD FOR MHA,DELHI",Cpwd For Mha,CPWD FOR MHA,DELHI,2022-06,2025-03,21,30,1.43
N04000076,"CONSTRUCTION OF COMBINED OPERATIONAL OFFICES FOR DGCA, BCAS, AAIB, AERA AND AAI AT SAFDARJUNG AIRPOR AAI,DELHI",Airport Authority Of India Limited,AAI,DELHI,2022-06,2025-03,21,29,1.38
N06000126,BHARAT COKING COAL LIMITED MADHUBAND NLW WASHERY 1,Bharat Coking Coal Limited,BCCL,JHARKHAND,2022-06,2025-03,21,29,1.38
N16000234,BHARAT PETROLEUM CORPORATION LIMITED IRUGUR-DEVANGONTHI POL PIPELINE 1,Bharat Petroleum Corporation Limited,BPCL,TAMIL NADU,2022-06,2025-03,21,29,1.38
N16000239,"DEVELOPMENT PLAN OF CBM - BOKARO BLOCK ONGC,JHARKHAND",Oil & Natural Gas Corporation Limited,ONGC,JHARKHAND,2022-06,2025-03,21,29,1.38
N18000042,"VISHNUGAD PIPALKOTI HYDRO ELECTRIC PROJECT THDCIL,UTTARAKHA ND",Thdc India Limited,THDCIL,UTTARAKHAND,2022-06,2025-03,21,29,1.38
N18000250,"NORTH EASTERN REGION POWER SYSTEM IMPROVEMENT PROJECT (NERPSIP) FOR SIX (6) STATES PGCIL,MULTI STATE","[N18000331],PGCIL,MULTI STATE",PGCIL,MULTI STATE,2022-06,2025-03,21,29,1.38
N22000148,"GWALIOR-SEOPURKALA WITH EXTENSION TO KOTA (GC) NCR,MULTI STATE",North Central Railway,NCR,MULTI STATE,2022-06,2025-03,21,29,1.38
N22000207,"NEW BG LINE FROM JAGBANI TO BIRATNAGAR NFR,MULTI STATE",North East Frontier Railway,NFR,MULTI STATE,2022-06,2025-03,21,29,1.38
N22000219,"PIRPAINTI-JASIDIH 78 ""The Doubling work of Bazarsau",Eastern Railways,ER,MULTI STATE,2022-06,2025-03,21,29,1.38
N22000349,KIUL - GAYA DOUBLING PROJECT 44 c) Anpara - Krishn,East Central Railways,ECR,BIHAR,2022-06,2025-03,21,29,1.38
N22000485,ANUPPUR-KATNI 195 Himgir-Belpahar 13 Km and Brajra,South East Central Railway,SECR,MADHYA PRADESH,2022-06,2025-03,21,29,1.38
N22000508,"LODHMA TO PISKA LINK LINE BY PASSING HATIA/RANCHI WITH Y CONNECTION (17.2 KM) SER,JHARKHAND",South Eastern Railway,SER,JHARKHAND,2022-06,2025-03,21,29,1.38
N24000559,"FOUR LANNING OF RAMPUR- KATHGODAM SECTION OF NH-87 FROM KM 42.791 (DESIGN CHAINAGE 43.446) TO KM 88 NHAI,UTTARAKHAND","[N24000556],NHAI,UTTAR PRADESH",NHAI,UTTARAKHAND,2022-06,2025-03,21,29,1.38
N24000603,HOSPET-BELLARY-KARNATAKA AP BORDER 693 Physical p,"[N24001719],NHAI,TAMIL NADU",NHAI,KARNATAKA,2022-06,2025-03,21,29,1.38
N24000704,4-LANNING OF THALSERRY -MAHE BYPASS 737 Out of tot,KASHMIR,NHAI,KERALA,2022-06,2025-03,21,29,1.38
N24000739,"REHABILITATION AND UP- GRADATION TO 4-LANING OF RAJAMUNDA-BARKOTE SECTION OF NH-23 (NEW NH NO. 143) ( NHAI,ODISHA",KASHMIR,NHAI,ODISHA,2022-06,2025-03,21,29,1.38
N24001156,"WIDENING TO TWO LANE WITH PAVED SHOULDER FROM KM 544.200 TO KM 594.000 OF NH-150A HOSMANE CROSS – PA MoRTH,KARNATAKA","[N24001289],MoRTH,ARUNACHAL PRADESH",MoRTH,KARNATAKA,2022-06,2025-03,21,29,1.38
N24001162,"IMPROVEMENT AND RECONSTRUCTION TO TWO LANE WITH PAVED SHOULDERS FROM KM 489.845 (NEW KM.58.125) AN MoRTH,KARNATAKA",Ministry Of Road Transport And Highways (State Pwds),MoRTH,KARNATAKA,2022-06,2025-03,21,29,1.38
N24001185,"SIX LANING OF CHAKERI TO ALLAHABAD SECTION OF NH-2 FROM KM 483.687 TO KM 628.753 (DESIGN LENGTH – 14 NHAI,UTTAR PRADESH","[N24001625],NHAI,TELANGANA",NHAI,UTTAR PRADESH,2022-06,2025-03,21,29,1.38
N24001429,"FOUR LANÌNG OF PUDUCHERRY (KM.29/000) TO POONDIYANKUPPAM (KM.67/000) SECTION OF NH-45A ON HAM UNDER NHAI,TAMIL NADU","[N24000736],NHAI,ODISHA",NHAI,TAMIL NADU,2022-06,2025-03,21,29,1.38
N24001603,"4-LANING OF ODDANCHATRAM - MADATHUKULAM SECTION OF NH-209 (NEW NH-83) NHAI,TAMIL NADU","[N24001621],NHAI,JAMMU AND KASHMIR",NHAI,TAMIL NADU,2023-04,2025-03,21,29,1.38
N28000098,"ESTABLISHMENT OF NATIONAL ANIMAL RESOURCE FACILITY FOR BIOMEDICAL RESEARCH AT HYDERABAD CPWD FOR HEALTH,TELANGANA","[N28000112],CPWD FOR HEALTH,KERALA","CPWD FOR
HEALTH",TELANGANA,2022-06,2025-03,21,29,1.38
N28000131,"CONSTRUCTION OF PERMANENT CAMPUS IIT JAMMU (PHASE 1C) CPWD EDUCATION,JAMMU AND KASHMIR",Cpwd Of Higher Education,"CPWD
EDUCATION",JAMMU AND KASHMIR,2022-06,2025-03,21,29,1.38
N30000039,SAIDPUR SEWER NETWORK PATNA 3 Completed on june 2,Bihar Urban Infrastructure Development Corporation Ltd,BUIDCO,BIHAR,2022-06,2025-03,21,29,1.38
N42000008,"ESTABLISHMENT OF PERMANENT CAMPUS PHASE 1 OF IIM SIRMAUR CPWD EDUCATION,HIMACHAL PRADESH",Cpwd Of Higher Education,"CPWD
EDUCATION",HIMACHAL PRADESH,2022-06,2025-03,21,29,1.38
N04000073,"CONSTRUCTION OF NEW INTEGRATED TERMINAL BUILDING AT VSI AIRPORT, PORTBLAIR AAI,ANDAMAN AND NICOBAR ISLANDS",Airport Authority Of India Limited,AAI,ANDAMAN AND,2022-06,2025-03,21,28,1.33
N04000075,"UPGRADATION OF PASSENGER TERMINAL BUILDING AND AIRSIDE FACILITIES AT TIRUCHIRAPALLI INTERNATIONAL AI AAI,TAMIL NADU",Airport Authority Of India Limited,AAI,TAMIL NADU,2022-06,2025-03,21,28,1.33
N04000081,"AIRSIDE CAPACITY ENHANCEMENT OF NSBI AIRPORT, KOLKATA AAI,WEST BENGAL",Airport Authority Of India Limited,AAI,WEST BENGAL,2022-06,2025-03,21,28,1.33
N04000090,"DEVELOPMENT OF TUTICORIN AIRPORT 21 ""Package - 1 E",Airport Authority Of India Limited,AAI,TAMIL NADU,2022-06,2025-03,21,28,1.33
N16000235,HINDUSTAN PETROLEUM CORPORATION LIMITED VISAKH REFINERY MO,Hindustan Petroleum Corporation Limited,HPCL,ANDHRA PRADESH,2022-06,2025-03,21,28,1.33
N18000328,TS FOR EVACUATION OF POWER FROM PAKALDUL HEP IN CHENAB VALLEY HEPS - LTA SYSTEM (PGCIL ),"[N18000331],PGCIL,MULTI STATE",PGCIL,MULTI STATE,2022-06,2025-03,21,28,1.33
N22000273,BHANUPALI-BILASPUR BERI NL 153 174 km length commi,Rail Vikas Nigam Ltd.,RVNL,HIMACHAL PRADESH,2022-06,2025-03,21,28,1.33
N22000281,ANAND VIHAR-TILAK BRIDGE 3RD AND 4TH LINE 144 Proj,Northern Railway,NR,DELHI,2022-06,2025-03,21,28,1.33
N22000362,WARDHA - NAGPUR - 4TH LINE (76 KM) 9 The above Wor,Central Railways,CR,MAHARASHTRA,2022-06,2025-03,21,28,1.33
N22000468,"BURHWAL - GONDA - 3RD RUNNING LINE. NER,UTTAR PRADESH",North Eastern Railway,NER,UTTAR PRADESH,2022-06,2025-03,21,28,1.33
N24000187,4-LANNING OF CHAPRA-HAJIPUR 530 Physical progress,"[N24001634],NHAI,HARYANA",NHAI,BIHAR,2023-04,2025-03,21,28,1.33
N24000463,"4 LANING OF NH-31D FROM GHOSHPUKUR - SALSALABARI ( KM 0.00 TO KM . 83.785) NHAI,WEST BENGAL",KASHMIR,NHAI,WEST BENGAL,2022-06,2025-03,21,28,1.33
N24000465,AHMEDABAD METRO RAIL 4-LANING OF KASHIPUR-SITARGANJ SECTION 1,Ahmedabad Metro Rail,MEGA,UTTARAKHAND,2023-04,2025-03,21,28,1.33
N24000488,"FOUR LANING OF UDHAMBUR - RAMBAN SECTION OF NH-1A NHAI,JAMMU AND KASHMIR","[N24001560],NHAI,RAJASTHAN",NHAI,JAMMU AND KASHMIR,2022-06,2025-03,21,28,1.33
N24000531,"REHABILITATION AND UPGRADING TO 2 LANES/2 LANE WITH PAVED SHOULDERS (KM 40 TO KM 219.945) OF NH-104 MoRTH,BIHAR","[N24001289],MoRTH,ARUNACHAL PRADESH",MoRTH,BIHAR,2022-06,2025-03,21,28,1.33
N24000717,"CONSTRUCTION OF STAND ALONE RING ROAD/ BYPASS AROUND JAMMU CITY IN THE STATE OF J AND K ON EPC MODE NHAI,JAMMU AND KASHMIR","[N24000556],NHAI,UTTAR PRADESH",NHAI,JAMMU AND KASHMIR,2022-06,2025-03,21,28,1.33
N24000820,"Rehabilitation and up gradation to 2 lane with paved shoulder configuration from existing km. 122.00 MoRTH,ANDAMAN AND NICOBAR ISLANDS","[N24001289],MoRTH,ARUNACHAL PRADESH",MoRTH,ANDAMAN AND,2022-06,2025-03,21,28,1.33
N24000998,"WIDENING AND STRENGTHENING/ RECONSTRUCTION OF EXISTING PAVEMENT TO FOUR ALNE WITH PAVED SHOULDERS FR MoRTH,TELANGANA","[N24001289],MoRTH,ARUNACHAL PRADESH",MoRTH,TELANGANA,2022-06,2025-03,21,28,1.33
N24001132,BHOGAN KHURD TO KASHEDI 192 Physical progress for,Ministry Of Road Transport And Highways (State Pwds),MoRTH,MAHARASHTRA,2022-06,2025-03,21,28,1.33
N24001161,"WIDENING TO TWO LANE WITH PAVED SHOULDERS FROM 24.600 TO 70.063 OF MUDIGERE TO KADUR SECTION OF NH- MoRTH,KARNATAKA","[N24001289],MoRTH,ARUNACHAL PRADESH",MoRTH,KARNATAKA,2022-06,2025-03,21,28,1.33
N24001301,"6-LANING OF VIJAYAWADA BYPASS FROM GOLLAPUDI (DESIGN CH. 30+000) TO CHINNAKAKANI (DESIGN CH. 47+881) NHAI,ANDHRA PRADESH","[N24001572],NHAI,RAJASTHAN",NHAI,ANDHRA PRADESH,2022-06,2025-03,21,28,1.33
N24001369,"WIDENING TO 2 LANES WITH PAVED SHOULDERS FROM KM.87/000 TO 133/720 (NATTUKAL TO THANAU JN. IN PALAKK MoRTH,KERALA","[N24001289],MoRTH,ARUNACHAL PRADESH",MoRTH,KERALA,2022-06,2025-03,21,28,1.33
N24001534,"CONSTRUCTION OF FOUR-LANE GREENFIELD DELHI-AMRITSAR- KATRA EXPRESSWAY FROM JUNCTION WITH ROHTAK-PANIP NHAI,HARYANA","[N24001634],NHAI,HARYANA",NHAI,HARYANA,2023-04,2025-03,21,28,1.33
N24001601,"4-LANING OF KAMALAPURAM - ODDANCHATRAM SECTION OF NH-209 NHAI,TAMIL NADU","[N24001560],NHAI,RAJASTHAN",NHAI,TAMIL NADU,2023-04,2025-03,21,28,1.33
N24001602,"4-LANING OF MADATHUKULAM - POLLACHI SECTION OF NH-209 (NEW NH-83) NHAI,TAMIL NADU","[N24001625],NHAI,TELANGANA",NHAI,TAMIL NADU,2023-04,2025-03,21,28,1.33
N24001696,"FOUR LANING OF JITTANDAHALLI TO DHARMAPURI SECTION OF NH-844 (PKG-III) FROM KM.60+100 TO KM.94+460 NHAI,TAMIL NADU","[N24000556],NHAI,UTTAR PRADESH",NHAI,TAMIL NADU,2023-04,2025-03,21,28,1.33
N28000067,"2000 BOYS HOSTEL(1000 DOUBLE BEDDED ROOM) AT ISM DHANBAD CPWD EDUCATION,JHARKHAND",Cpwd Of Higher Education,"CPWD
EDUCATION",JHARKHAND,2022-06,2025-03,21,28,1.33
N28000148,"PATNA METRO RAIL CORPORATION LIMITED PATNA METRO RAI,BIHAR",Patna Metro Rail Corporation,"PATNA METRO
RAI",BIHAR,2022-06,2025-03,21,28,1.33
N30000014,"CONSTRUCTION OF 564 MLD 124 MGD WASTE WATER TREATMENT PLANT WITH EFFLUENT STANDARDS OF BOD – 10MG/L DJB,DELHI",Delhi Jal Board,DJB,DELHI,2022-06,2025-03,21,28,1.33
N30000021,"INTERCEPTION AND DIVERSION WORKS AND STP AT MUZAFFARNAGAR UTTAR PRADESH UPJalNigam,UTTAR PRADESH",Uttar Pradesh Jal Nigam,UPJalNigam,UTTAR PRADESH,2022-06,2025-03,21,28,1.33
N30000037,Bihar Urban Infrastructure Development Corporation Ltd SEW,Bihar Urban Infrastructure Development Corporation Ltd,BUIDCO,BIHAR,2022-06,2025-03,21,28,1.33
N42000005,"CONSTRUCTION OF PERMANENT CAMPUS FOR INDIAN INSTITUTE OF TECHNOLOGY TIRUPATI AT MERLAPAKA VILLAGE YE CPWD EDUCATION,ANDHRA PRADESH",Cpwd Of Higher Education,"CPWD
EDUCATION",ANDHRA PRADESH,2022-06,2025-03,21,28,1.33
060100093,"GEVRA EXPANSION OCP (SECL) (35-70) MTY SECL,CHHATTISGAR H",Singareni Colliers Company Limitted,SECL,CHHATISGARH,2022-06,2025-03,21,27,1.29
220100257,"KHAGARIA-KUSHESHWAR ASTHAN (NL) (ECR) 20 """"""(A) Na",East Central Railways,ECR,BIHAR,2022-06,2025-03,21,27,1.29
220100305,"KODERMA-TILAIYA (NL), ECR 23 """"""a) Harnagar-Kushes",East Central Railways,ECR,JHARKHAND,2022-06,2025-03,21,27,1.29
N04000080,"CONSTRUCTION OF ATC TOWER AND TECHNICAL BLOCK AT NSCBI AIRPORT KOLKATA AAI,WEST BENGAL",Airport Authority Of India Limited,AAI,WEST BENGAL,2022-06,2025-03,21,27,1.29
N04000082,"CONSTRUCTION OF NEW DORNESTIC TERMINAL BUILDING AND OTHER STRUCTURES, PHASE I AND II AAI,BIHAR",Airport Authority Of India Limited,AAI,BIHAR,2022-06,2025-03,21,27,1.29
N04000096,"EXTENSION OF RUNWAY WITH BLAST PAD, RESA, TAXIWAY, APRON, GSE AREA, ISOLATION BAY, NEW DOMESTIC TERM AAI,MAHARASHTRA",Airport Authority Of India Limited,AAI,MAHARASHTRA,2022-06,2025-03,21,27,1.29
N04000098,"DEVELOPMENT OF GWALIOR AIRPORT PHASE 01 AAI,MADHYA PRADESH",Airport Authority Of India Limited,AAI,MADHYA PRADESH,2022-06,2025-03,21,27,1.29
N06000045,"PELMA OCP(15.00MTY) 79 ""Placing of proposal for (1",Singareni Colliers Company Limitted,SECL,CHHATISGARH,2022-06,2025-03,21,27,1.29
N06000096,"MURAIDIH UG TURN-KEY PROJECT 2 ""1. Very slow progr",Bharat Coking Coal Limited,BCCL,JHARKHAND,2022-06,2025-03,21,27,1.29
N06000104,CHHAL OC SEAM -III (6.00 MTY) 79 Completion of con,Singareni Colliers Company Limitted,SECL,CHHATISGARH,2022-06,2025-03,21,27,1.29
N06000112,BASUNDHARA (WEST) OC EXTN(7.00 MTY) 38 This proje,Mahanadi Coal Fields Limited,MCL,ODISHA,2022-06,2025-03,21,27,1.29
N06000123,AMERA OC RCE 83 Planning Committee of PR by UG wor,Singareni Colliers Company Limitted,SECL,CHHATISGARH,2022-06,2025-03,21,27,1.29
N06000135,AMGAON OPENCAST PROJECT RCE 87 Proposal is under r,Singareni Colliers Company Limitted,SECL,CHHATISGARH,2022-06,2025-03,21,27,1.29
N06000154,"NILJAI EXPANSION (DEEP) OC (3.5 MTY) WCL,MULTI STATE",Western Coal Fields Limited,WCL,MULTI STATE,2022-06,2025-03,21,27,1.29
N06000161,"KAKATIYAKHANI OPENCAST III PROJECT PHASE-1 SCCL,TELANGANA",Singareni Colliers Company Limitted,SCCL,TELANGANA,2022-06,2025-03,21,27,1.29
N06000179,"UKNI DEEP OC 107 ""MoEF&CC issued amendment vis-a-v",Western Coal Fields Limited,WCL,MAHARASHTRA,2022-06,2025-03,21,27,1.29
N06000184,"BLOCK-B EXPANSION OPENCAST PROJECT NCL,MADHYA PRADESH",Northern Coal Fields Limited,NCL,MADHYA PRADESH,2022-06,2025-03,21,27,1.29
N06000186,TETARIAKHAR EXPANSION OCP 10 Coal Production and O,Central Coal Fields Limited,CCL,JHARKHAND,2022-06,2025-03,21,27,1.29
N06000203,NAINI COAL MINE 72 Project grounded from 01.02.020,Singareni Colliers Company Limitted,SCCL,ODISHA,2022-06,2025-03,21,27,1.29
N06000204,VENKATESH KHANI COAL MINE 73 Naini Coal block was,Singareni Colliers Company Limitted,SCCL,TELANGANA,2022-06,2025-03,21,27,1.29
N06000210,"RCE OF RAMAGUNDAM OPENCAST II EXTENSION PROJECT SCCL,TELANGANA",Singareni Colliers Company Limitted,SCCL,TELANGANA,2022-06,2025-03,21,27,1.29
N06000213,"RCE OF KALYANIKHANI OPENCAST PROJECT SCCL,TELANGANA",Singareni Colliers Company Limitted,SCCL,TELANGANA,2022-06,2025-03,21,27,1.29
N06000232,JAGANNATHPUR OC RCE (3.0 MTY) 89 Approval of compe,Singareni Colliers Company Limitted,SECL,CHHATISGARH,2022-06,2025-03,21,27,1.29
N06000249,"SUBHADRA OCP MCL,ODISHA",Mahanadi Coal Fields Limited,MCL,ODISHA,2022-06,2025-03,21,27,1.29
N10000014,"25.5 MW WIND POWER PROJECT AT KAYATHAR IN TAMILNADU NALCO,TAMIL NADU",National Aluminum Company Limited (Nalco),NALCO,TAMIL NADU,2022-06,2025-03,21,27,1.29
N16000343,"REVAMPING OF FACILITIES AT VIZAG TERMINAL IOCL,ANDHRA PRADESH",Indian Oil Corporation Limited,IOCL,ANDHRA PRADESH,2022-06,2025-03,21,27,1.29
N16000391,DHAMRA HALDIA PIPELINE PROJECT 28 SAPL Mainline (4,Gas Authority Of India Limited,GAIL,MULTI STATE,2022-06,2025-03,21,27,1.29
N16000396,"INTEGRATED PARA XYLENE (PX) AND PURIFIED TEREPHTHALIC ACID (PTA) PROJECT AT PARADIP REFINERY IOCL,ODISHA",Indian Oil Corporation Limited,IOCL,ODISHA,2022-06,2025-03,21,27,1.29
N16000426,"CGD PROJECT AT NAWADA AND KODERMA DISTRICTS IOCL,MULTI STATE",Indian Oil Corporation Limited,IOCL,MULTI STATE,2022-06,2025-03,21,27,1.29
N16000431,"REDEVELOPMENT OF SOBHASAN COMPLEX 145 ""Facilities:",Oil & Natural Gas Corporation Limited,ONGC,GUJARAT,2022-06,2025-03,21,27,1.29
N16000435,"NEW MUNDRA-PANIPAT CRUDE OIL PIPELINE IOCL,RAJASTHAN",Indian Oil Corporation Limited,IOCL,RAJASTHAN,2022-06,2025-03,21,27,1.29
N16000442,"DEBOTTLENECKING AND AUGMENTATION OF CRYOGENIC FACILITIES AT URAN LPG IMPORT TERMINAL BPCL,MAHARASHTR A",Bharat Petroleum Corporation Limited,BPCL,MAHARASHTRA,2022-06,2025-03,21,27,1.29
N18000142,"LATA-TAPOVAN HYDRO ELECTRIC POWER PROJECT 3X57 MW NTPC,UTTARAKHAND",National Thermal Power Corporation,NTPC,UTTARAKHAND,2022-06,2025-03,21,27,1.29
N18000172,"PAKAL DUL HYDRO ELECTRIC PROJECT (1000 MW) CVPPPL,JAMMU AND KASHMIR",Chenab Velley Power Projects [P] Limited,CVPPPL,JAMMU AND KASHMIR,2022-06,2025-03,21,27,1.29
N18000278,"KIRU HYDRO ELECTRIC PROJECT CVPPPL,JAMMU AND KASHMIR",Chenab Velley Power Projects [P] Limited,CVPPPL,JAMMU AND KASHMIR,2022-06,2025-03,21,27,1.29
N18000293,BHENSARA 320 MW 34 CMCS building civil work in pro,National Thermal Power Corporation,NTPC,RAJASTHAN,2022-06,2025-03,21,27,1.29
N18000297,"BAGODARA SOLAR POWER PROJECT 85 ""i) Civil & HM Wor",Satluj Jal Vidyut Nigam Limited,SJVN,GUJARAT,2022-06,2025-03,21,27,1.29
N18000321,NOKH PLOT-2 SOLAR PV PROJECT 245MW 29 Topography s,National Thermal Power Corporation,NTPC,RAJASTHAN,2022-06,2025-03,21,27,1.29
N18000324,"RATLE HE PROJECT 8 ""¿ Site/Land development activi",Chenab Velley Power Projects [P] Limited,NHPC,JAMMU AND KASHMIR,2022-06,2025-03,21,27,1.29
N18000330,TRANSMISSION SYSTEM STRENGTHENING FOR SRINAGAR- LEH TRANSMISSION SYSTEM (PGCIL ),Power Grid Corporation Of India Limited,PGCIL,MULTI STATE,2022-06,2025-03,21,27,1.29
N21000029,"CONSTRUCTION OF AIIMS AT JAMMU VIJAYPUR, SAMBA JAMMU AND KASHMIR CPWD FOR HEALTH,JAMMU AND KASHMIR","[N28000112],CPWD FOR HEALTH,KERALA","CPWD FOR
HEALTH",JAMMU AND KASHMIR,2022-06,2025-03,21,27,1.29
N22000108,"NEW WORK FOR CONSTRUCTION OF METRO RAILWAY FROM NOAPARA-BARASAI VIA BIMANBANDER (MTP) KOMRCL,WEST BENGAL",Kolkata Metro Rail Corporation Limited,KOMRCL,WEST BENGAL,2022-06,2025-03,21,27,1.29
N22000171,"SAKRI-HASANPUR ROAD (NL) 19 """"""Sidhwar? Shanki (26",East Central Railways,ECR,BIHAR,2022-06,2025-03,21,27,1.29
N22000250,WARDHA-SEWAGRAM NGP 3RD LINE 4 The total land requ,Central Railways,CR,MAHARASHTRA,2022-06,2025-03,21,27,1.29
N22000279,RAYADURGA-TUMKUR NL 140 suggested by the committee,South Western Railway,SWR,MULTI STATE,2022-06,2025-03,21,27,1.29
N22000299,GADAG-WADI NL 218 Expenditure/commitment on this p,South Western Railway,SWR,KARNATAKA,2022-06,2025-03,21,27,1.29
N22000316,BHADRAK - NERGUNDI 3RD LINE 52 3.0Km Linking with,East Coast Railway,ECOR,ODISHA,2022-06,2025-03,21,27,1.29
N22000329,SAMASTIPUR-DARBANGHA 25 a) Jaynagar - Kurtha (35 K,East Central Railways,ECR,BIHAR,2022-06,2025-03,21,27,1.29
N22000350,"RAMPUR DUMRA - TAL - RAJENDRAPUL DOUBLING INCLUDING GANGA BRIDGE ECR,BIHAR",East Central Railways,ECR,BIHAR,2022-06,2025-03,21,27,1.29
N22000358,"ITARSI-NAGPUR (BAL.) - 3RD LINE (267 KM) CR,MAHARASHTRA",Central Railways,CR,MAHARASHTRA,2022-06,2025-03,21,27,1.29
N22000361,"MANMAD - JALGAON - 3RD LINE (160 KM) CR,MAHARASHTRA",Central Railways,CR,MAHARASHTRA,2022-06,2025-03,21,27,1.29
N22000377,KOTTAVALSA - KORAPUT DOUBLING 56 1000m of track li,East Coast Railway,ECOR,ANDHRA PRADESH,2022-06,2025-03,21,27,1.29
N22000381,"BUDHAPANK - SALEGAON VIA RAJATGARH 3RD AND 4TH LINE. ECOR,ODISHA",East Coast Railway,ECOR,ODISHA,2022-06,2025-03,21,27,1.29
N22000399,TRIVANDRUM-KANYAKUMARI DOUBLING 240 Final Location,Southern Railway,SR,KERALA,2022-06,2025-03,21,27,1.29
N22000418,"EXECUTION OF RAIL CONNECTIVITY PROJECT FOR COAL TRANSPORTATION IN ODISHA FOR MCRL IRCON,ODISHA",Indian Railway Construction Company Limited,IRCON,ODISHA,2022-06,2025-03,21,27,1.29
N22000434,"MUMBAI CENTRAL VIRAR VADODARA AHMEDABAAD TRAIN PROTECTION SYSTEM 500 RKM WR,MAHARASHTRA",Western Railway,WR,MAHARASHTRA,2022-06,2025-03,21,27,1.29
N22000503,"NIMACH BADI SADRI NEW LINE PROJECT WR,MADHYA PRADESH",Western Railway,WR,MADHYA PRADESH,2022-06,2025-03,21,27,1.29
N22000505,"MEHSANA PALANPUR DOUBLING PROJECT 65.10 KMS WR,GUJARAT",Western Railway,WR,GUJARAT,2022-06,2025-03,21,27,1.29
N22000506,"NARAYANGARH TO BHADRAK 3RD LINE (155 KM) SER,MULTI STATE",South Eastern Railway,SER,MULTI STATE,2022-06,2025-03,21,27,1.29
N24000247,"REHABILITATION AND UPGRADATION OF NH-221 FROM KM 121/0 TO 165/00 (OF VIJAYAWADA-JAGDALPUR RUDRAMPUR MoRTH,TELANGANA","[N24001289],MoRTH,ARUNACHAL PRADESH",MoRTH,TELANGANA,2022-06,2025-03,21,27,1.29
N24000301,"REHABILITATION AND UPGRADATION OF NH-219 FROM KM 58-600 TO KM 140-750 IN THE STATE OF ANDHRA PRADES MoRTH,ANDHRA PRADESH","[N24001289],MoRTH,ARUNACHAL PRADESH",MoRTH,ANDHRA PRADESH,2022-06,2025-03,21,27,1.29
N24000334,"STRENGTHENING AND WIDENING TO TWO LANE WITH PAVED SHOULDERS FROM KM.106.00 TO 153.00 OF NH-218 BIJAP MoRTH,KARNATAKA","[N24001289],MoRTH,ARUNACHAL PRADESH",MoRTH,KARNATAKA,2022-06,2025-03,21,27,1.29
N24000382,"REHABILITATION AND UPGRADING TO 2 LANES/2 LANE WITH PAVED SHOULDERS CONFIGURATION OF BIRPUR - BIHPUR MoRTH,BIHAR","[N24001289],MoRTH,ARUNACHAL PRADESH",MoRTH,BIHAR,2022-06,2025-03,21,27,1.29
N24000560,NAGPUR RING ROAD PACKAGE-2 669 Physical progress a,KASHMIR,NHAI,MAHARASHTRA,2022-06,2025-03,21,27,1.29
N24000569,"FOUR LANING OF KAGAVADAR - UNA SECTION OF NH-8E FROM KM 139.915 TO KM 180.478 (PACKAGE- IV) IN THE ST NHAI,GUJARAT",KASHMIR,NHAI,GUJARAT,2022-06,2025-03,21,27,1.29
N24000570,"FOUR LANING OF UNA TO KODINAR OF NH-8E FROM KM. 180.478 TO KM 221.610 (PACKAGE-V) IN THE STATE OF GU NHAI,GUJARAT",KASHMIR,NHAI,GUJARAT,2022-06,2025-03,21,27,1.29
N24000592,"4-LANNING OF KODINAR TO VERAVAL SECTION OF NH-8E FROM KM 221.610 TO KM 263.000 NHAI,GUJARAT","[N24001560],NHAI,RAJASTHAN",NHAI,GUJARAT,2022-06,2025-03,21,27,1.29
N24000697,"FOUR LANNING OF CHOLOPURAM-THANJAVUR NHAI,TAMIL NADU",KASHMIR,NHAI,TAMIL NADU,2022-06,2025-03,21,27,1.29
N24000726,"SIX LANING OF BIHAR - JHARKHAND BORDER (CHORDAHA) TO GORHAR SECTION NHAI,JHARKHAND","[N24000662],NHAI,PUNJAB",NHAI,JHARKHAND,2022-06,2025-03,21,27,1.29
N24000733,"REHABILITATION AND UP- GRADATION OF EXISTING 2- LANE TO 4 LANE OF DUBURI (KM 388.376) TO CHANDIKHOLE ( NHAI,ODISHA","[N24000556],NHAI,UTTAR PRADESH",NHAI,ODISHA,2022-06,2025-03,21,27,1.29
N24000773,"RECONSTRUCTION WITH GEOMETRIC IMPROVEMENT OF EXISTING 2 LANE/INTERMEDIATE LANE TO 2LANE WITH PAVED S MoRTH,UTTARAKHAND","[N24001289],MoRTH,ARUNACHAL PRADESH",MoRTH,UTTARAKHAND,2022-06,2025-03,21,27,1.29
N24000774,"WIDENING OF EXISTING SINGLE LANE ROAD TO TWO LANE WITH PAVED SHOULDERS CONFIGURATION FROM KM. 235.00 MoRTH,UTTARAKHAND",Ministry Of Road Transport And Highways (State Pwds),MoRTH,UTTARAKHAND,2022-06,2025-03,21,27,1.29
N24000775,"RECONSTRUCTION WITH GEOMETRIC IMPROVEMENT OF EXISTING 2 LANE/INTERMEDIATE LANE TO 2LANE WITH PAVED S MoRTH,UTTARAKHAND","[N24000967],MoRTH,ANDHRA PRADESH",MoRTH,UTTARAKHAND,2022-06,2025-03,21,27,1.29
N24000777,"RECONSTRUCTION WITH GEOMETIC IMPROVEMENT OF SINGLE LANE TO 2- LANE WITH PAVED SHOULDER CONFIGURATION MoRTH,UTTARAKHAND","[N24001289],MoRTH,ARUNACHAL PRADESH",MoRTH,UTTARAKHAND,2022-06,2025-03,21,27,1.29
N24000782,"REHABILITATION AND UPGRADATION OF 2 LANE WITH PAVED SHOULDER FROM EXISTING KM. 195.175 TO KM. 220.00 MoRTH,UTTARAKHAND","[N24001289],MoRTH,ARUNACHAL PRADESH",MoRTH,UTTARAKHAND,2022-06,2025-03,21,27,1.29
N24000795,(N24000795 ) UP-GRADATION TO TWO LANING WITH PAVED SHOULDER OF AJMER-NAGAUR SECTION BY EXECUTING BALANCE WORK FRO (MoRTH ),"[N24000662],NHAI,PUNJAB",NHAI,RAJASTHAN,2022-06,2025-03,21,27,1.29
N24000821,"RECONSTRUCTION WITH GEOMETRIC IMPROVEMENT OF EXISTING 2 LANE/INTERMEDIATE LANE TO 2LANE WITH PAVED S NHIDCL,ANDAMAN AND NICOBAR ISLANDS","[N24000967],MoRTH,ANDHRA PRADESH",NHIDCL,ANDAMAN AND,2022-06,2025-03,21,27,1.29
N24000855,"CONSTRUCTION OF 4.5 KM LONG SILKYARA TUNNEL BETWEEN KM 25.40 TO 50.25 KM (TUNNEL WORK) NHIDCL,UTTARAKHA ND","[N24000967],MoRTH,ANDHRA PRADESH",NHIDCL,UTTARAKHAND,2022-06,2025-03,21,27,1.29
N24000909,"JALANDHAR-HOSHIARPUR SECTION OF NH-70 [NEW NH NO. 3] FROM EXISTING KM 11.400 TO KM 49.200 MoRTH,PUNJAB","[N24001289],MoRTH,ARUNACHAL PRADESH",MoRTH,PUNJAB,2022-06,2025-03,21,27,1.29
N24000912,"WIDENING TO 2LPS FROM 0/0 TO 119/0 OF NH-157 IN THE STATE OF ODISHA. MoRTH,ODISHA","[N24001380],MoRTH,TAMIL NADU",MoRTH,ODISHA,2022-06,2025-03,21,27,1.29
N24000914,"WIDENING TO 2LPS FROM 239/9 TO 294/3 OF NH-57 (NAYAGARH TO KHURDA) IN THE STATE OF ODISHA MoRTH,ODISHA","[N24001289],MoRTH,ARUNACHAL PRADESH",MoRTH,ODISHA,2022-06,2025-03,21,27,1.29
N24000937,"REHABILITATION AND UPGRADATION OF NEW NH-544DD FROM DESIGN CHAINAGE KM 56.00 TO 102.20 OF KALYANDURG MoRTH,ANDHRA PRADESH","[N24001289],MoRTH,ARUNACHAL PRADESH",MoRTH,ANDHRA PRADESH,2022-06,2025-03,21,27,1.29
N24000980,(N24000980 ) WIDEINING TO TWO/FOUR LANE WITH PAVED SHOULDERS FROM EXISTING KM 180.60 TO KM 223.00 OF NH- 63 ON NIZ (MoRTH ),"[N24000967],MoRTH,ANDHRA PRADESH",MoRTH,TELANGANA,2022-06,2025-03,21,27,1.29
N24000982,"WIDENING TO TWO LANE WITH PAVED SHOULDERS FROM KM 40/410 TO KM 84/037OF THIRUMALAGIRI TO SURYAPET SE MoRTH,TELANGANA","[N24001289],MoRTH,ARUNACHAL PRADESH",MoRTH,TELANGANA,2022-06,2025-03,21,27,1.29
N24000984,"WIDENING TO TWO LANE WITH PAVED SHOULDERS FROM KM 15.525 TO KM 62.880 OF JADCHERLA-KALWAKURTHY SECTI MoRTH,TELANGANA","[N24001289],MoRTH,ARUNACHAL PRADESH",MoRTH,TELANGANA,2022-06,2025-03,21,27,1.29
N24000986,"WIDENING TO TWO LANE WITH PAVED SHOULDERS FROM KM 67.00 TO 114.425 OF KALWAKURTHY-MALLEPALLY SECTION MoRTH,TELANGANA",Ministry Of Road Transport And Highways (State Pwds),MoRTH,TELANGANA,2022-06,2025-03,21,27,1.29
N24000987,(N24000987 ) WIDENING AND STRENGTHENING OF EXISTING 2-LANE TO 2-LANE WITH PAVED SHOULDERS FROM KM.159/0 TO 165/4 (MoRTH ),"[N24001289],MoRTH,ARUNACHAL PRADESH",MoRTH,TELANGANA,2022-06,2025-03,21,27,1.29
N24000989,"WIDENING AND STRENGTHENING OF EXISTING CARRIAGEWAY IN 2 LANE WITH PAVED SHOULDERS FROM KM.25/0 TO 59 MoRTH,TELANGANA","[N24001289],MoRTH,ARUNACHAL PRADESH",MoRTH,TELANGANA,2022-06,2025-03,21,27,1.29
N24001002,SARSAM TO KOTHARI 54 This Project was approved on,"[N24001289],MoRTH,ARUNACHAL PRADESH",MoRTH,MAHARASHTRA,2022-06,2025-03,21,27,1.29
N24001003,AKOLA TO AKOT 112 Physical progress for the month,"[N24001289],MoRTH,ARUNACHAL PRADESH",MoRTH,MAHARASHTRA,2022-06,2025-03,21,27,1.29
N24001017,DAHEGAON TO KUHI 105 Physical progress for the mon,"[N24001289],MoRTH,ARUNACHAL PRADESH",MoRTH,MAHARASHTRA,2022-06,2025-03,21,27,1.29
N24001018,BHANDARA TO GHOTITOK 104 Physical progress for the,"[N24001289],MoRTH,ARUNACHAL PRADESH",MoRTH,MAHARASHTRA,2022-06,2025-03,21,27,1.29
N24001022,WADI TO ASOLA 87 Physical progress for the month o,"[N24001289],MoRTH,ARUNACHAL PRADESH",MoRTH,MAHARASHTRA,2022-06,2025-03,21,27,1.29
N24001027,SHAHPUR PATGAON SECTION I 230 Physical progress fo,"[N24001289],MoRTH,ARUNACHAL PRADESH",MoRTH,MAHARASHTRA,2022-06,2025-03,21,27,1.29
N24001050,VITA TO NAGAJ 293 Physical progress for the month,"[N24001289],MoRTH,ARUNACHAL PRADESH",MoRTH,MAHARASHTRA,2022-06,2025-03,21,27,1.29
N24001058,KARWANDI TO RAJURI 292 Physical progress for the m,"[N24000967],MoRTH,ANDHRA PRADESH",MoRTH,MAHARASHTRA,2022-06,2025-03,21,27,1.29
N24001060,PALPHATA TO PHULAMBARI 290 Physical progress for t,"[N24000967],MoRTH,ANDHRA PRADESH",MoRTH,MAHARASHTRA,2022-06,2025-03,21,27,1.29
N24001069,NANDED TO JALKOT 213 Physical progress for the mon,Ministry Of Road Transport And Highways (State Pwds),MoRTH,MAHARASHTRA,2022-06,2025-03,21,27,1.29
N24001078,PUNE TO MALE VILLAGE 267 Physical progress for the,"[N24001289],MoRTH,ARUNACHAL PRADESH",MoRTH,MAHARASHTRA,2022-06,2025-03,21,27,1.29
N24001079,ARDHAPUR TO HIMAYATNAGAR 212 Physical progress for,"[N24001289],MoRTH,ARUNACHAL PRADESH",MoRTH,MAHARASHTRA,2022-06,2025-03,21,27,1.29
N24001082,"PUNE RAIGARH DISTRICT BORDER TO MANGAON MoRTH,MAHARASHTRA","[N24001289],MoRTH,ARUNACHAL PRADESH",MoRTH,MAHARASHTRA,2022-06,2025-03,21,27,1.29
N24001092,SATARA TO MHASWAD 133 Physical progress for the mo,"[N24001289],MoRTH,ARUNACHAL PRADESH",MoRTH,MAHARASHTRA,2022-06,2025-03,21,27,1.29
N24001099,MHASWAD TO TEMBHURNI 131 Physical progress for the,"[N24001289],MoRTH,ARUNACHAL PRADESH",MoRTH,MAHARASHTRA,2022-06,2025-03,21,27,1.29
N24001102,PANDHARPUR TO SANGOLA 188 Projec approved in June’,"[N24000967],MoRTH,ANDHRA PRADESH",MoRTH,MAHARASHTRA,2022-06,2025-03,21,27,1.29
N24001106,PEN TO KHOPOLI 260 Physical progress for the month,"[N24001289],MoRTH,ARUNACHAL PRADESH",MoRTH,MAHARASHTRA,2022-06,2025-03,21,27,1.29
N24001107,"PANCHARAL TO MANDANGHAR MoRTH,MAHARASHT RA","[N24000967],MoRTH,ANDHRA PRADESH",MoRTH,MAHARASHTRA,2022-06,2025-03,21,27,1.29
N24001111,KOLHA TO NASRATPUR 67 Physical progress for the mo,"[N24001289],MoRTH,ARUNACHAL PRADESH",MoRTH,MAHARASHTRA,2022-06,2025-03,21,27,1.29
N24001123,SHIRUR TO KHARDA 168 Phyiscal progress for the mon,"[N24001289],MoRTH,ARUNACHAL PRADESH",MoRTH,MAHARASHTRA,2022-06,2025-03,21,27,1.29
N24001124,AURANGABAD TO SILLOD 167 Physical progress for the,Ministry Of Road Transport And Highways (State Pwds),MoRTH,MAHARASHTRA,2022-06,2025-03,21,27,1.29
N24001125,SILLOD TO FARDAPUR 166 Physical progress for the m,"[N24001289],MoRTH,ARUNACHAL PRADESH",MoRTH,MAHARASHTRA,2022-06,2025-03,21,27,1.29
N24001127,KUMBHARI PHTA TO DEULGAON RAJA 164 Project under i,"[N24001289],MoRTH,ARUNACHAL PRADESH",MoRTH,MAHARASHTRA,2022-06,2025-03,21,27,1.29
N24001134,KANTE TO WAKED 59 The work was sanctioned on 31.03,"[N24001380],MoRTH,TAMIL NADU",MoRTH,MAHARASHTRA,2022-06,2025-03,21,27,1.29
N24001138,PARLI PIMPLA DAHIGUDA 176 Project approved in Feb’,"[N24001289],MoRTH,ARUNACHAL PRADESH",MoRTH,MAHARASHTRA,2022-06,2025-03,21,27,1.29
N24001159,"WIDENING TO TWO LANE WITH PAVED SHOULDERS FROM KM 20.150 TO KM 40.00 OF BC ROAD KOTTIGEHARA SECTION MoRTH,KARNATAKA","[N24001289],MoRTH,ARUNACHAL PRADESH",MoRTH,KARNATAKA,2022-06,2025-03,21,27,1.29
N24001164,"WIDENING TO 2 LANE WITH PAVED SHOULDERS FROM KM 0 TO 54 OF NH-50 UNDER EPC MODE IN THE STATE OF KARN MoRTH,KARNATAKA","[N24001289],MoRTH,ARUNACHAL PRADESH",MoRTH,KARNATAKA,2022-06,2025-03,21,27,1.29
N24001166,"WIDENING TWO LANE WITH PAVED SHOULDERS FROM FROM KM.56.00 TO 106.00 OF NH-218 (218- KNT-2014-15-775) MoRTH,KARNATAKA","[N24001289],MoRTH,ARUNACHAL PRADESH",MoRTH,KARNATAKA,2022-06,2025-03,21,27,1.29
N24001168,"ESTIMATE FOR WIDENING TWO LANE TO FOUR LANE FROM FROM KM.129.00 TO 144.00 OF NH-63 ANKOLA-GOOTY SECT MoRTH,KARNATAKA","[N24001289],MoRTH,ARUNACHAL PRADESH",MoRTH,KARNATAKA,2022-06,2025-03,21,27,1.29
N24001172,"WIDENING TO TWO LANE WITH PAVED SHOULDER FROM KM 4.40 TO KM 56.00 OF NH-218 BIJAPURA-HUBLI SECTION U MoRTH,KARNATAKA","[N24000967],MoRTH,ANDHRA PRADESH",MoRTH,KARNATAKA,2022-06,2025-03,21,27,1.29
N24001228,"UPGRADATION AND WIDENING OF BILASPUR TO MUNGELI SECTION NH-130A MoRTH,CHHATTISGA RH","[N24001289],MoRTH,ARUNACHAL PRADESH",MoRTH,CHHATISGARH,2022-06,2025-03,21,27,1.29
N24001266,"UP-GRADATION TO 2-LANE WITH PAVED SHOULDER FROM KM 20.300 TO KM 29.030 OF 8.730 KM LENGTH ON GOHA-K NHIDCL,JAMMU AND KASHMIR","[N24000967],MoRTH,ANDHRA PRADESH",NHIDCL,JAMMU AND KASHMIR,2022-06,2025-03,21,27,1.29
N24001304,"BALANCE WORK OF 4- LANING OF PATNA-GAYA- DOBHI SECTION (KM. 39.00 TO KM. 83.00) OF NH-83 IN THE STATE NHAI,BIHAR","[N24001625],NHAI,TELANGANA",NHAI,BIHAR,2022-06,2025-03,21,27,1.29
N24001306,"TWO / FOUR LANING OF RAEBARELI - JAGDISHPUR SECTION OF NH-330A FROM KM. 0.000 TO KM. 47.800 (DESIGN NHAI,UTTAR PRADESH","[N24001621],NHAI,JAMMU AND KASHMIR",NHAI,UTTAR PRADESH,2022-06,2025-03,21,27,1.29
N24001323,"KHELLANI-KHANABAL PKG-1 NHIDCL,JAMMU AND KASHMIR","[N24000967],MoRTH,ANDHRA PRADESH",NHIDCL,JAMMU AND KASHMIR,2022-06,2025-03,21,27,1.29
N24001341,"KHELLANI-KHANABAL PKG-3 NHIDCL,JAMMU AND KASHMIR","[N24000967],MoRTH,ANDHRA PRADESH",NHIDCL,JAMMU AND KASHMIR,2022-06,2025-03,21,27,1.29
N24001343,"KARGIL-ZANSKR PACKAGE-1 NHIDCL,LADAKH","[N24000967],MoRTH,ANDHRA PRADESH",NHIDCL,LADAKH,2022-06,2025-03,21,27,1.29
N24001345,"KARGIL-ZANSKR PACKAGE-3 NHIDCL,LADAKH","[N24000967],MoRTH,ANDHRA PRADESH",NHIDCL,LADAKH,2022-06,2025-03,21,27,1.29
N24001348,"KARGIL-ZANSKR PACKAGE-8 NHIDCL,LADAKH","[N24000967],MoRTH,ANDHRA PRADESH",NHIDCL,LADAKH,2022-06,2025-03,21,27,1.29
N24001377,"MOHOL TO WAKHARI PACKAGE1 SANT DNYANESHWAR MAHARAJ PALKHI MARG SECTION OF NH965 NHAI,MAHARASHTRA","[N24001719],NHAI,TAMIL NADU",NHAI,MAHARASHTRA,2022-06,2025-03,21,27,1.29
N24001379,"KHUDUS TO DHARAMPURI PACKAGE 3 SANT DNYANESHWAR MAHARAJ PALKHI MARG SECTION OF NH965 NHAI,MAHARASHTRA","[N24000662],NHAI,PUNJAB",NHAI,MAHARASHTRA,2022-06,2025-03,21,27,1.29
N24001388,"CONSTRUCTION OF MAJOR BRIDGE ACROSS SHARAVATHI BACKWATERS AND APPROCHES BETWEEN AMBARGODU AND KALASA MoRTH,KARNATAKA","[N24001289],MoRTH,ARUNACHAL PRADESH",MoRTH,KARNATAKA,2022-06,2025-03,21,27,1.29
N24001395,"KHELLANI-KHANABAL PKG-4 NHIDCL,JAMMU AND KASHMIR","[N24000967],MoRTH,ANDHRA PRADESH",NHIDCL,JAMMU AND KASHMIR,2022-06,2025-03,21,27,1.29
N24001396,"KHELLANI-KHANABAL PKG-5 NHIDCL,JAMMU AND KASHMIR","[N24000967],MoRTH,ANDHRA PRADESH",NHIDCL,JAMMU AND KASHMIR,2022-06,2025-03,21,27,1.29
N24001397,"GOHA-KHELLANI PKG-3 NHIDCL,JAMMU AND KASHMIR","[N24000967],MoRTH,ANDHRA PRADESH",NHIDCL,JAMMU AND KASHMIR,2022-06,2025-03,21,27,1.29
N24001411,"4L+PS OF NH -58 FROM BEAWAR-GOMTI (OLD CH KM 58.245 TO KM. 108.600) PKG-I. MoRTH,RAJASTHAN","[N24001289],MoRTH,ARUNACHAL PRADESH",MoRTH,RAJASTHAN,2022-06,2025-03,21,27,1.29
N24001415,"DELHI-AMRITSAR-KATRA EXPRESSWAY FROM JUNCTION WITH PATIALA-BATHINDA ROAD (NH-7) NEAR BHAWANIGARH TO NHAI,PUNJAB","[N24001719],NHAI,TAMIL NADU",NHAI,PUNJAB,2022-06,2025-03,21,27,1.29
N24001419,"DELHI-AMRITSAR-KATRA EXPRESSWAY (PHASE-I PKG-XI) FROM JUNCTION WITH JALANDHAR - KAPURTHALA ROAD (NH- NHAI,PUNJAB","[N24000736],NHAI,ODISHA",NHAI,PUNJAB,2022-06,2025-03,21,27,1.29
N24001422,"REHABILITATION AND UPGRADATION TO 2-LANE CONFIGURATION OF ASHYARI-SHRI KYARI SECTION (KM 50.000 TO K MoRTH,HIMACHAL PRADESH","[N24001289],MoRTH,ARUNACHAL PRADESH",MoRTH,HIMACHAL PRADESH,2022-06,2025-03,21,27,1.29
N24001425,"4L OF ADDAHOLE TO BANTWAL CROSS SECTION INCLUDING FLYOVER AT KALLADKA TOWN NHAI,KARNATAKA","[N24000556],NHAI,UTTAR PRADESH",NHAI,KARNATAKA,2022-06,2025-03,21,27,1.29
N24001426,"4L OF ADDAHOLE TO BANTWAL CROSS SECTION NHAI,KARNATAKA","[N24001572],NHAI,RAJASTHAN",NHAI,KARNATAKA,2022-06,2025-03,21,27,1.29
N24001693,(N24001693 ) FOUR LANING OF THORAPALLI AGRAHARAM TO JITTANDAHALLI SECTION OF NH-844 (PKG-II) FROM KM.23+350 TO KM (NHAI ),"[N24001625],NHAI,TELANGANA",NHAI,TAMIL NADU,2023-04,2025-03,21,27,1.29
N28000109,"CONSTRUCTION OF 726 Nos RESIDENTIAL QUARTERS CHENNAI CPWD FOR FINANC,TAMIL NADU",Cpwd For Finance,"CPWD FOR
FINANC",TAMIL NADU,2022-06,2025-03,21,27,1.29
N28000124,Madhya Pradesh Metro Rail Co Limited BHOPAL METRO RAIL,Madhya Pradesh Metro Rail Co Limited,MPMRCL,MADHYA PRADESH,2022-06,2025-03,21,27,1.29
N28000126,"INDIAN INSTITUTE OF SCIENCE EDUCATION AND RESEARCH BERHAMPUR CPWD EDUCATION,ODISHA",Cpwd Of Higher Education,"CPWD
EDUCATION",ODISHA,2022-06,2025-03,21,27,1.29
N28000135,"DELHI METRO PHASE IV THREE PRIORITY CORRIDORS DMRC,DELHI",Delhi Metro Rail Corporation,DMRC,DELHI,2022-06,2025-03,21,27,1.29
N28000137,"AHMEDABAD METRO RAIL PROJECT PHASE II 2 ""Overall p",Ahmedabad Metro Rail,MEGA,GUJARAT,2022-06,2025-03,21,27,1.29
N28000138,SURAT METRO RAIL PROJECT 3 Overall physical progre,Ahmedabad Metro Rail,MEGA,GUJARAT,2022-06,2025-03,21,27,1.29
N28000141,"C/O PERMANENT CAMPUS OF IIT BHILAI AT KUTHELABHATA, DURG CHHATTISGARH, STAGE I PHASE I. CPWD EDUCATION,CHHATTISGARH",Cpwd Of Higher Education,"CPWD
EDUCATION",CHHATISGARH,2022-06,2025-03,21,27,1.29
N28000142,"CONSTRUCTION OF PERMANENT CAMPUS OF INDIAN INSTITUTE OF MANAGEMENT (IIM) AMRITSAR, PUNJAB. CPWD EDUCATION,PUNJAB",Cpwd Of Higher Education,"CPWD
EDUCATION",PUNJAB,2022-06,2025-03,21,27,1.29
N28000144,LUCKNOW METRO RAIL CORPORATION LIMITED KANPUR METRO RAIL P,Lucknow Metro Rail Corporation Limited,LMRCL,UTTAR PRADESH,2022-06,2025-03,21,27,1.29
N28000145,"AGRA METRO RAIL PROJECT 19 ""¿ Casting of Segment i",Lucknow Metro Rail Corporation Limited,LMRCL,UTTAR PRADESH,2022-06,2025-03,21,27,1.29
N28000147,"C/o separate family accommodation (Phase-I) on EPC basis for SSB at Faridabad (Haryana)"" CPWD FOR MHA,HARYANA",Cpwd For Mha,"CPWD FOR
MHA",HARYANA,2022-06,2025-03,21,27,1.29
N28000149,"CONSTRUCTION729 QUARTERS (TYPE II-180 TYPE III-364 TYPE IV-112 TYPE V-68 TYPE-VI-5 SHOPS COMMUNI CPWD,CHHATTISGA RH",Central Public Works Department,CPWD,CHHATISGARH,2022-06,2025-03,21,27,1.29
N30000026,"SEWER NETWORK SPS AND STP BEGUSARAI BUIDCO,BIHAR",Bihar Urban Infrastructure Development Corporation Ltd,BUIDCO,BIHAR,2022-06,2025-03,21,27,1.29
N30000035,SEWER NETWORKS SPS AND STP HAJIPUR 12 Under Pro,Bihar Urban Infrastructure Development Corporation Ltd,BUIDCO,BIHAR,2022-06,2025-03,21,27,1.29
N30000050,"SEWERAGE SYSTEM AND STP FOR KANKARBAG ZONE PATNA BUIDCO,BIHAR",Bihar Urban Infrastructure Development Corporation Ltd,BUIDCO,BIHAR,2022-06,2025-03,21,27,1.29
N04000085,"CONSTRUCTION OF DOMESTIC PASSENGER TERMINAL BUILDING AT DEHRADUN AIRPORT, DEHRADUN AAI,UTTARAKHAND",Airport Authority Of India Limited,AAI,UTTARAKHAND,2022-06,2025-03,21,26,1.24
N04000086,"CO CIVIL AVIATION REASEARCH ORG. (PH-II) AT BEGUMPET AIRPORT, HYDRABAD AAI,TELANGANA",Airport Authority Of India Limited,AAI,TELANGANA,2022-06,2025-03,21,26,1.24
N04000088,"C/O NEW GREENFIELD AIRPORT AT HISSAR, RAJKOT, GUJARAT AAI,GUJARAT",Airport Authority Of India Limited,AAI,GUJARAT,2022-06,2025-03,21,26,1.24
N04000089,"EXT AND STR. OF EXISTING RUNWAY 08/26 AT TIRUPATI AIRPORT AAI,ANDHRA PRADESH",Airport Authority Of India Limited,AAI,ANDHRA PRADESH,2022-06,2025-03,21,26,1.24
N06000098,"MOONIDIH XV SEAM UG 3 At present, Drivage of two n",Bharat Coking Coal Limited,BCCL,JHARKHAND,2022-06,2025-03,21,26,1.24
N06000162,"DUDHICHUA EXPANSION OCP (10 TO 20 MTPA) NCL,MADHYA PRADESH",Northern Coal Fields Limited,NCL,MADHYA PRADESH,2022-06,2025-03,21,26,1.24
N06000248,KULDA EXPANSION OCP- 15 MTY 40 The project was app,Mahanadi Coal Fields Limited,MCL,ODISHA,2022-06,2025-03,21,26,1.24
N16000247,"KG-DWN-98-2 CLUSTER II DEVELOPMENT PROJECT ONGC,ANDHRA PRADESH",Oil & Natural Gas Corporation Limited,ONGC,ANDHRA PRADESH,2022-06,2025-03,21,26,1.24
N16000378,"SWRO II WITH LLPH FACILITIES 41 ""-Permanent land a",Hindustan Petroleum Corporation Limited,HPCL,ANDHRA PRADESH,2022-06,2025-03,21,26,1.24
N16000388,SRIKAKULAM ANGUL PIPELINE PROJECT 27 Site Enabling,Gas Authority Of India Limited,GAIL,MULTI STATE,2022-06,2025-03,21,26,1.24
N16000411,"AUGUMENTATION OF SALAYA MATHURA CRUDE OIL PIPELINE SYSTEM IOCL,GUJARAT",Indian Oil Corporation Limited,IOCL,GUJARAT,2022-06,2025-03,21,26,1.24
N16000436,"PIPELINE REPLACEMENT PROJECT - VII 147 ""Facilities:",Oil & Natural Gas Corporation Limited,ONGC,MAHARASHTRA,2022-06,2025-03,21,26,1.24
N16000438,INDIAN IRON STEEL COMPANY GRASS ROOT POL TERMINAL AT VALLU,Indian Oil Corporation Limited,IOCL,TAMIL NADU,2022-06,2025-03,21,26,1.24
N18000194,"BUXAR THERMAL POWER PLANT (1320 MW) SJVN,BIHAR",Satluj Jal Vidyut Nigam Limited,SJVN,BIHAR,2022-06,2025-03,21,26,1.24
N18000272,"KHURJA SUPER THERMAL POWER PROJECT THDCIL,UTTAR PRADESH",Thdc India Limited,THDCIL,UTTAR PRADESH,2022-06,2025-03,21,26,1.24
N18000322,NOKH PLOT-3 SOLAR PV PROJECT 245MW 41 Topography s,National Thermal Power Corporation,NTPC,RAJASTHAN,2022-06,2025-03,21,26,1.24
N22000092,"MUMBAI URBAN TRANSPORT PROJECT PHASE-II MRTP,MAHARASHTRA",Metropolitan Rapid Transport Projects,MRTP,MAHARASHTRA,2022-06,2025-03,21,26,1.24
N22000308,MARIKUPPAM - KUPPAM 216 Govt. of Karnataka is yet,South Western Railway,SWR,KARNATAKA,2022-06,2025-03,21,26,1.24
N22000379,KORAPUT - SINGAPUR ROAD DOUBLING 57 1700 Cum of co,East Coast Railway,ECOR,ODISHA,2022-06,2025-03,21,26,1.24
N22000463,"MUMBAI AHMEDABAD HIGH SPEED RAIL PROJECT NHSRCL,MULTI STATE",National High Speed Rail Corporation Limited,NHSRCL,MULTI STATE,2022-06,2025-03,21,26,1.24
N22000502,"MANSA-BHATINDA (PHASE-I), INCL. NEW MATERIAL MODIFICATION FOR RAMA MANDI (RAMAN) - SADA SINGHWALA VI NR,PUNJAB",Northern Railway,NR,PUNJAB,2022-06,2025-03,21,26,1.24
N24000245,"REHABILITATION AND UPGRADATION OF NH -565 FROM KM 1.00 TO 86.057 (NAKREKAL TO NAGARJUNSAGAR DAM SECT MoRTH,TELANGANA","[N24001289],MoRTH,ARUNACHAL PRADESH",MoRTH,TELANGANA,2022-06,2025-03,21,26,1.24
N24000552,"4-LANNING EXISTING KM 189.700 TO 237.00] HASSAN TO MARANAHALLY NHAI,KARNATAKA","[N24000556],NHAI,UTTAR PRADESH",NHAI,KARNATAKA,2022-06,2025-03,21,26,1.24
N24000567,"FOUR LANING OF BHAVNAGAR- TALAJA SECTION OF NH-8E FROM KM. 7.090 TO KM. 53.585 (DESIGN CH FROM KM. 6. NHAI,GUJARAT","[N24001560],NHAI,RAJASTHAN",NHAI,GUJARAT,2022-06,2025-03,21,26,1.24
N24000741,"CONSTRUCTION AND UPGRADATION OF EXISTING ROAD TO 2 LANE WITH PAVED SHOULDER FROM KM 368.00 TO KM 399 NHIDCL,UTTARAKHA ND","[N24001267],NHIDCL,TRIPURA",NHIDCL,UTTARAKHAND,2022-06,2025-03,21,26,1.24
N24000743,"2 LANE WITH PAVED SHOULDER FROM KM 430.00 TO KM 468.00 OF CHAMOLI TO PAINI UNDER CHARDHAM PARIYOJNA NHIDCL,UTTARAKHA ND","[N24001267],NHIDCL,TRIPURA",NHIDCL,UTTARAKHAND,2022-06,2025-03,21,26,1.24
N24000781,"CONSTRUCTION OF KUND BYPASS FROM EXISTING KM 33+130 TO KM 41+260 (EXISTING LENGTH: 8.130 KM); DESIGN MoRTH,UTTARAKHA ND","[N24001289],MoRTH,ARUNACHAL PRADESH",MoRTH,UTTARAKHAND,2022-06,2025-03,21,26,1.24
N24000907,"WIDENING AND PAVED SHOULDER OF TOHANA (IN HARYANA) PUNJAB/HARYANA BORDER TO MOONAK-JAKHAL- BUDHLADA MoRTH,PUNJAB","[N24001289],MoRTH,ARUNACHAL PRADESH",MoRTH,PUNJAB,2022-06,2025-03,21,26,1.24
N24000917,"WIDENING TO 2LPS FROM 269/30 TO 328/20 OF NH- 49 IN THE STATE OF ODISHA MoRTH,ODISHA",Ministry Of Road Transport And Highways (State Pwds),MoRTH,ODISHA,2022-06,2025-03,21,26,1.24
N24000941,"REHABILITATION AND UPGRADATION TO 2 LANE WITH PAVED SHOULDER OF MOGA (DESIGN CH 0.000) TO MAKHU (DES MoRTH,PUNJAB",Ministry Of Road Transport And Highways (State Pwds),MoRTH,PUNJAB,2022-06,2025-03,21,26,1.24
N24000981,"WIDEINING TO TWO/FOUR LANE WITH PAVED SHOULDERS FROM EXISTING KM 180.60 TO KM 223.00 OF NH-63 ON NIZ MoRTH,TELANGANA","[N24001289],MoRTH,ARUNACHAL PRADESH",MoRTH,TELANGANA,2022-06,2025-03,21,26,1.24
N24001021,AMDI TO SAONER 157 Physical progress for the month,Ministry Of Road Transport And Highways (State Pwds),MoRTH,MAHARASHTRA,2022-06,2025-03,21,26,1.24
N24001081,HIMAYATNAGAR TO PHULSAWANGI 265 Physical progress,"[N24001380],MoRTH,TAMIL NADU",MoRTH,MAHARASHTRA,2022-06,2025-03,21,26,1.24
N24001101,KURUDWADI TO PANDHARPUR 129 Physical progress for,Ministry Of Road Transport And Highways (State Pwds),MoRTH,MAHARASHTRA,2022-06,2025-03,21,26,1.24
N24001112,NASRATPUR TO BARASGAON 70 Project approved in June,"[N24000967],MoRTH,ANDHRA PRADESH",MoRTH,MAHARASHTRA,2022-06,2025-03,21,26,1.24
N24001344,"KARGIL-ZANSKR PACKAGE-2 543 C&G completed- 6.7 Km,","[N24000967],MoRTH,ANDHRA PRADESH",NHIDCL,LADAKH,2022-06,2025-03,21,26,1.24
N24001370,"WIDENING TO 2-LANE WITH PAVED SHOULDERS FROM KM 119/017 TO KM 161/300 ON NH 85 (OLD NH 49) MoRTH,KERALA","[N24000967],MoRTH,ANDHRA PRADESH",MoRTH,KERALA,2022-06,2025-03,21,26,1.24
N24001417,"DELHI-AMRITSAR-KATRA EXPRESSWAY FROM JUNCTION WITH LUDHIANA-MOGA ROAD (NH-5) NEAR MULLANPUR DAKHA TO NHAI,PUNJAB","[N24001634],NHAI,HARYANA",NHAI,PUNJAB,2022-06,2025-03,21,26,1.24
N25000072,Inland Waterways Authority of India JAL MARG VIKAS PROJECT,Inland Waterways Authority Of India,IWAI,MULTI STATE,2022-06,2025-03,21,26,1.24
N28000140,"C/O PERMANENT CAMPUS OF IIT PALAKKAD PHASE IA AT PUDESSERY VILLAGE,KANJIKODE WEST, DISTRICT PALAKKA CPWD EDUCATION,KERALA",Cpwd Of Higher Education,"CPWD
EDUCATION",KERALA,2022-06,2025-03,21,26,1.24
N30000006,"INTERCEPTION, DIVERSION AND TREATMENT WORKS FOR NAINI DISTRICT G PHAPHAMAU DISTRICT F AND JHUSI AREA UPJalNigam,UTTAR PRADESH",Uttar Pradesh Jal Nigam,UPJalNigam,UTTAR,2022-06,2025-03,21,26,1.24
N30000010,"STP AT PANKHA KANPUR AND INTEGRATION WITH EXISTING STPS UPJalNigam,UTTAR PRADESH",Uttar Pradesh Jal Nigam,UPJalNigam,UTTAR PRADESH,2022-06,2025-03,21,26,1.24
N30000017,"CONSTRUCTION OF 318 MLD WWTP WITH 10 YEARS O AND M AT CORONATION PILLAR DELHI DJB,DELHI",Delhi Jal Board,DJB,DELHI,2022-06,2025-03,21,26,1.24
N30000019,MATHURA SEWERAGE SCHEME 34 Under Progress Locati,Uttar Pradesh Jal Nigam,UPJalNigam,UTTAR PRADESH,2022-06,2025-03,21,26,1.24
N30000022,"INTERCEPTION AND DIVERSION WORKS AND SEWAGE TREATMENT PLANT AT JAUNPUR UTTAR PRADESH UPJalNigam,UTTAR PRADESH",Uttar Pradesh Jal Nigam,UPJalNigam,UTTAR PRADESH,2022-06,2025-03,21,26,1.24
N30000028,I AND D AND STP AT CHAPPRA 13 Under Progress Loca,Bihar Urban Infrastructure Development Corporation Ltd,BUIDCO,BIHAR,2022-06,2025-03,21,26,1.24
N30000040,"SEWERAGE SCHEME AT PAHARI ZONE V PATNA BUIDCO,BIHAR",Bihar Urban Infrastructure Development Corporation Ltd,BUIDCO,BIHAR,2022-06,2025-03,21,26,1.24
N30000043,"SEWERAGE TREATMENT PLANT AT PAHARI PATNA BUIDCO,BIHAR",Bihar Urban Infrastructure Development Corporation Ltd,BUIDCO,BIHAR,2022-06,2025-03,21,26,1.24
N30000045,"INTERCEPTION, DIVERSION AND TREATMENT WORKS AT HOWRAH KMDA,WEST BENGAL",Kolkata Metropolitan Development Authority,KMDA,WEST BENGAL,2022-06,2025-03,21,26,1.24
N30000046,"SEWERAGE SYSTEM AND STP WORKS AT HALISHAHR KMDA,WEST BENGAL",Kolkata Metropolitan Development Authority,KMDA,WEST BENGAL,2022-06,2025-03,21,26,1.24
N30000047,"SEWERAGE SYSTEM WITH SEWER NETWORK AT BARRACKPORE KMDA,WEST BENGAL",Kolkata Metropolitan Development Authority,KMDA,WEST BENGAL,2022-06,2025-03,21,26,1.24
N30000048,"INTERCEPTION, DIVERSION AND TREATMENT WORKS AT BARANAGAR AND KAMARAHATI KMDA,WEST BENGAL",Kolkata Metropolitan Development Authority,KMDA,WEST BENGAL,2022-06,2025-03,21,26,1.24
N30000049,"INTERCEPTION AND DIVERSION WITH STP AT BALLY KMDA,WEST BENGAL",Kolkata Metropolitan Development Authority,KMDA,WEST BENGAL,2022-06,2025-03,21,26,1.24
N30000051,"SEWERAGE SYSTEM AND STP FOR DIGHA ZONE, PATNA BUIDCO,BIHAR",Bihar Urban Infrastructure Development Corporation Ltd,BUIDCO,BIHAR,2022-06,2025-03,21,26,1.24
N06000008,"KUSMUNDA EXPN.OCP(SECL)(15-50)MTY SECL,CHHATTISGAR H",Singareni Colliers Company Limitted,SECL,CHHATISGARH,2022-06,2025-03,21,25,1.19
N24001013,DIGRAS DARWAH KARANJA 109 Physical progress for th,"[N24001289],MoRTH,ARUNACHAL PRADESH",MoRTH,MAHARASHTRA,2022-06,2025-03,21,25,1.19
N30000025,"INTERCEPTION AND DIVERSION WORKS WITH STP AT LUCKNOW UTTAR PRADESH UPJalNigam,UTTAR PRADESH",Uttar Pradesh Jal Nigam,UPJalNigam,UTTAR PRADESH,2022-06,2025-03,21,25,1.19
180100221,"SUBANSIRI LOWER H.E.P (8X250 MW) (NHPC) NHPC,ARUNACHAL PRADESH",Chenab Velley Power Projects [P] Limited,NHPC,ARUNACHAL,2023-04,2025-03,20,43,2.15
220100288,JIRIBAM TO IMPHAL (TUPUI)(NL)(NEFR) 95 Earth Work,North East Frontier Railway,NFR,MANIPUR,2022-06,2025-03,20,42,2.1
N04000083,"CONSTRUCTION OF NEW INTEGRATED TERMINAL BUILDING AT LGBI AIRPORT GUWAHATI AAI,ASSAM",Airport Authority Of India Limited,AAI,ASSAM,2022-06,2025-03,20,42,2.1
N24000857,"WIDENING AND UP-GRADATION TO 2-LANE WITH PAVED SHOULDER CONFIGURATION AND GEOMETRIC IMPROVEMENTS FRO NHIDCL,MIZORAM","[N24000967],MoRTH,ANDHRA PRADESH",NHIDCL,MIZORAM,2022-06,2025-03,20,42,2.1
N24000861,"WIDENING AND UP-GRADATION TO 2-LANE WITH PAVED SHOULDER CONFIGURATION AND GEOMETRIC IMPROVEMENTS FRO NHIDCL,MIZORAM","[N24000967],MoRTH,ANDHRA PRADESH",NHIDCL,MIZORAM,2023-04,2025-03,20,42,2.1
N24000863,"WIDENING AND UP-GRADATION TO 2-LANE WITH PAVED SHOULDER CONFIGURATION AND GEOMETRIC IMPROVEMENTS FRO NHIDCL,MIZORAM","[N24000967],MoRTH,ANDHRA PRADESH",NHIDCL,MIZORAM,2022-06,2025-03,20,42,2.1
N22000124,"NEW LINE FROM DIMAPUR TO ZUBZA(KOHIMA) NATIONAL PROJECT (NEFR) NFR,NAGALAND",North East Frontier Railway,NFR,NAGALAND,2022-06,2025-03,20,41,2.05
N24000686,"FOUR LANING OF DIMAPUR KOHIMA ROAD FROM DESIGN KM 123.840 TO KM 138.775 (EXISTING KM 124.100 TO KM 1 NHIDCL,NAGALAND","[N24000967],MoRTH,ANDHRA PRADESH",NHIDCL,NAGALAND,2022-06,2025-03,20,41,2.05
N24000865,"WIDENING AND UP-GRADATION TO 2-LANE WITH PAVED SHOULDER CONFIGURATION AND GEOMETRIC IMPROVEMENTS FRO NHIDCL,MIZORAM","[N24000678],NHIDCL,ARUNACHAL PRADESH",NHIDCL,MIZORAM,2022-06,2025-03,20,41,2.05
N04000092,"CONSTRUCTION OF NEW GREEN FIELD AIRPORT AT HOLLONGI ITANAGAR ARUNACHAL PRADESH AAI,ARUNACHAL PRADESH",Airport Authority Of India Limited,AAI,ARUNACHAL PRADESH,2022-06,2025-03,20,40,2.0
N24000753,"(II) CONSTRUCTION OF DIMAPUR BYPASS (ASSAM PORTION) OF 4/6 LANE PAVEMENT ON EPC BASIS FROM EXISTING NHIDCL,NAGALAND","[N24000967],MoRTH,ANDHRA PRADESH",NHIDCL,NAGALAND,2022-06,2025-03,20,40,2.0
N24001336,"CONSTRUCTION AND UPGRADATION OF EXISTING ROAD TO 2- LANE WITH PAVED SHOULDER FROM KM27.200 (END OF RO NHIDCL,SIKKIM","[N24000967],MoRTH,ANDHRA PRADESH",NHIDCL,SIKKIM,2022-06,2025-03,20,40,2.0
N04000100,"CONSTRUCTION OF NEW INTEGRATED TERMINAL BUILDING, CONTROL TOWER CUM TECHNICAL BLOCK, APRON, LINK TAX AAI,MANIPUR",Airport Authority Of India Limited,AAI,MANIPUR,2023-04,2025-03,20,39,1.95
N16000441,"REVAMPING OF FACILITIES AT EXISTING GUWAHATI TERMINAL, ASSAM IOCL,ASSAM",Indian Oil Corporation Limited,IOCL,ASSAM,2023-04,2025-03,20,39,1.95
N21000027,"ALL INDIA INSTITUTE OF MEDICAL SCIENCE AT GUWAHATI, ASSAM HITES,ASSAM",Hll Infra Tech Services Limited,HITES,ASSAM,2023-04,2025-03,20,39,1.95
N24000320,"FOUR LANING OF JHANJHI JN TO DEMOW SECTION FROM KM. 491.050 TO KM. 535.250(DESIGN KM 490.800 TO KM 5 NHIDCL,ASSAM","[N24000967],MoRTH,ANDHRA PRADESH",NHIDCL,ASSAM,2022-06,2025-03,20,39,1.95
N24000582,"4 LANING OF NH-37 SECTION BETWEEN DEMOW TO END OF MORAN BYPASS (FROM KM. 534.800 TO KM. 561.700) O NHIDCL,ASSAM","[N24000967],MoRTH,ANDHRA PRADESH",NHIDCL,ASSAM,2023-04,2025-03,20,39,1.95
N24000688,"FOUR LANING OF EXISTING DIMAPUR KOHIMA ROAD FROM DESIGN KM 152.490 TO KM 166.700 (EXISTING KM 156.00 NHIDCL,NAGALAND","[N24000967],MoRTH,ANDHRA PRADESH",NHIDCL,NAGALAND,2022-06,2025-03,20,39,1.95
N24000752,"(I) CONSTRUCTION OF FOUR/SIX LANING FROM KM 132.375 TO KM 158.058 (TOTAL NEW ALIGNMENT LENGTH OF 20. NHIDCL,NAGALAND","[N24000967],MoRTH,ANDHRA PRADESH",NHIDCL,NAGALAND,2022-06,2025-03,20,39,1.95
N24000771,"WIDENING TO 2-LANE WITH GEOMETRIC IMPROVEMENTS OF TURA DALU ROAD UNDER JICA FUNDING FROM KM 85.000 T NHIDCL,MEGHALAYA","[N24000967],MoRTH,ANDHRA PRADESH",NHIDCL,MEGHALAYA,2022-06,2025-03,20,39,1.95
N24000858,"WIDENING AND UP-GRADATION TO 2-LANE WITH PAVED SHOULDER CONFIGURATION AND GEOMETRIC IMPROVEMENTS FRO NHIDCL,MIZORAM","[N24000967],MoRTH,ANDHRA PRADESH",NHIDCL,MIZORAM,2022-06,2025-03,20,39,1.95
N24000946,"CONSTRUCTION OF 2-LANE ROAD WITH PAVED SHOULDERS FROM KM16.00 OF ROING-HUNLI SECTION TO KM 21.500 OF NHIDCL,ARUNACHAL PRADESH","[N24000967],MoRTH,ANDHRA PRADESH",NHIDCL,ARUNACHAL PRADESH,2022-06,2025-03,20,39,1.95
N24000979,"TWO-LANING OF HAYULIANG– HAWAI BYPASS ROAD ON EPC BASIS FROM DESIGN KM. 51.825 TO KM. 63.131 EXISTI NHIDCL,ARUNACHAL PRADESH","[N24000967],MoRTH,ANDHRA PRADESH",NHIDCL,ARUNACHAL PRADESH,2022-06,2025-03,20,39,1.95
N24001258,"CONSTRUCTION OF 2-LANE WITH PAVED SHOULDER OF KOHIMA-BYPASS ROAD FROM DSIGN KM32.0 TO KM43.454 [DES NHIDCL,NAGALAND","[N24000967],MoRTH,ANDHRA PRADESH",NHIDCL,NAGALAND,2022-06,2025-03,20,39,1.95
N24001269,"2-LANING OF CHURACHANDPUR TUIVAI SECTION OF NH-102B (PKG- IB) NHIDCL,ASSAM","[N24000967],MoRTH,ANDHRA PRADESH",NHIDCL,ASSAM,2023-04,2025-03,20,39,1.95
N24001270,"2-LANING OF CHURACHANDPUR TUIVAI SECTION OF NH-102B (PKG- 2A) NHIDCL,MANIPUR","[N24001267],NHIDCL,TRIPURA",NHIDCL,MANIPUR,2022-06,2025-03,20,39,1.95
N24001271,"2-LANING OF CHURACHANDPUR TUIVAI SECTION OF NH-102B (PKG- 2B) NHIDCL,MANIPUR","[N24000967],MoRTH,ANDHRA PRADESH",NHIDCL,MANIPUR,2023-04,2025-03,20,39,1.95
N24001274,"IMPROVEMENT/UPGRADATION OF EXISTING 2-LANE TO 4-LANE DIVIDED HIGHWAY FROM TAPHOU KUKI TO DAILI SECTI NHIDCL,MANIPUR","[N24000967],MoRTH,ANDHRA PRADESH",NHIDCL,MANIPUR,2022-06,2025-03,20,39,1.95
N24001277,"CONSTRUCTION OF CHHIATHLANG -SERCHHIP BYPASS (PKG-1) ON AIZAWL-TUIPANG SECTION OF NH-54 NHIDCL,MIZORAM","[N24000967],MoRTH,ANDHRA PRADESH",NHIDCL,MIZORAM,2022-06,2025-03,20,39,1.95
N24001282,"2 LANING OF KOHIMA - JESSAMI SECTION (PACKAGE II) NHIDCL,NAGALAND","[N24000967],MoRTH,ANDHRA PRADESH",NHIDCL,NAGALAND,2023-04,2025-03,20,39,1.95
N24001327,"REHABILITATION AND UPGRADATION OF EXISTING ROAD TO 2-LANE WITH PAVED SHOULDER INCLUDING GEOMETRIC IM NHIDCL,SIKKIM","[N24000967],MoRTH,ANDHRA PRADESH",NHIDCL,SIKKIM,2022-06,2025-03,20,39,1.95
N24001334,"IMPROVEMENT/WIDENING TO 2-LANE WITH PAVED SHOULDER FROM (DESIGN KM 45.760 TO KM 63.530) BETWEEN SHIL NHIDCL,MEGHALAYA","[N24000967],MoRTH,ANDHRA PRADESH",NHIDCL,MEGHALAYA,2022-06,2025-03,20,39,1.95
N24001337,"CONSTRUCTION AND UPGRADATION OF EXISTING ROAD TO 2-LANE WITH PAVED SHOULDER FROM NEW ROLEP BRIDGE AT NHIDCL,SIKKIM","[N24000967],MoRTH,ANDHRA PRADESH",NHIDCL,SIKKIM,2022-06,2025-03,20,39,1.95
N24001353,"IMPHAL - KHONGSANG PKG-2 NHIDCL,MANIPUR","[N24001267],NHIDCL,TRIPURA",NHIDCL,MANIPUR,2022-06,2025-03,20,39,1.95
N24001360,"RANIKOR-MAHESHKHOLA- BAGHMARA (RMB) PKG-3 NHIDCL,MEGHALAYA","[N24000967],MoRTH,ANDHRA PRADESH",NHIDCL,MEGHALAYA,2022-06,2025-03,20,39,1.95
N24001362,"RISHI BORDER- ROLEP- MENLA PKG- 3B NHIDCL,SIKKIM","[N24000967],MoRTH,ANDHRA PRADESH",NHIDCL,SIKKIM,2022-06,2025-03,20,39,1.95
N24001366,"DABOKA KATHKATI PACKAGE-5 NHIDCL,ASSAM","[N24000967],MoRTH,ANDHRA PRADESH",NHIDCL,ASSAM,2023-04,2025-03,20,39,1.95
N24001390,"JORAM – KOLORIANG ROAD FROM EXISTING KM 50.050 TO KM 70.00 (PKG-3) NHIDCL,ARUNACHAL PRADESH","[N24000678],NHIDCL,ARUNACHAL PRADESH",NHIDCL,ARUNACHAL PRADESH,2022-06,2025-03,20,39,1.95
N24001406,"PEREN-DIMAPUR SECTION PKG-2 NHIDCL,NAGALAND","[N24001267],NHIDCL,TRIPURA",NHIDCL,NAGALAND,2023-04,2025-03,20,39,1.95
N24001408,CONSTRUCTION OF 2- LANE MAJOR BRIDGE INCLUDING APPROACHESOVER BRAHMAPUTRA BETWEEN MAJULI ON NORTH BAN (MoRTH ),"[N24001289],MoRTH,ARUNACHAL PRADESH",MoRTH,ASSAM,2022-06,2025-03,20,39,1.95
N24001453,"IMPHAL - KHONGSANG PKG-4 NHIDCL,MANIPUR","[N24000967],MoRTH,ANDHRA PRADESH",NHIDCL,MANIPUR,2023-04,2025-03,20,39,1.95
N24001545,"6L STANDALONE FLYOVERS AT RAHA, DEMOW, BORGHAT, KATHIATALI JUNCTIONS AND ROB AT JAGIROAD ON STRETCHE NHAI,ASSAM","[N24001560],NHAI,RAJASTHAN",NHAI,ASSAM,2023-04,2025-03,20,39,1.95
N42000001,"CONSTRUCTION AND DEVELOPMENT OF NATINAL INSTITUTE OF TECHNOLOGY MEGHALAYA PERMANENT CAMPUS AT SOHRA RITES OF HIGHER,MEGHALAYA",DEPARTMENT OF HIGHER EDUCATION,"RITES OF
HIGHER",MEGHALAYA,2022-06,2025-03,20,39,1.95
N24000431,"4 LANING FROM JAMUGURI TO BISWANATH CHARIALI FROM KM 182 TO KM 208 OF NH-52 NHIDCL,ASSAM","[N24000967],MoRTH,ANDHRA PRADESH",NHIDCL,ASSAM,2023-04,2025-03,20,38,1.9
N24000763,"CONSTRUCTION OF TWO LANE WITH HARD SHOULDERS OF MERANGKONG-TAMLU-MON ROAD FROM EXISTING KM 20.456 TO NHIDCL,NAGALAND","[N24000967],MoRTH,ANDHRA PRADESH",NHIDCL,NAGALAND,2022-06,2025-03,20,38,1.9
N24000765,"CONSTRUCTION OF TWO LANE WITH HARD SHOULDERS OF MERANGKONG-TAMLU-MON ROAD FROM EXISTING KM 60.345 TO NHIDCL,NAGALAND","[N24000967],MoRTH,ANDHRA PRADESH",NHIDCL,NAGALAND,2022-06,2025-03,20,38,1.9
N24001252,"CONSTUCTION/UPGRADATION OF EXISTING HIGHWAY TO 2 LANE WITH PAVED SHOULDER FROM KM 13.00 TO KM 25.600 NHIDCL,SIKKIM","[N24001267],NHIDCL,TRIPURA",NHIDCL,SIKKIM,2022-06,2025-03,20,38,1.9
N24001272,"2-LANING OF CHURACHANDPUR TUIVAI SECTION OF NH-102B (PKG- 4A) NHIDCL,MANIPUR","[N24000967],MoRTH,ANDHRA PRADESH",NHIDCL,MANIPUR,2022-06,2025-03,20,38,1.9
N24001292,CONSTRUCTION OF 2 LANE ROAD OF POTIN TO PANGIN SECTION OF NH 13 FROM KM 117.56 TO KM 163.59 (PACKAGE (MoRTH ),"[N24001289],MoRTH,ARUNACHAL PRADESH",MoRTH,ARUNACHAL PRADESH,2022-06,2025-03,20,38,1.9
N24001339,"RANIKOR-MAHESHKHOLA- BAGHMARA (RMB) PKG-4 (KANAI-RONGARA) NHIDCL,MEGHALAYA","[N24001267],NHIDCL,TRIPURA",NHIDCL,MEGHALAYA,2022-06,2025-03,20,38,1.9
N24001368,"TULUNGIA-JOGIGHOPA-PAIKAN ROAD PKG-7 NHIDCL,ASSAM","[N24000967],MoRTH,ANDHRA PRADESH",NHIDCL,ASSAM,2022-06,2025-03,20,38,1.9
N24001389,"CHANGTONGYA TO LONGLENG ROAD PKG-2 NHIDCL,NAGALAND","[N24000967],MoRTH,ANDHRA PRADESH",NHIDCL,NAGALAND,2022-06,2025-03,20,38,1.9
N24001437,"TAMENGLONG - MAHUR PKG-6 NHIDCL,MANIPUR","[N24001267],NHIDCL,TRIPURA",NHIDCL,MANIPUR,2023-04,2025-03,20,38,1.9
N24000685,"CONSTRUCTION OF TWO LANE WITH PAVED SHOULDERS OF JORAM KOLORIANG ROAD (NH 713) ON EPC BASIS FROM EXI NHIDCL,ARUNACHAL PRADESH","[N24000967],MoRTH,ANDHRA PRADESH",NHIDCL,ARUNACHAL PRADESH,2022-06,2025-03,20,37,1.85
N24000756,"CONSTRUCT ION OF TWO LANE WITH HARD SHOULDERS OF CHAKABAMA- ZUNHEBOTO ROAD FROM EXISTING KM 52.370 TO NHIDCL,NAGALAND","[N24000967],MoRTH,ANDHRA PRADESH",NHIDCL,NAGALAND,2022-06,2025-03,20,37,1.85
N24001291,CONSTRUCTION OF 2 LANE ROAD OF POTIN TO PANGIN SECTION OF NH 13 FROM KM 77.95 TO KM 117.56 (PACKAGE (MoRTH ),"[N24001289],MoRTH,ARUNACHAL PRADESH",MoRTH,ARUNACHAL PRADESH,2022-06,2025-03,20,37,1.85
N24001374,4-LANING OF ITANAGAR TO BANDARDEWA SECTION OF NH-415 FROM KM 51+700 TO KM 59+199 (PACKAGE- C) ON EPC (MoRTH ),Ministry Of Road Transport And Highways (State Pwds),MoRTH,ARUNACHAL PRADESH,2022-06,2025-03,20,37,1.85
N12000103,"CONSTRUCTION OF INTERNATIONAL CENTRE FOR PERFORMING ARTS AND CULTURE,SHILONG IN MEGALAYA UNDER NLCPR HSCL FOR DONER,MEGHALAYA",Hscl For Doner,"HSCL FOR
DONER",MEGHALAYA,2022-06,2025-03,20,36,1.8
N24001248,"WIDENING/IMPROVEMENT TO 4- LANE WITH PAVED SHOULDER FROM CH.75.330KM TO CH.88.00KM (DESIGN CH.71.800 NHIDCL,ASSAM","[N24000967],MoRTH,ANDHRA PRADESH",NHIDCL,ASSAM,2022-06,2025-03,20,36,1.8
N24001293,CONSTRUCTION OF 2 LANE ROAD OF POTIN TO PANGIN SECTION OF NH 13 FROM KM 206.66 TO KM 247.05 (PACKAGE (MoRTH ),"[N24001289],MoRTH,ARUNACHAL PRADESH",MoRTH,ARUNACHAL PRADESH,2022-06,2025-03,20,36,1.8
N24001352,IMPHAL – MOREH PACKAGE- 3 535 Location: MANIPUR,"[N24000967],MoRTH,ANDHRA PRADESH",NHIDCL,MANIPUR,2022-06,2025-03,20,36,1.8
N24001407,"PEREN-DIMAPUR PKG-5 NHIDCL,NAGALAND","[N24000967],MoRTH,ANDHRA PRADESH",NHIDCL,NAGALAND,2022-06,2025-03,20,34,1.7
N24001245,"CONSTRUCTION OF 2-LANING WITH HARD SHOULDERS OF DEMWE-BRAHMAKUND SECTION OF NH-13 FROM CH.0.00 KM TO NHIDCL,ARUNACHAL PRADESH","[N24000967],MoRTH,ANDHRA PRADESH",NHIDCL,ARUNACHAL PRADESH,2022-06,2025-03,20,33,1.65
220100232,"WEST CENTRAL RAILWAY LALITPUR-SATNA-REWA-SINGRULI NL, (N",West Central Railway,WCR,MULTI STATE,2022-06,2025-03,20,30,1.5
N04000077,"CCS INTERNATIONAL AIRPORT , LUCKNOW AAI,UTTAR PRADESH",Airport Authority Of India Limited,AAI,UTTAR PRADESH,2022-06,2025-03,20,30,1.5
N22000110,"NEW WORK FOR CONSTRUCTION OF METRO RAILWAY FROM NSCB AIRPORT TO NEW GARIA VIA RAJARHAT (MTP) RVNL,WEST BENGAL",Rail Vikas Nigam Ltd.,RVNL,WEST BENGAL,2023-04,2025-03,20,30,1.5
N22000297,HOSPET-HUBLI-LONDA-VASCODAGAMA DL 158 Work is in p,Rail Vikas Nigam Ltd.,RVNL,KARNATAKA,2022-06,2025-03,20,30,1.5
N22000351,"KATNI - SINGRAULI DOUBLING PROJECT WCR,MADHYA PRADESH",West Central Railway,WCR,MADHYA PRADESH,2022-06,2025-03,20,30,1.5
N22000406,RISHIKESH - KARNAPRAYAG NEW LINE 162 This is a Sup,Rail Vikas Nigam Ltd.,RVNL,UTTARAKHAND,2022-06,2025-03,20,30,1.5
N22000470,"SHAHGANJ-BHATNI-PHEPHNA- INDARA, MAU-SHAHGANJ (EXCL. MAU-INDARA) PATCH DOUBLING. NER,UTTAR PRADESH",North Eastern Railway,NER,UTTAR PRADESH,2022-06,2025-03,20,30,1.5
N24000788,"REHABILITATION AND UP GRADATION OF EXISTING ROAD TO 2-LANE WITH PAVED SHOULDER CONFIGURATION IN PURU NHAI,WEST BENGAL","[N24000736],NHAI,ODISHA",NHAI,WEST BENGAL,2023-04,2025-03,20,30,1.5
N24001476,"CONSTRUCTION OF 4 LANE ACCESS CONTROLLED NEW GREENFIELD HIGHWAY SECTION OF NH 365BG FROM RECHARLA VI NHAI,ANDHRA PRADESH","[N24000556],NHAI,UTTAR PRADESH",NHAI,ANDHRA PRADESH,2023-04,2025-03,20,30,1.5
N24001535,"4-LANING OF GOHANA-SONIPAT (PKG-2) SECTION FROM KM 40.601 TO KM 78.837 (LENGTH = 38.236KM) OF NH-352 NHAI,HARYANA","[N24001625],NHAI,TELANGANA",NHAI,HARYANA,2023-04,2025-03,20,30,1.5
N30000002,Polavaram Project Authority POLAVARAM IRRIGATION PROJECT,Polavaram Project Authority,PPA,ANDHRA PRADESH,2022-06,2025-03,20,30,1.5
220100284,EAST COAST RAILWAY KHURDA ROAD-BOLANGIR(NL)ECOR 33,East Coast Railway,ECOR,ODISHA,2023-04,2025-03,20,29,1.45
N06000195,2.0 MTPA BHOJUDIH NLW WASHERY 6 Washery Part: Prog,Bharat Coking Coal Limited,BCCL,WEST BENGAL,2023-04,2025-03,20,29,1.45
N12000127,"SCREENING PLANT-III AT KIRANDUL NMDC,CHHATTISGA RH",National Mineral Development Corporation (Nmdc),NMDC,CHHATTISGARH,2023-04,2025-03,20,29,1.45
N16000213,"LIFE EXTENSION OF WALL PLATFORMS OF MUMBAI HIGH AND HEERA FIELDS ONGC,MAHARASHTR A",Oil & Natural Gas Corporation Limited,ONGC,MAHARASHTRA,2022-06,2025-03,20,29,1.45
N16000358,"MUMBAI HIGH NORTH REDEVELOPMENT PHASE-IV ONGC,MAHARASHTR A","[N16000451],IOCL,TAMIL NADU",ONGC,MAHARASHTRA,2022-06,2025-03,20,29,1.45
N16000412,"CAPACITY EXPANSION OF PANIPAT REFINERY FROM 15 TO 25 MMTPA IOCL,HARYANA",Indian Oil Corporation Limited,IOCL,HARYANA,2022-06,2025-03,20,29,1.45
N16000430,"SETTING UP 500KTPA PROPANE DEHYDROGENATION INTEGRATED WITH POLYPROPYLENE UNIT ALONG WITH OFFSITE AND GAIL,MAHARASHTRA",Gas Authority Of India Limited,GAIL,MAHARASHTRA,2023-04,2025-03,20,29,1.45
N18000010,"TEHRI PUMPED STORAGE PLANT(1000MW) THDCIL,UTTARAKHA ND",Thdc India Limited,THDCIL,UTTARAKHAND,2022-06,2025-03,20,29,1.45
N18000014,"TAPOVAN-VISHNUGAD HEP (4X130MW) NTPC,UTTARAKHAN D",National Thermal Power Corporation,NTPC,UTTARAKHAND,2023-04,2025-03,20,29,1.45
N18000178,RAMMAM-III HEPP (3X40 MW) 15 Boiler steam blowing,National Thermal Power Corporation,NTPC,WEST BENGAL,2023-04,2025-03,20,29,1.45
N18000212,"TELANGANA SUPER THERMAL POWER PROJECT PHASE I NTPC,TELANGANA",National Thermal Power Corporation,NTPC,TELANGANA,2022-06,2025-03,20,29,1.45
N22000138,CHOTTAUDEPUR-DHAR(NL) 248 (5) CPM/ADI write a lett,Western Railway,WR,MULTI STATE,2022-06,2025-03,20,29,1.45
N22000258,BAGALKOT-KUDACHI NL 141 (i)GoK has intimated their,South Western Railway,SWR,KARNATAKA,2023-04,2025-03,20,29,1.45
N22000261,"KAZIPET-VIJAYAWADA 3RD LINE WITH ELECTRIFICATION SCR,MULTI STATE",South Central Railway,SCR,MULTI STATE,2023-04,2025-03,20,29,1.45
N22000360,DAUND - MANMAD (236 KM) 8 Total land required 109.,Central Railways,CR,MAHARASHTRA,2023-04,2025-03,20,29,1.45
N22000484,SOUTH EAST CENTRAL RAILWAY JHARSUGUDA-BILASPUR 4TH LINE,South East Central Railway,SECR,CHHATTISGARH,2023-04,2025-03,20,29,1.45
N22000504,ANAND GODHRA DOUBLING PROJECT 79 KMS 172 This work,Western Railway,WR,GUJARAT,2023-04,2025-03,20,29,1.45
N24000507,"FOUR LANING OF BAKHTIYARPUR - MOKAMA SECTION OF NH-31 NHAI,BIHAR",KASHMIR,NHAI,BIHAR,2022-06,2025-03,20,29,1.45
N24000564,"4-LANNING OF HARIDWAR- NAGINA SECTION OF NH 74 FROM (KM 204.300 OF NH 58) TO KM 73.00 NHAI,UTTAR PRADESH","[N24000736],NHAI,ODISHA",NHAI,UTTAR PRADESH,2022-06,2025-03,20,29,1.45
N24000578,"ENGINEERING, PROCUREMENT, AND CONSTRUCTION OF REHABILITATION AND UPGRADING TO 2-LANES/2 - LANE WITH P MoRTH,BIHAR","[N24001289],MoRTH,ARUNACHAL PRADESH",MoRTH,BIHAR,2022-06,2025-03,20,29,1.45
N24000736,"REHABILITATION AND UPGRADATION OF CUTTACK- ANGUL SECTION TO 4 LANE (KM 60.20) TO (KM 112.0) PKG II ON NHAI,ODISHA","[N24001762],NHAI,MADHYA PRADESH",NHAI,ODISHA,2022-06,2025-03,20,29,1.45
N24000738,"REHABILITATION AND UPGRADATION OF SIX LANING OF BHADRAK BALESHWAR SECTION (KM 136.50) TO (KM 199.141 NHAI,ODISHA","[N24000736],NHAI,ODISHA",NHAI,ODISHA,2023-04,2025-03,20,29,1.45
N24000851,"CONSTRUCTION OF 8 LANING OF EXISTING 4 LANE VADAPE TO THANE FROM KM 539.202 TO KM 563.000 SECTION OF NHAI,MAHARASHTR A","[N24000736],NHAI,ODISHA",NHAI,MAHARASHTRA,2022-06,2025-03,20,29,1.45
N24001173,"CONSTRUCTION OF MAJOR BRIDGE AT KM 180.865 ACROSS RIVER KRISHNA ON NH-167 HAGARI – JADERCELA SECTION MoRTH,KARNATAKA","[N24001380],MoRTH,TAMIL NADU",MoRTH,KARNATAKA,2023-04,2025-03,20,29,1.45
N24001502,"4L OF BARAMATI TO INDAPUR (PKG-II) FROM KM. 41.400 TO KM. 84.550 OF NH-965G (SAINT TUKARAM MARG) NHAI,MAHARASHTR A",KASHMIR,NHAI,MAHARASHTRA,2023-04,2025-03,20,29,1.45
N24001652,"6L MINOR BRIDGE (PALOLI PALAM) AT KM. 203.160 and MAJOR BRIDGE (MORAD) AT KM. 204.895 AND ALLIED WOR NHAI,KERALA","[N24001719],NHAI,TAMIL NADU",NHAI,KERALA,2023-04,2025-03,20,29,1.45
N24001686,"FOUR LANING OF BANAVARA TO BETTADAHALLI SECTION FROM KM. 119+790 (DESIGN KM. 121+900) TO KM. 166+100 NHAI,KARNATAKA","[N24000662],NHAI,PUNJAB",NHAI,KARNATAKA,2023-04,2025-03,20,29,1.45
N24001687,"FOUR LANING OF BETTADAHALLI TO SRIRAMPURA SECTION FROM KM. 166+100 (DESIGN KM. 170+415) TO KM. 217+0 NHAI,KARNATAKA","[N24001625],NHAI,TELANGANA",NHAI,KARNATAKA,2023-04,2025-03,20,29,1.45
N28000071,"ESTABLISHMENT OF CENTRAL ARMED POLICE FORCE INSTITUTE OF MEDICAL SCIENCES(CAPFIMS) AT NEW DELHI CPWD FOR MHA,DELHI",Cpwd For Mha,CPWD FOR MHA,DELHI,2022-06,2025-03,20,29,1.45
N28000117,"CONSTRUCTION OF IITB RESEARCH PARK AT IIT BOMBAY, POWAI, MUMBAI CPWD EDUCATION,MAHARASHTRA",Cpwd Of Higher Education,"CPWD
EDUCATION",MAHARASHTRA,2022-06,2025-03,20,29,1.45
N42000002,"CONSTRUCTION OF PERMANENT CAMPUS FOR NATIONAL INSTITUTE OF TECHNOLOGY GOA AT CUNCOLIM, GOA. CPWD EDUCATION,GOA",Cpwd Of Higher Education,CPWD EDUCATION,GOA,2023-04,2025-03,20,29,1.45
N04000078,"CONSTRUCTION OF TERMINAL BUILDING AND ASSOCIATED WORKS AT LEH AIRPORT AAI,LADAKH",Airport Authority Of India Limited,AAI,LADAKH,2022-06,2025-03,20,28,1.4
N16000361,"ADDITIONAL STORAGE TANKS AT PARADIP IOCL,ODISHA",Indian Oil Corporation Limited,IOCL,ODISHA,2023-04,2025-03,20,28,1.4
N16000405,"SETTING UP LUBE COMPLEX AT VILLAGES AMULLAVOYAL AND VAIKKADU, CHENNAI AS RESITEMENT OF EXISTING FACI IOCL,TAMIL NADU",Indian Oil Corporation Limited,IOCL,TAMIL NADU,2022-06,2025-03,20,28,1.4
N18000177,NORTH KARANPURA STPP (3X660 MW) 16 1980MW (3x660 M,National Thermal Power Corporation,NTPC,JHARKHAND,2022-06,2025-03,20,28,1.4
N22000380,"JARAPADA - BUDHAPANK WITH FLY OVER AT TALCHER ROAD 3RD AND 4TH LINE ECOR,ODISHA",East Coast Railway,ECOR,ODISHA,2022-06,2025-03,20,28,1.4
N22000501,"MATHURA-JHANSI-3RD LINE (273.80 KM) RVNL,UTTAR PRADESH",Rail Vikas Nigam Ltd.,RVNL,UTTAR PRADESH,2022-06,2025-03,20,28,1.4
N24000579,"FOUR LANING OF GAYA-HISUA- RAJGIRI-NALANDA- BIHARSHARIF SECTION (KM0.00 TO 92.935) ON NH-82 IN BIHAR MoRTH,BIHAR","[N24000967],MoRTH,ANDHRA PRADESH",MoRTH,BIHAR,2023-04,2025-03,20,28,1.4
N24000665,"TWO-LANNING WITH PAVED SHOULDER OF MAHSHKUNT- SAHARSA-PURNEA SECTION FROM EXISTING KM.89.020 (DESIGN NHAI,BIHAR","[N24000736],NHAI,ODISHA",NHAI,BIHAR,2022-06,2025-03,20,28,1.4
N24000834,"CONSTRUCTION OF EIGHT LANE VADODARA KIM EXPRESSWAY FROM KM 254.430 TO KM 279.000 (KIM TO ANKLESHWAR NHAI,GUJARAT","[N24001572],NHAI,RAJASTHAN",NHAI,GUJARAT,2023-04,2025-03,20,28,1.4
N24000874,(N24000874 ) UPGRADATION OF NH- 81 WITH A MINIMUM OF 2-LANE WITH PAVED SHOULDER CONFIGURATION STARTING FROM KM 19. (MoRTH ),Ministry Of Road Transport And Highways (State Pwds),MoRTH,WEST BENGAL,2022-06,2025-03,20,28,1.4
N24001430,"FOUR LANING OF POONDIYANKUPPAM (KM.67/000) TO SATTANATHAPOURAM (KM.123/800) SECTION OF NH- 45A ON HAM NHAI,TAMIL NADU","[N24001625],NHAI,TELANGANA",NHAI,TAMIL NADU,2022-06,2025-03,20,28,1.4
N24001431,"FOUR LANING OF SATTANATHAPURAM (KM.123/800) TO NAGAPATTINAM (KM.179/555) SECTION OF NH- 45A ON HAM UN NHAI,TAMIL NADU","[N24001625],NHAI,TELANGANA",NHAI,TAMIL NADU,2023-04,2025-03,20,28,1.4
N24001536,"FOUR LANING OF JIND GOHANA GREENFIELD ALIGNMENT PACKAGE 1 IN THE STATE OF HARYANA UNDER HYBRID ANNUI NHAI,HARYANA","[N24001621],NHAI,JAMMU AND KASHMIR",NHAI,HARYANA,2023-04,2025-03,20,28,1.4
N28000056,DELHI METRO RAIL CORPORATION DELHI MRTS PHASE-III,Delhi Metro Rail Corporation,DMRC,DELHI,2022-06,2025-03,20,28,1.4
N16000368,"INSTALLATION OF STANDBY SRU TRAIN OF 525 TPD ALONGWITH INCINERATOR AT PARADIP REFINERY IOCL,ODISHA",Indian Oil Corporation Limited,IOCL,ODISHA,2022-06,2025-03,20,27,1.35
N22000085,SOUTHERN RAILWAY TIDIVANAM-NAGARI (NL) 148 1)Gule,Southern Railway,SR,TAMIL NADU,2023-04,2025-03,20,27,1.35
N22000274,DEOBAND (MUZAFFARNAGAR)- ROORKEE NL 138 Civil work,Northern Railway,NR,MULTI STATE,2022-06,2025-03,20,27,1.35
N22000286,"NADIKUDE-SRI KALAHASTI SCR,ANDHRA PRADESH",South Central Railway,SCR,ANDHRA,2023-04,2025-03,20,27,1.35
N22000417,"RAMNA - SINGRAULI DOUBLING 27 """"""a) Akshayawat Rai",East Central Railways,ECR,UTTAR PRADESH,2023-04,2025-03,20,27,1.35
N22000419,"KARAILA ROAD - SHAKTINAGAR DOUBLING ECR,UTTAR PRADESH",East Central Railways,ECR,UTTAR PRADESH,2022-06,2025-03,20,27,1.35
N22000464,"WESTERN DEDICATED FREIGHT CORRIDOR DFCC,MULTI STATE",Dedicated Freight Corridor Corporation Of India Ltd,DFCC,MULTI STATE,2022-06,2025-03,20,27,1.35
N22000476,"FATUHA-ISLAMPUR INCL. MM FOR EXTENSION OF NEW LINE FORM BIHARSHARIF-BARBIGHA, DANIYAWAN- BIHARSHARIF, ECR,BIHAR",East Central Railways,ECR,BIHAR,2023-04,2025-03,20,27,1.35
N24000796,"CONSTRUCTION OF NH-24 EXTENSION 4-LANE BYPASS STARTING FROM BEHTA ROAD AND TERMINATING AT SITAPUR RO NHAI,UTTAR PRADESH","[N24001634],NHAI,HARYANA",NHAI,UTTAR PRADESH,2022-06,2025-03,20,27,1.35
N24000813,"DEVELOPMENT OF NEWLY DECLARED NH-527C FROM MAJHAULI TO CHAROUT SECTION TO 2 LANE WITH PAVED SHOULDER NHAI,BIHAR","[N24001634],NHAI,HARYANA",NHAI,BIHAR,2022-06,2025-03,20,27,1.35
N24000964,"CONSTRUCTION OF TIMMAPURAM TO GURJANAPALLE SECTION FROM KM 26.150 TO 41.161 OF NH-214(NH216)(KAKINAD MoRTH,ANDHRA PRADESH","[N24001289],MoRTH,ARUNACHAL PRADESH",MoRTH,ANDHRA PRADESH,2022-06,2025-03,20,27,1.35
N24001303,"BALANCE WORK OF 4- LANING OF PATNA-GAYA- DOBHI SECTION (KM. 0.00 TO KM. 127.217) OF NH-83 IN THE STAT NHAI,BIHAR","[N24000662],NHAI,PUNJAB",NHAI,BIHAR,2022-06,2025-03,20,27,1.35
N24001305,"BALANCE WORK OF 4- L ANING OF PATNA-GAYA- DOBHI SECTION (KM.83.00 TO KM. 127.217) OF NH-83 IN THE STA NHAI,BIHAR","[N24001625],NHAI,TELANGANA",NHAI,BIHAR,2023-04,2025-03,20,27,1.35
N24001428,"FOUR LANING OF VILUPPURAM TO PUDHUCHERRY (DESIGN CH. KM. 00/000 TO KM. 29/000) SECTION OF NH-45A ON NHAI,TAMIL NADU","[N24001560],NHAI,RAJASTHAN",NHAI,TAMIL NADU,2022-06,2025-03,20,27,1.35
N24001483,KHAMMAM DEVARAPALLE PKG II 4L ACCESS CONTROLLED (GREENFIELD) FROM SOMAVARAM VILLAGE TO CHINTAGUDEM V - PPP BOT,National Highways Authority Of India,NHAI,TELANGANA,2023-04,2025-03,20,27,1.35
N24001493,6L OF KAGAL-SATARA SECTION FROM KM 658.000 TO KM 725.000 OF NH-48 (PKG-II) (NHAI ),"[N24001625],NHAI,TELANGANA",NHAI,MAHARASHTRA,2023-04,2025-03,20,27,1.35
N24001495,4L OF RATNAGIRI - KOLHAPUR SECTION OF NH-166 FROM KM 0.000 TO KM 19.769 AND KM 31.000 TO KM 67.140 ( - PPP BOT,"[N24001572],NHAI,RAJASTHAN",NHAI,MAHARASHTRA,2023-04,2025-03,20,27,1.35
N24001504,VADODARA MUMBAI EXPRESSWAY (PHASE II - PKG XI) [KM. 77.000 TO KM. 103.400] (GANJAD - TALSARI) - PPP BOT,"[N24001719],NHAI,TAMIL NADU",NHAI,MAHARASHTRA,2023-04,2025-03,20,27,1.35
N24001506,VADODARA MUMBAI EXPRESSWAY (PHASE II - PKG XIII) [KM. 26.582 TO KM. 50.700] (SHIRSAD - MASVAN) - PPP BOT,"[N24000736],NHAI,ODISHA",NHAI,MAHARASHTRA,2023-04,2025-03,20,27,1.35
N24001507,VADODARA MUMBAI EXPRESSWAY (PHASE II - PKG XIV) [KM. 3.000 TO KM. 20.200 OF SPUR] (SHIRSAD - AKLOLI) - PPP BOT,"[N24000556],NHAI,UTTAR PRADESH",NHAI,MAHARASHTRA,2023-04,2025-03,20,27,1.35
N24001521,VADODARA MUMBAI EXPRESSWAY (PHASE II - PKG XV) [KM. 20.200 TO KM. 43.000 OF SPUR] (AKLOLI - AMNE) - PPP BOT,"[N24001625],NHAI,TELANGANA",NHAI,MAHARASHTRA,2023-04,2025-03,20,27,1.35
N24001524,(N24001524 ) WIDENING AND STRENGTHENING OF SECTION FROM BHARTHANA CHOWK TO KODARKOOT (KM. 0.00 TO KM. 40.00) OF (MoRTH ),"[N24001621],NHAI,JAMMU AND KASHMIR",NHAI,UTTAR PRADESH,2023-04,2025-03,20,27,1.35
N24001550,DELHI-AMRITSAR-KATRA EXPRESSWAY (PHASE-II PKG-XVI) EXISTING JAKH (VIJAYPUR)-KUNJWANI SECTION OF NH-4 - PPP BOT,"[N24001569],NHAI,RAJASTHAN",NHAI,JAMMU AND,2023-05,2025-03,20,27,1.35
N24001553,4L MEDINIPUR TO BALLUPUR FROM KM. 458.65 TO KM. 487.65 OF NH-07(PKG-2) - PPP BOT,"[N24000556],NHAI,UTTAR PRADESH",NHAI,UTTARAKHAND,2023-04,2025-03,20,27,1.35
N24001568,"DELHI-VADODARA GREENFIELD ALIGNMENT (NH-148N) (PKG-14) (CH. 388.420 TO CH. 419.000) [JUNCTION WITH N NHAI,RAJASTHAN","[N24001719],NHAI,TAMIL NADU",NHAI,RAJASTHAN,2023-04,2025-03,20,27,1.35
N24001593,DEVELOPMENT OF SIX LANE JHANKI SARGI OF NH 130 CD FROM KM.0+000 TO 42+800 UNDER RAIPUR VISAKHAPATTNA - PPP BOT,"[N24001719],NHAI,TAMIL NADU",NHAI,CHHATTISGARH,2023-04,2025-03,20,27,1.35
N24001595,"4L OF PALMA TO GUMLA SECTION OF NH23 FROM KM. 26.00 TO KM. 89.170 ON HAM MODE IN THE STATE OF JHARKH NHAI,JHARKHAND","[N24000662],NHAI,PUNJAB",NHAI,JHARKHAND,2023-04,2025-03,20,27,1.35
N24001630,4/6L GREENFIELD LUDHIANA RUPNAGAR HIGHWAY FROM JUNCTION WITH NE 05 VILLAGR NEAR TO MANEWAL (LUDHIANA - PPP BOT,"[N24001572],NHAI,RAJASTHAN",NHAI,PUNJAB,2023-04,2025-03,20,27,1.35
N24001636,CONSTRUCTION OF FOUR/SIX LANE GREENFIELD LUDHIANA – RUPNAGAR NATIONAL HIGHWAY NO. NH-205K UNDER BHAR - PPP BOT,KASHMIR,NHAI,PUNJAB,2023-04,2025-03,20,27,1.35
N24001637,DEVELOPMENT OF 6 LANE JALANDHAR BYPASS FROM KAHLWAN NATIONAL HIGHWAY 03 DESIGN KM 0.00 ENDING AT K - PPP BOT,"[N24000662],NHAI,PUNJAB",NHAI,PUNJAB,2023-04,2025-03,20,27,1.35
N24001640,6L AMRITSAR BATHINDA GREENFIELD SECTION FROM VILLAGE TIBA ON NE 5A TO JN. WITH MOGA JALANDHAR ROAD N - PPP BOT,"[N24001572],NHAI,RAJASTHAN",NHAI,PUNJAB,2023-04,2025-03,20,27,1.35
N24001643,4L OF AMRITSAR GHOMAN TANDA UNA SECTION FROM KM 8.270 TO KM 54.000 OF NH 503A PACKAGE I - PPP BOT,"[N24000556],NHAI,UTTAR PRADESH",NHAI,PUNJAB,2023-04,2025-03,20,27,1.35
N24001656,SIX LANING FROM THALIKULAM TO KODUNGALLUR SECTION OF NH ? 66 (OLD NH- 17) FROM DESIGN CH.369+015 (EX. (NHAI ),"[N24001634],NHAI,HARYANA",NHAI,KERALA,2023-04,2025-03,20,27,1.35
N24001675,6L OF MH/KN BORDER (NIMBAL VILLAGE) TO KN/TS BORDER (SINGNODI VILLAGE) FROM KM. 162.5 TO KM. 203.100 - PPP BOT,"[N24001560],NHAI,RAJASTHAN",NHAI,KARNATAKA,2023-04,2025-03,20,27,1.35
N24001680,4L OF SANNUR TO BIKARNAKATTE SECTION FROM KARKALA TO MANGALORE - PPP BOT,"[N24000556],NHAI,UTTAR PRADESH",NHAI,KARNATAKA,2023-04,2025-03,20,27,1.35
N24001716,"THOPPUR METTUR BHAVANI ERODE SECTION OF NH 544H FOR A LENGTH OF 85 KM NHAI,TAMIL NADU","[N24000556],NHAI,UTTAR PRADESH",NHAI,TAMIL NADU,2023-04,2025-03,20,27,1.35
N24001732,"IMPROVEMENT AND UP- GRADATION OF EXISTING ROAD TO 4L PS FROM KM 229.070 TO 260.800, END OF HARDOI DIS (NHAI )",KASHMIR,NHAI,UTTAR PRADESH,2023-04,2025-03,20,27,1.35
N24001747,SIX LANE OF PALSIT TO DANKUNI SECTION FROM 588.870 TO KM. 652.700 (NHAI ),"[N24000556],NHAI,UTTAR PRADESH",NHAI,WEST BENGAL,2023-04,2025-03,20,27,1.35
N24001748,SIX LANING OF NATIONAL CORRIDOR NH19 FROM PANAGARH TO PALSIT IN THE STATE OF WEST BENGAL UNDER BHARA (NHAI ),"[N24001560],NHAI,RAJASTHAN",NHAI,WEST BENGAL,2023-04,2025-03,20,27,1.35
N24001755,"4-LANING OF MEERUT NAJIBABAD SECTION FROM KM. 11.500 TO KM 39.250 AND KM 86.590 TO KM. 112.545.IN TH NHAI,UTTAR PRADESH","[N24001719],NHAI,TAMIL NADU",NHAI,UTTAR PRADESH,2023-04,2025-03,20,27,1.35
N24001808,REHABILITATION AND UPGRADING FROM 2 L TO 4 L FROM BHANGBAR(NEAR RANITAL) TO KANGRA BYPASS SECTION OF - PPP BOT,PRADESH,NHAI,HIMACHAL,2023-05,2025-03,20,27,1.35
N24001817,"6L OF CHILKARARUPET BYPASS FROM KM. 357.400 TO KM. 371.920 OF NH-16 NHAI,ANDHRA PRADESH","[N24001691],NHAI,KARNATAKA",NHAI,ANDHRA PRADESH,2023-05,2025-03,20,27,1.35
N30000008,"FARRUKHABAD I AND D AND STP WORKS HAM UPJalNigam,UTTAR PRADESH",Uttar Pradesh Jal Nigam,UPJalNigam,UTTAR PRADESH,2022-06,2025-03,20,27,1.35
N40000002,"INDIA INTERNATIONAL CONVENTION AND EXPO CENTRE IICC FOR DPIIT,DELHI",Iicc For Dpiit,IICC FOR DPIIT,DELHI,2022-06,2025-03,20,27,1.35
N42000007,"CONSTRUCTION OF PERMANENT CAMPUS FOR IISER AT JANGALAPALLI VILLAGE, YERPEDU MANDAL, CHITTOOR DISTRIC CPWD EDUCATION,ANDHRA PRADESH",Cpwd Of Higher Education,"CPWD
EDUCATION",ANDHRA PRADESH,2022-06,2025-03,20,27,1.35
N04000074,"MODERNIZATION OF CHENNAI AIRPORT PHASE II, CHENNAI AAI,TAMIL NADU",Airport Authority Of India Limited,AAI,TAMIL NADU,2022-06,2025-03,20,26,1.3
N04000087,UPGRADATION OF JABALPUR AIRPORT 3 Work in Progress,Airport Authority Of India Limited,AAI,MADHYA PRADESH,2022-06,2025-03,20,26,1.3
N04000093,"EXTENSION OF TERMINAL BUILDING, PTT, APRON AND CAR PARK AT SURAT AIRPORT. AAI,GUJARAT",CIVIL AVIATION,AAI,GUJARAT,2022-06,2025-03,20,26,1.3
N04000095,"EXTENSION OF EXISTING INTEGRATED TERMINAL BUILDING AND ALLIED WORKS AT GOA AIRPORT. AAI,GOA",Airport Authority Of India Limited,AAI,GOA,2023-04,2025-03,20,26,1.3
N06000087,RAJRAPPA RCE OCP ( 3.0 MTY) 9 Coal Production and,Central Coal Fields Limited,CCL,JHARKHAND,2022-06,2025-03,20,26,1.3
N06000125,Location: MADHYA PRADESH N06000125 Capatity:,Singareni Colliers Company Limitted,SECL,MADHYA,2023-04,2025-03,20,26,1.3
N06000164,MAHAMAYA OPENCAST PROJECT 91 Submission of proposa,Singareni Colliers Company Limitted,SECL,CHHATISGARH,2022-06,2025-03,20,26,1.3
N06000165,SIDULI MINE (OC AND UG) 26 Total Coal Production,Eastern Coal Fields Limited,ECL,WEST BENGAL,2022-06,2025-03,20,26,1.3
N06000169,CHITRA EAST (RCE) OCP 27 Coal production for the m,Eastern Coal Fields Limited,ECL,JHARKHAND,2022-06,2025-03,20,26,1.3
N06000171,REORGANISATION OF BHARATPUR OCP EXPANSION 43 Proje,Mahanadi Coal Fields Limited,MCL,ODISHA,2022-06,2025-03,20,26,1.3
N06000183,GANDHIGRAM UG MINE 109 PR for expansion of New Maj,Western Coal Fields Limited,WCL,MADHYA PRADESH,2022-06,2025-03,20,26,1.3
N06000189,"TALABIRA II AND III OCP 56 ""* Way forward proposal",Neyveli Lignite Corporation,NLC,ODISHA,2022-06,2025-03,20,26,1.3
N06000192,"BINA KAKRI AMALGAMATION OCP 14 MTPA NCL,MULTI STATE",Northern Coal Fields Limited,NCL,MULTI STATE,2023-04,2025-03,20,26,1.3
N06000193,"PACHWARA SOUTH COAL BLOCK 50 ""* Project was revive",Neyveli Lignite Corporation,NLC,JHARKHAND,2022-06,2025-03,20,26,1.3
N06000196,"NIGAHI EXPANSION OCP (15 TO 25 MTPA) 61 ""1) Enviro",Northern Coal Fields Limited,NCL,MADHYA PRADESH,2022-06,2025-03,20,26,1.3
N06000198,JAMPALI OCP RCE 95 Submission of proposal for paym,Singareni Colliers Company Limitted,SECL,CHHATISGARH,2022-06,2025-03,20,26,1.3
N06000199,PORDA CHIMTAPANI OCP (10 MTY) 96 Notification of 1,Singareni Colliers Company Limitted,SECL,CHHATISGARH,2022-06,2025-03,20,26,1.3
N06000200,DIPKA OC EXPANSION 40 MTY 97 Proposal for Notifica,Singareni Colliers Company Limitted,SECL,CHHATISGARH,2022-06,2025-03,20,26,1.3
N06000202,GODAVARIKHANI COAL MINE 71 Coal Production achiev,Singareni Colliers Company Limitted,SCCL,TELANGANA,2022-06,2025-03,20,26,1.3
N06000205,"GHONSA EXPANSION DEEP OC 118 ""Mine is under operat",Western Coal Fields Limited,WCL,MAHARASHTRA,2022-06,2025-03,20,26,1.3
N06000206,SASTI EXPANSION OC 112 Proposal for notification o,Western Coal Fields Limited,WCL,MAHARASHTRA,2022-06,2025-03,20,26,1.3
N06000208,"KHADIA EXPANSION OCP 62 ""1) Environmental Clearanc",Northern Coal Fields Limited,NCL,UTTAR PRADESH,2022-06,2025-03,20,26,1.3
N06000209,DHUPTALA OC(SASTI UG TO OC) 107 Out of 626.02 Ha l,Western Coal Fields Limited,WCL,MAHARASHTRA,2022-06,2025-03,20,26,1.3
N06000217,"EXPANSION PROJECT AMRAPALI OCP 13 ""Coal Productio",Central Coal Fields Limited,CCL,JHARKHAND,2022-06,2025-03,20,26,1.3
N06000218,"UCE OF EPR OF NORTH URIMARI OCP 21 ""Coal Productio",Central Coal Fields Limited,CCL,JHARKHAND,2022-06,2025-03,20,26,1.3
N06000220,"SONEPUR BAZARI EXPANSION OC 34 ""Coal Production fo",Eastern Coal Fields Limited,ECL,WEST BENGAL,2022-06,2025-03,20,26,1.3
N06000226,AMALGAMATED INDER- KAMPTEE DEEP OC (3.20 MTY) (WCL ),Western Coal Fields Limited,WCL,MAHARASHTRA,2022-06,2025-03,20,26,1.3
N06000230,BALARAM EXPANSION OCP (MCL ),Mahanadi Coal Fields Limited,MCL,ODISHA,2022-06,2025-03,20,26,1.3
N06000233,RAMPUR BATURA OC (4.0 MTY) 94 Obtaining Stage I FC,Singareni Colliers Company Limitted,SECL,MADHYA PRADESH,2022-06,2025-03,20,26,1.3
N06000237,KOTRE BASANTPUR PACHMO OCP (CCL ),Central Coal Fields Limited,CCL,JHARKHAND,2022-06,2025-03,20,26,1.3
N06000239,"SIRKA OCP 11 ""Coal Production and OBR in JUNE-22 C",Central Coal Fields Limited,CCL,JHARKHAND,2022-06,2025-03,20,26,1.3
N06000240,"JHARKHAND LAIYO OCP 14 ""Coal Production and OBR in",Central Coal Fields Limited,CCL,JHARKHAND,2022-06,2025-03,20,26,1.3
N06000241,EPR TAPIN SOUTH OCP (CCL ),Central Coal Fields Limited,CCL,JHARKHAND,2022-06,2025-03,20,26,1.3
N06000242,"EPR PUNDI OCP 18 ""Coal Production and OBR in JUNE-",Central Coal Fields Limited,CCL,JHARKHAND,2022-06,2025-03,20,26,1.3
N06000244,BONJEMEHARI EXPANSION OCP 35 Production of Coal fo,Eastern Coal Fields Limited,ECL,WEST BENGAL,2022-06,2025-03,20,26,1.3
N06000246,EXPANSION OF KARO OCP 23 Coal Production and OBR i,Central Coal Fields Limited,CCL,JHARKHAND,2022-06,2025-03,20,26,1.3
N06000251,SAONER UG MINE I EXPANSION 120 MoEF&CC for 101.60 H,Western Coal Fields Limited,WCL,MAHARASHTRA,2022-06,2025-03,20,26,1.3
N10000015,"CONSTRUCTION OF BASEMENTG FLOOR10 STORIES BUILDING FOR THE STATE OF THE ART, DG, GSI AT SECTOR-V, SA CPWD,WEST BENGAL",Central Public Works Department,CPWD,WEST BENGAL,2022-06,2025-03,20,26,1.3
N10000016,"POTTANGI BAUXITE MINES 7 ""All the packages 04 LSTK",National Aluminum Company Limited (Nalco),NALCO,ODISHA,2023-04,2025-03,20,26,1.3
N12000095,STEEL AUTHORITY OF INDIA LIMITED (SAIL) NEW SINTER PLANT AT BOKARO STEEL PLANT 4,Steel Authority Of India Limited (Sail),SAIL,JHARKHAND,2022-06,2025-03,20,26,1.3
N12000124,"NMDC SLURRY PIPE LINE PROJECT - PHASE-1 NMDC,CHHATTISGA RH",National Mineral Development Corporation (Nmdc),NMDC,CHHATISGARH,2022-06,2025-03,20,26,1.3
N12000125,INSTALLATION OF 4TH SLAB CASTER ALONG WITH ITS AUXILIARIES AND A NEW LADLE FURNACE IN SMS-II AT RSP (SAIL ),Steel Authority Of India Limited (Sail),SAIL,ODISHA,2022-06,2025-03,20,26,1.3
N16000369,"CONSTRUCTION OF 80000MT LPG CAVERN AT MANGALORE HPCL,KARNATAKA",Hindustan Petroleum Corporation Limited,HPCL,KARNATAKA,2023-04,2025-03,20,26,1.3
N16000386,"BARAUNI REFINERY CAPACITY EXPANSION FROM 6.0 TO 9.0 MMTPA IOCL,BIHAR",Indian Oil Corporation Limited,IOCL,BIHAR,2023-04,2025-03,20,26,1.3
N16000392,CITY GAS DISTRIBUTION IN WEST BENGAL 39 - MDPE simu,Hindustan Petroleum Corporation Limited,HPCL,WEST BENGAL,2022-06,2025-03,20,26,1.3
N16000398,"MUMBAI NAGPUR JHARSUGUDA PIPELINE PROJECT GAIL,MULTI STATE",Gas Authority Of India Limited,GAIL,MULTI STATE,2022-06,2025-03,20,26,1.3
N16000432,HP CRUDE TO OLEFINS AND AROMATICS TECHNOLOGY DEMO UNIT AT VISAKH REFINERY (HPCL ),Hindustan Petroleum Corporation Limited,HPCL,ANDHRA PRADESH,2022-06,2025-03,20,26,1.3
N16000434,CHENNAI PETROLEUM CORPORATION LIMITED CBR 9 MMTPA PROJECT,Chennai Petroleum Corporation Limited,CPCL,TAMIL NADU,2022-06,2025-03,20,26,1.3
N16000437,"REVAMPING, AUGMENTATION OF FACILITIES AT EXISTING PORT TERMINAL AT MANGALORE IOCL,KARNATAKA",Indian Oil Corporation Limited,IOCL,KARNATAKA,2022-06,2025-03,20,26,1.3
N16000439,INDRADHANUSH GAS GRID LTD NORTH EAST GAS GRID 126,"[N16000451],IOCL,TAMIL NADU",IGGL,MULTI STATE,2022-06,2025-03,20,26,1.3
N16000440,BHATINDA SANGRUR PIPELINE 53 Bids opened for all 3,Hindustan Petroleum Corporation Limited,HPCL,PUNJAB,2022-06,2025-03,20,26,1.3
N16000445,"DEVELOPMENT OF JHARIA CBM BLOCK (PHASE-1) ONGC,JHARKHAND",Oil & Natural Gas Corporation Limited,ONGC,JHARKHAND,2022-06,2025-03,20,26,1.3
N16000446,"EXPANSION OF CRYOGENICS GROUP BY SETTING UP NEW MANUFACTURING FACILITY IOCL,MAHARASHTRA",Indian Oil Corporation Limited,IOCL,MAHARASHTRA,2022-06,2025-03,20,26,1.3
N16000452,"CONSTRUCTION OF LUBE OIL BLENDING AND FILLING PLANT AT RASAYANI BPCL,MAHARASHTR A",Bharat Petroleum Corporation Limited,BPCL,MAHARASHTRA,2023-04,2025-03,20,26,1.3
N16000458,POLY BUTADIENE RUBBER PLANT AT PANIPAT 127 Cumulat,Indian Oil Corporation Limited,IOCL,HARYANA,2023-04,2025-03,20,26,1.3
N16000470,"DAMAN UPSIDE DEVELOPMENT PROJECT (DUDP) IN TAPTI DAMAN BLOCK ONGC,MAHARASHTR A",Oil & Natural Gas Corporation Limited,ONGC,MAHARASHTRA,2023-04,2025-03,20,26,1.3
N18000275,"PATRATU STPP-I (3X800MW) 21 ""GT charging done on 2",National Thermal Power Corporation,NTPC,JHARKHAND,2022-06,2025-03,20,26,1.3
N18000279,LUHRI HYDROELECTRIC PROJECT (STAGE1) 84 Right bank,Satluj Jal Vidyut Nigam Limited,SJVN,HIMACHAL PRADESH,2022-06,2025-03,20,26,1.3
N18000286,SAMBHU KI BHURJ-II SOLAR 300MW 20 Complete modules,National Thermal Power Corporation,NTPC,RAJASTHAN,2023-04,2025-03,20,26,1.3
N18000291,"DHAULASIDH HYDROELECTRIC PROJECT (66 MW) 83 ""1.Main",Satluj Jal Vidyut Nigam Limited,SJVN,HIMACHAL PRADESH,2022-06,2025-03,20,26,1.3
N18000294,"CHHATTARGARH 150 MW 36 Power Transformers, Inverte",National Thermal Power Corporation,NTPC,RAJASTHAN,2022-06,2025-03,20,26,1.3
N18000295,GUJARAT 200 MW (GUVNL TENDER) 35 692 acres registe,National Thermal Power Corporation,NTPC,GUJARAT,2022-06,2025-03,20,26,1.3
N18000296,"150 MW SOLAR PV PROJECT IN GUJARAT (LIMBDI, MESANKA AND RADHANPUR) NTPC,GUJARAT",National Thermal Power Corporation,NTPC,GUJARAT,2023-04,2025-03,20,26,1.3
N18000319,DAYAPAR WIND ENERGY PROJECT 150MW 38 364 acres out,National Thermal Power Corporation,NTPC,GUJARAT,2022-06,2025-03,20,26,1.3
N18000335,BIKANER SOLAR POWER PROJECT 89 - Work awarded to,Satluj Jal Vidyut Nigam Limited,SJVN,MAHARASHTRA,2023-04,2025-03,20,26,1.3
N18000337,"TRANSMISSION NETWORK EXPANSION IN GUJARAT TO INCREASE ATC FROM ISTS: PART B PGCIL,MULTI STATE",Power Grid Corporation Of India Limited,PGCIL,MULTI STATE,2023-04,2025-03,20,26,1.3
N18000347,BHADLA-II 500MW SOLAR PV PROJECT 31 Geotech comple,National Thermal Power Corporation,NTPC,RAJASTHAN,2023-04,2025-03,20,26,1.3
N22000142,MIYAGAM-KARJAN-DABHOI-SAMLAYA (GC) 254 As per Rail,Western Railway,WR,GUJARAT,2022-06,2025-03,20,26,1.3
N22000158,"DHOLPUR-SIRMUTTRA WITH EXTENSION TO GANGAPURCITY AND MOHARI-TANTPUR AND TANPUR-BANSI PAHARPUR NCR,MULTI STATE",North Central Railway,NCR,MULTI STATE,2022-06,2025-03,20,26,1.3
N22000233,"KALYAN-KASARA 3RD LINE 3 25.2.2021, area verificat",Central Railways,CR,MAHARASHTRA,2022-06,2025-03,20,26,1.3
N22000256,"TUMKUR-CHITRADURGA-DAVENGERE NL 213 ""(i)Kajjidoni",South Western Railway,SWR,KARNATAKA,2022-06,2025-03,20,26,1.3
N22000376,"JAGADALPUR-KORAPUT DOUBLING 53 ""(i)This project is",East Coast Railway,ECOR,ODISHA,2022-06,2025-03,20,26,1.3
N22000496,JHANSI BINA DOUBLING 60 The Project anticipated c,North Central Railway,NCR,UTTAR PRADESH,2023-04,2025-03,20,26,1.3
N24000248,"EPC- CORRIDOR APPROACH WORKS - NH (O): WIDENING EXISTING 2 LANE TO 2 LANE WITH PAVED SHOULDERS IN KM MoRTH,TELANGANA",ROAD TRANSPORT AND HIGHWAYS,MoRTH,TELANGANA,2022-06,2025-03,20,26,1.3
N24000332,"REHABILITATION AND UPGRADATION OF END OF AHMEDNAGAR BYPASS TO KHARWANDI KASAR SECTION OF NH-222 FROM MoRTH,MAHARASHTRA","[N24001289],MoRTH,ARUNACHAL PRADESH",MoRTH,MAHARASHTRA,2022-06,2025-03,20,26,1.3
N24000442,"CONSTRUCTION OF FLYOVER AT KM.544.650 INCLUDING ROB ,SERVICE ROADS ,FOOTPATH FOR RCC DRAINS ON URBAN NHAI,MAHARASHTR A","[N24000662],NHAI,PUNJAB",NHAI,MAHARASHTRA,2022-06,2025-03,20,26,1.3
N24000480,"FOUR OF SIMARIA - KHAGARIA SECTION OF NH-31 NHAI,BIHAR","[N24001634],NHAI,HARYANA",NHAI,BIHAR,2023-04,2025-03,20,26,1.3
N24000513,"UMARIYA TO SHAHDOL SECTION OF NH-78 IN MADYA PRADESH KM 68/4 TO 142/200 MoRTH,MADHYA PRADESH","[N24001380],MoRTH,TAMIL NADU",MoRTH,MADHYA,2023-04,2025-03,20,26,1.3
N24000584,"4-LANNING OF NH17 AND NEW NO. NH66 FROM KM 161/600 TO 205/400 UNDER HYBRID ANNUITY MODE MoRTH,MAHARASHTRA","[N24001289],MoRTH,ARUNACHAL PRADESH",MoRTH,MAHARASHTRA,2022-06,2025-03,20,26,1.3
N24000619,"DEVELOPMENT OF FOUR LANNING OF ANGUL- SAMBALPUR SECTION OF NATIONAL HIGHWAY NH- 42 (NEW NH-55 IN THE S NHAI,ODISHA",KASHMIR,NHAI,ODISHA,2022-06,2025-03,20,26,1.3
N24000708,"4-LANNING OF STHIYATHOPU- CHOLOPURAM NHAI,TAMIL NADU","[N24000662],NHAI,PUNJAB",NHAI,TAMIL NADU,2022-06,2025-03,20,26,1.3
N24000714,"CONSTRUCTION OF NEW LINK (NH-133B) FROM KM 0/00 (KM 200/87 OF SAHIBANJ BYPASS) IN JHARKHAND TO KM 15 NHAI,BIHAR","[N24001634],NHAI,HARYANA",NHAI,BIHAR,2022-06,2025-03,20,26,1.3
N24000742,"2 LANE WITH PAVED SHOULDER FROM KM 399.00 TO KM 430.00 OF KARANPARYAG TO CHAMOLI UNDER CHARDHAM PARI NHIDCL,UTTARAKHA ND","[N24000967],MoRTH,ANDHRA PRADESH",NHIDCL,UTTARAKHAND,2022-06,2025-03,20,26,1.3
N24000745,"2 LANE WITH HARD SHOLDER , REHABILITATION AND UP GRADATION OF SECTION FROM KM 242.0 TO KM 298.0 OF N NHIDCL,ANDAMAN AND NICOBAR ISLANDS","[N24000967],MoRTH,ANDHRA PRADESH",NHIDCL,ANDAMAN AND,2022-06,2025-03,20,26,1.3
N24000772,"RECONSTRUCTION WITH GEOMETRIC IMPROVEMENT OF EXISTING 2 LANE/INTERMEDIATE LANE TO 2LANE WITH PAVED S MoRTH,UTTARAKHAND","[N24001289],MoRTH,ARUNACHAL PRADESH",MoRTH,UTTARAKHAND,2023-04,2025-03,20,26,1.3
N24000778,"RECONSTRUCTION WITH GEOMETRIC IMPROVEMENT OF EXISTING SINGLE/INTERMEDIATE LANE TO 2LANE WITH PAVED S MoRTH,UTTARAKHAND","[N24001289],MoRTH,ARUNACHAL PRADESH",MoRTH,UTTARAKHAND,2022-06,2025-03,20,26,1.3
N24000798,"SIX LANING OF HAPUR BYPASS TO MORADABAD SECTION INCLUDING HAPUR BYPASS FROM KM 50.000 (DESIGN CHAINA NHAI,UTTAR PRADESH","[N24001719],NHAI,TAMIL NADU",NHAI,UTTAR PRADESH,2022-06,2025-03,20,26,1.3
N24000925,"CONSTRUCTION OF MISSING LINKS (SINGLE LANE) IN LAKHPAT GADULI HAJIPIR ODMA KHAVDA DHOLAVIRA MAUVANA MoRTH,GUJARAT","[N24001289],MoRTH,ARUNACHAL PRADESH",MoRTH,GUJARAT,2022-06,2025-03,20,26,1.3
N24000943,"CONSTRUCTION OF A NEW 4 LANE MAJOR BRIDGE ACROSS RIVER KOSI AT PHULAUT INCLUDING RHABILITATION AND MoRTH,BIHAR","[N24001289],MoRTH,ARUNACHAL PRADESH",MoRTH,BIHAR,2022-06,2025-03,20,26,1.3
N24000969,"CONSTRUCTION OF 2L+PS FROM PASARLAPUDI-DHINDI (105/700 TO 127.500 OF NH-214) OF NH-216 MoRTH,ANDHRA PRADESH","[N24001289],MoRTH,ARUNACHAL PRADESH",MoRTH,ANDHRA PRADESH,2022-06,2025-03,20,26,1.3
N24000994,"CONSTRUCTION OF SIX LANE ELEVATED CORRIDOR FROM KM.7.950 (UPPAL) TO KM.14.200 OF NH-163 TO DE-CONGES MoRTH,TELANGANA","[N24001289],MoRTH,ARUNACHAL PRADESH",MoRTH,TELANGANA,2023-04,2025-03,20,26,1.3
N24000997,"REHABILITATION AND UP GRADATION FROM KM. 121/0 TO 154/0 OF NAKAREKAL – MALLAMPALLY SECTION OF NH-365 MoRTH,TELANGANA","[N24001289],MoRTH,ARUNACHAL PRADESH",MoRTH,TELANGANA,2022-06,2025-03,20,26,1.3
N24001039,JINTUR TO PARBHANI 144 Physical progress for the m,"[N24000967],MoRTH,ANDHRA PRADESH",MoRTH,MAHARASHTRA,2022-06,2025-03,20,26,1.3
N24001046,RALEGAON TO RAMTIRTH 140 Physical progress for the,"[N24001289],MoRTH,ARUNACHAL PRADESH",MoRTH,MAHARASHTRA,2022-06,2025-03,20,26,1.3
N24001057,"KARAD PATAN CHIPLUN GUHAGAR MoRTH,MAHARASHTRA",Ministry Of Road Transport And Highways (State Pwds),MoRTH,MAHARASHTRA,2023-04,2025-03,20,26,1.3
N24001080,"MALE VILLAGE TO PUNE RAIGARH DISTRICT BORDER MoRTH,MAHARASHTRA","[N24001289],MoRTH,ARUNACHAL PRADESH",MoRTH,MAHARASHTRA,2023-04,2025-03,20,26,1.3
N24001090,KOLDE TO KHETIYA 114 Physical progress for the mon,"[N24001289],MoRTH,ARUNACHAL PRADESH",MoRTH,MAHARASHTRA,2023-04,2025-03,20,26,1.3
N24001095,SATARA MURVAD PILLOV PANDHARPUR 132 Physical progr,Ministry Of Road Transport And Highways (State Pwds),MoRTH,MAHARASHTRA,2022-06,2025-03,20,26,1.3
N24001097,SELDOH TO PANVAR 307 Physical progress for the mon,"[N24001289],MoRTH,ARUNACHAL PRADESH",MoRTH,MAHARASHTRA,2022-06,2025-03,20,26,1.3
N24001114,INDAPUR TO VADPALE 120 Physical progress for the m,"[N24001289],MoRTH,ARUNACHAL PRADESH",MoRTH,MAHARASHTRA,2023-04,2025-03,20,26,1.3
N24001122,PAITHAN TO SHIRUR 148 Construction of 2 lane with,"[N24000967],MoRTH,ANDHRA PRADESH",MoRTH,MAHARASHTRA,2023-04,2025-03,20,26,1.3
N24001130,"RECONSTRUCTION WITH GEOMETRIC IMPROVMENT OF EXISTING INTERMEDIATE LANE TO 2 LANE WITH PAVED SHOULDER MoRTH,UTTARAKHAND","[N24001289],MoRTH,ARUNACHAL PRADESH",MoRTH,UTTARAKHAND,2022-06,2025-03,20,26,1.3
N24001165,"WIDENING TO 2 LANE WITH PAVED SHOULDERS FROM KM 34.00 TO 70.900 OF NH-150 UNDER EPC MODE IN THE STAT MoRTH,KARNATAKA",Ministry Of Road Transport And Highways (State Pwds),MoRTH,KARNATAKA,2022-06,2025-03,20,26,1.3
N24001222,"REHABILITATION AND UPGRADATION OF NH 78 FROM KM 469.000 TO 531.000 PATTHALGAON TO KUNKURI MoRTH,CHHATTISGA RH","[N24001289],MoRTH,ARUNACHAL PRADESH",MoRTH,CHHATISGARH,2022-06,2025-03,20,26,1.3
N24001227,"CONSTRUCTION OF 4 NOS GRADE SEPARATOR BETWEEN KM. 281.000 TO KM 307.600 KM. 286.400 KUMHARI KM. 299. MoRTH,CHHATTISGA RH","[N24001289],MoRTH,ARUNACHAL PRADESH",MoRTH,CHHATTISGARH,2023-04,2025-03,20,26,1.3
N24001256,CONSTRUCTION OF (I) CONNECTING ROAD FROM Z- MORH TUNNEL TO ZOJILA TUNNEL AND (II) 14.150 KM LONG BI-D (NHIDCL ),"[N24000967],MoRTH,ANDHRA PRADESH",NHIDCL,JAMMU AND KASHMIR,2022-06,2025-03,20,26,1.3
N24001378,"WAKHARI TO KHUDUS PACKAGE2 SANT DNYANESHWAR MAHARAJ PALKHI MARG SECTION OF NH965 NHAI,MAHARASHTRA",KASHMIR,NHAI,MAHARASHTRA,2023-04,2025-03,20,26,1.3
N24001383,"REHABILITATION AND UPGRADATION TO INTERMEDIATE LANE CONFIGURATION OF SHRI KYARI-GUMMA SECTION (KM 75 MoRTH,HIMACHAL PRADESH","[N24001289],MoRTH,ARUNACHAL PRADESH",MoRTH,HIMACHAL,2023-04,2025-03,20,26,1.3
N24001386,"REHABILITATION AND UPGRADATION TO 2-LANE WITH PAVED SHOULDERS CONFIGURATION OF PADERU- GONDIGUDA SECT MoRTH,ANDHRA PRADESH","[N24001289],MoRTH,ARUNACHAL PRADESH",MoRTH,ANDHRA PRADESH,2022-06,2025-03,20,26,1.3
N24001394,"KHELLANI-KHANABAL PKG-2 NHIDCL,JAMMU AND KASHMIR","[N24000967],MoRTH,ANDHRA PRADESH",NHIDCL,JAMMU AND,2023-04,2025-03,20,26,1.3
N24001418,"DELHI-AMRITSAR-KATRA EXPRESSWAY FROM CH.KM 303+900 TO KM 319+400 OF MAIN EXPRESSWAY) AND AMRITSAR CO NHAI,PUNJAB","[N24001634],NHAI,HARYANA",NHAI,PUNJAB,2022-06,2025-03,20,26,1.3
N24001420,DELHI-AMRITSAR- KATRA EXPRESSWAY (PHASE-I PKG-XII) FROM JUNCTION WITH AMRITSAR- MEHTA- SRIHARGOBINDPUR,"[N24000556],NHAI,UTTAR PRADESH",NHAI,PUNJAB,2022-06,2025-03,20,26,1.3
N24001424,"CONSTRUCTION OF FOUR-LANE ELEVATED VIADUCT FROM KM.4+634 TO KM.6+345 ON NH- 24A INCLUDING RETAINING W MoRTH,UTTAR PRADESH","[N24001289],MoRTH,ARUNACHAL PRADESH",MoRTH,UTTAR PRADESH,2022-06,2025-03,20,26,1.3
N24001427,"CONSTRUCTION OF ROB WITH APPROACHES IN LIEU OF L C NO 165 OF AHMEDABAD PALANPUR BETWEEN RAILWAY STAT MoRTH,GUJARAT","[N24000967],MoRTH,ANDHRA PRADESH",MoRTH,GUJARAT,2022-06,2025-03,20,26,1.3
N24001443,"CONSTRUCTION OF FOUR LANE EXPRESSWAY FROM START OF SARDAR PATEL RING ROAD TO SINDHREJ VILLAGE (CH. 0 NHAI,GUJARAT",KASHMIR,NHAI,GUJARAT,2022-06,2025-03,20,26,1.3
N24001444,"CONSTRUCTION OF FOUR LANE EXPRESSWAY FROM START OF SINDHREJ VILLAGE (CH. 22.00 TO CH. 48.52) SECTION NHAI,GUJARAT",KASHMIR,NHAI,GUJARAT,2023-04,2025-03,20,26,1.3
N24001448,"UPGRADATION OF ADHALGAON- JAMKHED SECTION OF NH-548 D FROM KM 132/600 TO KM 195/375 TO TWO LANE WITH MoRTH,MAHARASHT RA",Ministry Of Road Transport And Highways (State Pwds),MoRTH,MAHARASHTRA,2023-04,2025-03,20,26,1.3
N24001468,REPANPALLI TO SIRONCHA 320 Preliminary work is in,"[N24000967],MoRTH,ANDHRA PRADESH",MoRTH,MAHARASHTRA,2023-04,2025-03,20,26,1.3
N24001472,"BALANCE WORKS OF FOUR LANING FROM RAMBAN KM 151.00 TO BANIHAL KM 187.00 OF NH-1A (NOW NH-44) WITH VA NHAI,JAMMU AND KASHMIR","[N24001634],NHAI,HARYANA",NHAI,JAMMU AND,2023-04,2025-03,20,26,1.3
N24001488,"DHARAMPURI-LONAND FROM KM. 117.00 TO 166.40 (PKG-IV) ON MOHOL-ALANDI SECTION NHAI,MAHARASHTR A",KASHMIR,NHAI,MAHARASHTRA,2023-04,2025-03,20,26,1.3
N24001508,VADODARA MUMBAI EXPRESSWAY (PHASE II - PKG XVI) [KM. 43.000 TO KM. 69.800 OF SPUR] (AMNE - BHOJ) - PPP BOT,"[N24000736],NHAI,ODISHA",NHAI,MAHARASHTRA,2023-04,2025-03,20,26,1.3
N24001511,"CONSTRUCTION OF FOUR LANE RINGROAD BYPASS SRINAGAR CITY NHAI,JAMMU AND KASHMIR","[N24001719],NHAI,TAMIL NADU",NHAI,JAMMU AND,2023-04,2025-03,20,26,1.3
N24001515,"DELHI VADODARA GREENFIELD ALIGNMENT SECTION OF NH 148N PACKAGE 26 NHAI,GUJARAT","[N24001572],NHAI,RAJASTHAN",NHAI,GUJARAT,2023-04,2025-03,20,26,1.3
N24001518,"DELHI VADODARA GREENFIELD ALIGNMENT SECTION OF NH 148N PACKAGE 30 NHAI,GUJARAT","[N24000736],NHAI,ODISHA",NHAI,GUJARAT,2023-04,2025-03,20,26,1.3
N24001519,"DELHI VADODARA GREENFIELD ALIGNMENT SECTION OF NH 148N PACKAGE 28 NHAI,GUJARAT",National Highways Authority Of India,NHAI,GUJARAT,2023-04,2025-03,20,26,1.3
N24001526,UPGRADATION AND 4L OF HARIDWAR BYPASS FROM KM 0.000 (KM 188.100 OF NH-58) TO KM. 15.100 (KM 5.100 OF - PPP BOT,"[N24001719],NHAI,TAMIL NADU",NHAI,UTTARAKHAND,2023-04,2025-03,20,26,1.3
N24001552,DELHI-AMRITSAR-KATRA EXPRESSWAY (PHASE-II PKG-XV) [JUNCTION WITH HIRANAGAR ROAD NEAR VILLAGE GURHA B - PPP BOT,"[N24000662],NHAI,PUNJAB",NHAI,JAMMU AND,2023-04,2025-03,20,26,1.3
N24001599,"BELAKERI PORT TO KUMTA - SIRSI ROAD FROM KM 0.00 - KM 4.265 OF BELEKERI PORT ROAD LINK RD. AND KM 4. NHAI,KARNATAKA","[N24001560],NHAI,RAJASTHAN",NHAI,KARNATAKA,2023-04,2025-03,20,26,1.3
N24001600,"BALANCE WORK 2-LANE WITH PAVED SHOULDERS OF NAGAPATTINAM - THANJAVUR SECTION OF NH- 67 (NEW NH-83) NHAI,TAMIL NADU","[N24000556],NHAI,UTTAR PRADESH",NHAI,TAMIL NADU,2023-04,2025-03,20,26,1.3
N24001616,"2L PS OF SATNA - MAIHAR SECTION OF NH-135BG FROM KM 80.800 TO KM 120.125 NHAI,MADHYA PRADESH",KASHMIR,NHAI,MADHYA,2023-04,2025-03,20,26,1.3
N24001620,"CONSTRUCTION OF TUNNELS/VIADUCTS AT IDENTIFIED SLIDING/SLIP ZONES AT KM 130.550 TO KM.130.750; KM. NHAI,JAMMU AND KASHMIR","[N24001621],NHAI,JAMMU AND KASHMIR",NHAI,JAMMU AND,2023-04,2025-03,20,26,1.3
N24001624,"CONSTRUCTION OF EMERGENCY LANDING FACILITY FROM KM. 246.60 TO KM. 249.70 ON SRINAGAR - BANIHAL SECTI NHAI,JAMMU AND KASHMIR","[N24001719],NHAI,TAMIL NADU",NHAI,JAMMU AND,2023-04,2025-03,20,26,1.3
N24001632,CONSTRUCTION OF FOUR LANE GREENFIELD PROJECT OF DELHI-AMRITSAR-KATRA EXPRESSWAY (PHASE-I PKG-V) FROM - PPP BOT,KASHMIR,NHAI,PUNJAB,2023-04,2025-03,20,26,1.3
N24001633,"CONSTRUCTION OF FOUR LANE GREENFIELD PROJECT OF DELHI-AMRITSAR-KATRA EXPRESSWAY (PHASE-I PKG-III) F NHAI,HARYANA","[N24000556],NHAI,UTTAR PRADESH",NHAI,HARYANA,2023-04,2025-03,20,26,1.3
N24001650,"SIX LANING OF KADAMBATTUKONAM TO KAZHAKKOOTTAM SECTION OF NH-66(OLD NH-47) FROM KM. 517+250 TO KM.54 NHAI,KERALA","[N24001621],NHAI,JAMMU AND KASHMIR",NHAI,KERALA,2023-04,2025-03,20,26,1.3
N24001657,"SIX LANING OF KOTTUKULANGARA (DESIGN KM. 454+500) TO START OF KOLLAM BYPASS (DESIGN KM. 486+000) SEC NHAI,KERALA",KASHMIR,NHAI,KERALA,2023-04,2025-03,20,26,1.3
N24001658,SIX LANING OF RAMANATTUKARA JUNCTION TO START OF VALANCHERY BYPASS SECTION OF NH-66 (OLD NH- 17) FROM (NHAI ),"[N24000662],NHAI,PUNJAB",NHAI,KERALA,2023-04,2025-03,20,26,1.3
N24001676,6L OF MH/KN BORDER (NIMBAL VILLAGE) TO KN/TS BORDER (SINGNODI VILLAGE) FROM KM. 26.000 TO KM. 97.000 - PPP BOT,"[N24001719],NHAI,TAMIL NADU",NHAI,KARNATAKA,2023-04,2025-03,20,26,1.3
N24001683,"AURAD - BIDAR KM 0.00 TO KM 45.878 NHAI,KARNATAKA","[N24001719],NHAI,TAMIL NADU",NHAI,KARNATAKA,2023-04,2025-03,20,26,1.3
N24001692,(N24001692 ) FOUR LANING OF NERALURU TO THORAPALLI AGRAHARAM SECTION OF NH-844 (PKG-I) FROM KM.0+000 TO KM.23+350 (NHAI ),"[N24000556],NHAI,UTTAR PRADESH",NHAI,TAMIL NADU,2023-04,2025-03,20,26,1.3
N24001711,"6L OF KANHAULI RAMNAGAR PATNA RING ROAD PKG I FROM KM 0.000 TO KM 39.160 OF SH78 NEW NH131G NHAI,BIHAR",KASHMIR,NHAI,BIHAR,2023-04,2025-03,20,26,1.3
N24001744,"4L OF SHAMLI BYAPSS- SAHARANPUR FROM KM 92.2 TO KM 155.025 SECTION OF NH- 709B, PKG-II NHAI,UTTAR PRADESH","[N24000662],NHAI,PUNJAB",NHAI,UTTAR PRADESH,2023-04,2025-03,20,26,1.3
N24001750,"CONSTRUCTION OF NEW 4 LANE BRIDGE OVER RIVER GANGA AT DOWNSTREAM OF FARAKKA BARRAGE INCLUDING APPROA NHAI,WEST BENGAL","[N24000556],NHAI,UTTAR PRADESH",NHAI,WEST BENGAL,2023-04,2025-03,20,26,1.3
N24001753,4 LANING OF NAJIBABAD BYPASS OF NH- 119 FROM KM. 105.423 TO KM. 118.373 (EXCLUDING 2.45 KM. OF NH-74 (NHAI ),"[N24000736],NHAI,ODISHA",NHAI,UTTAR,2023-04,2025-03,20,26,1.3
N26000114,"PHASE-I OF CONSOLIDATION OF EXISTING CDR DATA CENTERS AND NIB-P3 DATA CENTERS WITH STATE OF THE ART BSNL,MULTI STATE",Bharat Sanchar Nigam Limited,BSNL,MULTI STATE,2022-06,2025-03,20,26,1.3
N28000105,NATIONAL BUILDING CONSTRUCION CORPORATION LTD REDEVELOPMEN,National Building Construcion Corporation Ltd,NBCC,DELHI,2022-06,2025-03,20,26,1.3
N28000125,INDORE METRO RAIL 22 have also been awarded. Tende,Madhya Pradesh Metro Rail Co Limited,MPMRCL,MADHYA,2023-04,2025-03,20,26,1.3
N28000129,"REDEVELOPMENT OF GPRA AT KASTURBA NAGAR PHASE I CPWD,DELHI",Central Public Works Department,CPWD,DELHI,2022-06,2025-03,20,26,1.3
N28000151,BANGALORE METRO RAIL PROJECT LIMITED. PHASE. 2A AND 2B (BMRCL ),Bangalore Metro Rail Corporation Limited,BMRCL,KARNATAKA,2022-06,2025-03,20,26,1.3
N30000042,"INTERCEPTION AND DIVERSION WITH STP AT HUGHLY- CHINSURAH KMDA,WEST BENGAL",Kolkata Metropolitan Development Authority,KMDA,WEST BENGAL,2022-06,2025-03,20,26,1.3
N30000044,"SEWERAGE SYSTEM WITH SEWER NETWORK PATNA KARMALICHAK BUIDCO,BIHAR",Bihar Urban Infrastructure Development Corporation Ltd,BUIDCO,BIHAR,2023-04,2025-03,20,26,1.3
N40000001,NATIONAL INDUSTRIAL CORRIDOR PROJECT (DMIC FOR DPIIT ),Dmic For Dpiit,DMIC FOR DPIIT,MULTI STATE,2022-06,2025-03,20,26,1.3
N42000006,"CONSTRUCTION OF PERMANENT CAMPUS FOR INDIAN INSTITUTE OF TECHNOLOGY, DHARWAD (PHASE 1A) CPWD EDUCATION,KARNATAKA",Cpwd Of Higher Education,"CPWD
EDUCATION",KARNATAKA,2022-06,2025-03,20,26,1.3
N42000009,"PERMANENT CAMPUS FOR IIM BODH GAYA CPWD EDUCATION,BIHAR",Cpwd Of Higher Education,"CPWD
EDUCATION",BIHAR,2023-04,2025-03,20,26,1.3
220100303,"HAJIPUR-SUGAULI VIA VAISHALI (NL), ECR 24 ""Koderma",East Central Railways,ECR,BIHAR,2022-06,2025-03,20,25,1.25
N06000117,"GARJANBAHAL OCP MCL,ODISHA",Mahanadi Coal Fields Limited,MCL,ODISHA,2022-06,2025-03,20,25,1.25
N06000148,"AMADAND OPENCAST EXPANSION PROJECT SECL,MADHYA PRADESH",Singareni Colliers Company Limitted,SECL,MADHYA,2023-04,2025-03,20,25,1.25
N06000167,INTEGRATED LAKHANPUR-BELPAHAR-LILARI OCP 42 out to,Mahanadi Coal Fields Limited,MCL,ODISHA,2022-06,2025-03,20,25,1.25
N06000214,"RCE OF KAKATHIYAKHANI OC - 2 PROJECT SCCL,TELANGANA",Singareni Colliers Company Limitted,SCCL,TELANGANA,2023-04,2025-03,20,25,1.25
N06000219,ADASA UG TO OC (1.50 MTY) (WCL ),Western Coal Fields Limited,WCL,MAHARASHTRA,2022-06,2025-03,20,25,1.25
N06000231,"MUNGOLI NIRGUDA EXTENSION (DEEP) OC 117 ""PR approv",Western Coal Fields Limited,WCL,MAHARASHTRA,2022-06,2025-03,20,25,1.25
N06000245,"EXPANSION OF KONAR OCP 22 ""Coal Production and OBR",Central Coal Fields Limited,CCL,JHARKHAND,2022-06,2025-03,20,25,1.25
N12000122,"REBUILDING OF COKE OVEN BATTERY-2 ALONGWITH AUGMENTATION OF COKE HANDLING AND GAS HANDLING FACILITY SAIL,ODISHA",Steel Authority Of India Limited (Sail),SAIL,ODISHA,2022-06,2025-03,20,25,1.25
N16000423,"CGD PROJECT AT KHAGARIA, SAHARSA AND MADHEPURA IOCL,BIHAR",Indian Oil Corporation Limited,IOCL,BIHAR,2023-04,2025-03,20,25,1.25
N16000444,COMMERCIAL POLYMER FLOODING PROJECT IN BECHRAJI FIELD (ONGC ),Oil & Natural Gas Corporation Limited,ONGC,GUJARAT,2022-06,2025-03,20,25,1.25
N18000292,ANTA SOLAR 90 MW 33 35MW COD done. 5MWp out of bal,National Thermal Power Corporation,NTPC,RAJASTHAN,2022-06,2025-03,20,25,1.25
N18000320,NOKH PLOT-1 SOLAR PV PROJECT 245MW 27 Power evacua,National Thermal Power Corporation,NTPC,RAJASTHAN,2022-06,2025-03,20,25,1.25
N18000350,"WESTERN REGION EXPANSION SCHEME XXV PGCIL,CHHATTISGA RH","[N18000331],PGCIL,MULTI STATE",PGCIL,CHHATTISGARH,2023-04,2025-03,20,25,1.25
N21000031,"COMPREHENSIVE PLANNING, DESIGNING, EXECUTION OF ALL INDIA INSTITUTE OF MEDICAL SCIENCES AT BIBINAGAR HITES,TELANGANA",Hll Infra Tech Services Limited,HITES,TELANGANA,2023-04,2025-03,20,25,1.25
N22000177,ARARIA-SUPAUL (NL) 32 As per Rly. Board letter no.,East Central Railways,ECR,BIHAR,2022-06,2025-03,20,25,1.25
N22000495,"JHANSI MANIKPUR AND KHAIRAR BHIMSEN DOUBLING NCR,UTTAR PRADESH",North Central Railway,NCR,UTTAR PRADESH,2022-06,2025-03,20,25,1.25
N24000655,"CONSTRUCTION OF NEW 4- LANE BRIDGE ACROSS VARSOVA CREEK AND ITS APPROACHES WITH INTERCHANGE IN THE ST NHAI,MAHARASHTR A","[N24001719],NHAI,TAMIL NADU",NHAI,MAHARASHTRA,2022-06,2025-03,20,25,1.25
N24000709,"BALANCE WORK FOR FOUR LANING OF ITARSI TO BETUL SECTION OF NH69 FROM KM 63.000 TO KM 137.00 (DESIGN NHAI,MADHYA PRADESH",KASHMIR,NHAI,MADHYA,2023-04,2025-03,20,25,1.25
N24000780,"REHABILITATION AND UP GRADATION OF 2 LANE/ 2 LANE WITH PAVED SHOULDER FROM EXISTING KM. 172.900 TO K MoRTH,UTTARAKHAND","[N24001289],MoRTH,ARUNACHAL PRADESH",MoRTH,UTTARAKHAND,2022-06,2025-03,20,25,1.25
N24000983,"WIDENING TO TWO LANE WITH PAVED SHOULDERS FROM KM 0/970 TO KM 40/410 OF JANAGAON-THIRUMALAGIRI OF NH MoRTH,TELANGANA","[N24001289],MoRTH,ARUNACHAL PRADESH",MoRTH,TELANGANA,2022-06,2025-03,20,25,1.25
N24000993,"REHABILITATION AND UPGRADATION OF NH-167 FROM DESIGN KM.187.723 TO 234.434 (MIRYALAGUDA TO KODAD SEC MoRTH,TELANGANA","[N24000967],MoRTH,ANDHRA PRADESH",MoRTH,TELANGANA,2022-06,2025-03,20,25,1.25
N24001008,"AJANTHA TO BULDHANA NHIDCL,ANDAMAN AND NICOBAR ISLANDS","[N24000967],MoRTH,ANDHRA PRADESH",NHIDCL,ANDAMAN AND,2022-06,2025-03,20,25,1.25
N24001264,"UP-GRADATION TO 2-LANE WITH PAVED SHOULDER FROM KM 12.850 TO KM20.300 OF 7.450KM LENGTH ON GOHA-KHEL NHIDCL,JAMMU AND KASHMIR","[N24000967],MoRTH,ANDHRA PRADESH",NHIDCL,JAMMU AND KASHMIR,2022-06,2025-03,20,25,1.25
N24001342,"DONIPAWA TO ASHAJIPORA BYPASS PKG-7 NHIDCL,JAMMU AND KASHMIR","[N24000967],MoRTH,ANDHRA PRADESH",NHIDCL,JAMMU AND,2023-04,2025-03,20,25,1.25
N24001371,"CONSTRUCTION OF 2 LANE BRIDGE ACROSS RIVER KOSI WITH APPROACH ROAD FROM BHEJA TO BAKAUR SECTION OF N NHAI,BIHAR",PRADESH,NHAI,BIHAR,2022-06,2025-03,20,25,1.25
N24001381,"REHABILITATION AND UPGRADATION TO 2-LANE/2-LANE WITH PAVED SHOULDERS/4-LANE CONFIGURATION OF PAONTA MoRTH,HIMACHAL PRADESH",Ministry Of Road Transport And Highways (State Pwds),MoRTH,HIMACHAL PRADESH,2022-06,2025-03,20,25,1.25
N24001382,"REHABILITATION AND UPGRADATION TO 2-LANE CONFIGURATION OF HEWNA-ASHYARI SECTION (KM 25.000 TO KM 50. MoRTH,HIMACHAL PRADESH",Ministry Of Road Transport And Highways (State Pwds),MoRTH,HIMACHAL PRADESH,2022-06,2025-03,20,25,1.25
N24001446,"CONSTRUCTION OF FOUR LANE EXPRESSWAY FROM START OF DSIR ZONE OF AHMEDABAD DISTRICT TO ADHELAI VILLAG NHAI,GUJARAT","[N24000556],NHAI,UTTAR PRADESH",NHAI,GUJARAT,2022-06,2025-03,20,25,1.25
N24001486,"TUNNEL AT KHAMBATAKI GHAT SECTION AND ITS APPROACHES FROM EXISTING KM. 771.730 TO EXISTING KM. 782.0 NHAI,MAHARASHTR A","[N24000556],NHAI,UTTAR PRADESH",NHAI,MAHARASHTRA,2023-04,2025-03,20,25,1.25
N24001516,"DELHI VADODARA GREENFIELD ALIGNMENT SECTION OF NH 148N PACKAGE 27 NHAI,GUJARAT","[N24001560],NHAI,RAJASTHAN",NHAI,GUJARAT,2023-04,2025-03,20,25,1.25
N24001561,"DEOGARH (NEAR DHANDHANIYA)-RAJASTHAN/GUJARAT BORDER (PHASE-I) (AJ/DRGB-PACKAGE-8) NHAI,RAJASTHAN",KASHMIR,NHAI,RAJASTHAN,2023-04,2025-03,20,25,1.25
N24001563,"DEOGARH (NEAR DHANDHANIYA)-RAJASTHAN/GUJARAT BORDER (PHASE-I) (AJ/DRGB-PACKAGE-6) NHAI,RAJASTHAN","[N24001560],NHAI,RAJASTHAN",NHAI,RAJASTHAN,2023-04,2025-03,20,25,1.25
N24001564,"DEOGARH (NEAR DHANDHANIYA)-RAJASTHAN/GUJARAT BORDER (PHASE-I) (AJ/DRGB-PACKAGE-7) NHAI,RAJASTHAN",KASHMIR,NHAI,RAJASTHAN,2023-04,2025-03,20,25,1.25
N24001567,"DELHI-VADODARA GREENFIELD ALIGNMENT (NH-148N) (PKG-10) (CH. 292.950 TO CH. 319.400) [END OF INTERCHA NHAI,RAJASTHAN","[N24001634],NHAI,HARYANA",NHAI,RAJASTHAN,2023-04,2025-03,20,25,1.25
N24001573,"DELHI-VADODARA GREENFIELD ALIGNMENT (NH-148N) (PKG-09) (CH. 247.310 TO CH. 292.950) [JUNCTION WITH M NHAI,RAJASTHAN","[N24001625],NHAI,TELANGANA",NHAI,RAJASTHAN,2023-04,2025-03,20,25,1.25
N24001604,"REMAINING WORK OF 2L+PS OF TRICHY - KARAIKUDI SECTION OF NH-210, INCLUDING TRICHY BYPASS NHAI,TAMIL NADU","[N24000736],NHAI,ODISHA",NHAI,TAMIL NADU,2023-04,2025-03,20,25,1.25
N24001605,"4-LANING OF MELUR - PILLAYARPATTI - KARAIKUDI SECTION OF NH-338, NH-36, NH- 383 NHAI,TAMIL NADU","[N24001560],NHAI,RAJASTHAN",NHAI,TAMIL NADU,2023-04,2025-03,20,25,1.25
N24001644,"AMRITSAR AIRPORT JUNCTION RAMDAS FROM KM. 100.835 TO KM. 139.813 PKG IV NHAI,PUNJAB","[N24001625],NHAI,TELANGANA",NHAI,PUNJAB,2023-04,2025-03,20,25,1.25
N24001659,SIX LANING FROM START OF VALANCHERY BYPASS TO KAPPIRIKKAD- SECTION OF NH- 66(OLD NH-17) FROM DESIGN CH (NHAI ),"[N24000556],NHAI,UTTAR PRADESH",NHAI,KERALA,2023-04,2025-03,20,25,1.25
N24001684,"4L OF CHANNARAYAPATNA BYPASS AND HASSAN BYPASS WITH STRUCTURES IN DEVIHALLI -HASSAN SECTION NHAI,KARNATAKA","[N24001560],NHAI,RAJASTHAN",NHAI,KARNATAKA,2023-04,2025-03,20,25,1.25
N24001720,BANGALORE CHENNAI EXPRESSWAY PHASE- III ? PACKAGE I (GUDIPALA TO WALAJAJHPET) FROM KM 156.000 TO KM 1 (NHAI ),"[N24000662],NHAI,PUNJAB",NHAI,TAMIL NADU,2023-04,2025-03,20,25,1.25
N26000115,SUPER EDGE ROUTERS FOR BSNL INTERNET PROTOCOL - MULTI PROTOCOL LEBEL SWITCHING (IPMPLS) NETWORK and (BSNL ),Bharat Sanchar Nigam Limited,BSNL,MULTI STATE,2023-04,2025-03,20,25,1.25
N28000100,"CONSTRUCTION OF ACADEMIC AND RESIDENTIAL COMPLEX UNDER PHASE-II FOR THE CAMPUS OF IIT PATNA CPWD EDUCATION,BIHAR",Cpwd Of Higher Education,"CPWD
EDUCATION",BIHAR,2022-06,2025-03,20,25,1.25
N28000153,"CONSTRUCTION OF 184 MULTI STORIED FLATS FOR HON'BLE MPS AT BKS MARG, NEW DELHI CPWD,DELHI",Central Public Works Department,CPWD,DELHI,2023-04,2025-03,20,25,1.25
N30000004,"INTERCEPTION AND DIVERSION WITH STP AT RISHIKESH UKJalNigam,UTTARAKHAND",Uttarakhand Pey Jal Nigam,UKJalNigam,UTTARAKHAND,2022-06,2025-03,20,25,1.25
N45000003,"CONSTRUCTION OF 683 VARIOUS TYPE FAMILY QUARTERS AT GROUP CENTRE CRPF CHANDAULI CPWD FOR MHA,UTTAR PRADESH",Cpwd For Mha,"CPWD FOR
MHA",UTTAR PRADESH,2023-04,2025-03,20,25,1.25
N06000113,SIARMAL OCP (40.00MTY) 39 Possession of land is un,Mahanadi Coal Fields Limited,MCL,ODISHA,2022-06,2025-03,20,24,1.2
N24000892,"2L+PS OF THIKRI ANJAD SECTION OF NH-347B MoRTH,MADHYA PRADESH","[N24001289],MoRTH,ARUNACHAL PRADESH",MoRTH,MADHYA PRADESH,2022-06,2025-03,20,24,1.2
N24001241,"UP-GRADATION TO TWO LANING WITH PAVED SHOULDER OF AJMER-NAGAUR SECTION BY EXECUTING BALANCE WORK FRO MoRTH,RAJASTHAN","[N24001289],MoRTH,ARUNACHAL PRADESH",MoRTH,RAJASTHAN,2022-06,2025-03,20,24,1.2
N24001421,"CONSTRUCTION OF 6 LANE BRIDGE ON GANGA ON NH-96 AND ITS APPROACHES IN PHAPHAMAU ALLAHABAD ON EPC MOD MoRTH,UTTAR PRADESH","[N24001289],MoRTH,ARUNACHAL PRADESH",MoRTH,UTTAR PRADESH,2022-06,2025-03,20,24,1.2
N24001445,"CONSTRUCTION OF FOUR LANE EXPRESSWAY FROM START OF VEJALLKA VILLAGE TO START OF DSIR ZONE OF AHMEDAB NHAI,GUJARAT","[N24000556],NHAI,UTTAR PRADESH",NHAI,GUJARAT,2022-06,2025-03,20,24,1.2
N24001655,SIX LANING FROM KAPPIRIKKAD TO THALIKULAM SECTION OF NH ? 66 (OLD NH- 17) FROM DESIGN CH. 335+850 (EX (NHAI ),"[N24001560],NHAI,RAJASTHAN",NHAI,KERALA,2023-04,2025-03,20,24,1.2
N30000015,"REHABILITATION AND UP-GRADATION OF PHASE I STP 182 MLD R2 DJB,DELHI",Delhi Jal Board,DJB,DELHI,2023-04,2025-03,20,24,1.2
N24001262,"CONSTRUCTION AND UPGRADATION OFEXISTINGROAD TO 2-LANE WITH PAVED SHOULDER INCLUDING GEOMETRIC IMPROV NHIDCL,SIKKIM","[N24000967],MoRTH,ANDHRA PRADESH",NHIDCL,SIKKIM,2022-06,2025-03,19,41,2.16
N16000379,"NUMALIGARH REFINERY EXPANSION PROJECT 6 MMTPA REFINARY NRL,ASSAM",Numaligarh Refinery Limited,NRL,ASSAM,2023-04,2025-03,19,40,2.11
N24000583,"4 LANING OF NH 37 SECTION BETWEEN END OF MORAN BYPASS TO BOGIBEEL JUNCTION NEAR LAPETKETA (KM. 561 NHIDCL,ASSAM","[N24000967],MoRTH,ANDHRA PRADESH",NHIDCL,ASSAM,2022-06,2025-03,19,39,2.05
N24001547,BALANCE WORK OF 4L OF NARIMBANGLO–JATINGA JUNCTION- HARANGAJO ROAD SECTION FROM KM 0.000 TO KM 49.23 - PPP BOT,"[N24001560],NHAI,RAJASTHAN",NHAI,ASSAM,2023-04,2025-03,19,39,2.05
N16000449,UPGRADATION OF FACILITIES OF NUMALIGARH- SILIGURI PRODUCT PIPELINE (NSPL) FOR TRANSPORTATION OF ADDIT (OIL ),Oil India Limited,OIL,ASSAM,2022-06,2025-03,19,38,2.0
N16000450,"PROJECT TO CONSTRUCT A FIELD GAS GATHERING STATION AT BAGHJAN AREA FOR COLLECTION,PROCESSING OIL,ASSAM",Oil India Limited,OIL,ASSAM,2022-06,2025-03,19,38,2.0
N24001180,"WIDENING OF EXISTING SINGLE/INTERMEDIATE LANE ROAD TO 2 LANE ROAD FROM KM. 83.00 TO KM 101.00 ON NH- MoRTH,NAGALAND",PRADESH,MoRTH,NAGALAND,2022-06,2025-03,19,38,2.0
N24001261,"CONSTRUCTION AND UPGRADATION OFEXISTINGROAD TO 2-LANE WITH PAVED SHOULDER INCLUDING GEOMETRIC IMPROV NHIDCL,SIKKIM","[N24000967],MoRTH,ANDHRA PRADESH",NHIDCL,SIKKIM,2023-04,2025-03,19,38,2.0
N24001297,CONSTRUCTION OF 2 LANE ROAD OF POTIN TO PANGIN SECTION OF NH 13 FROM KM 163.59 TO KM 206.66 (PACKAGE (MoRTH ),"[N24000967],MoRTH,ANDHRA PRADESH",MoRTH,ARUNACHAL PRADESH,2022-06,2025-03,19,38,2.0
N24001326,4-L DHUBRI PHULBARI BRIDGE WITH APPROACH ROAD (NHIDCL ),"[N24000967],MoRTH,ANDHRA PRADESH",NHIDCL,ASSAM,2023-04,2025-03,19,38,2.0
N24001338,"CONSTRUCTION OF 2-LANE WITH PAVED SHOULDER OF NEW GREEN FIELD ALIGNMENT FROM CHOCHENPHERI AT KM 52.0 NHIDCL,SIKKIM","[N24000967],MoRTH,ANDHRA PRADESH",NHIDCL,SIKKIM,2023-04,2025-03,19,38,2.0
N24001375,4 LANING OF ITANAGAR TO BANDARDEWA SECTION OF NH- 415 FROM KM 40+430 TO KM 51+735 (PACKAGE B) ON EPC (MoRTH ),"[N24000967],MoRTH,ANDHRA PRADESH",MoRTH,ARUNACHAL PRADESH,2022-06,2025-03,19,38,2.0
N24001393,"JORAM – KOLORIANG ROAD FROM EXISTING KM122.600 TO KM138.00 (PKG-7) NHIDCL,ARUNACHAL PRADESH","[N24001267],NHIDCL,TRIPURA",NHIDCL,ARUNACHAL PRADESH,2022-06,2025-03,19,38,2.0
N24001434,JOGIGHOPA BRIDGE (NHIDCL ),"[N24000967],MoRTH,ANDHRA PRADESH",NHIDCL,ASSAM,2022-06,2025-03,19,38,2.0
N24001451,DIBRUGARH-LAHOAL- CHABUA BYPASS PACKAGE-1 (NHIDCL ),"[N24000967],MoRTH,ANDHRA PRADESH",NHIDCL,ASSAM,2023-04,2025-03,19,38,2.0
N24001473,"CONSTRUCTION OF 2-LANING WITH HARD SHOULDER ROAD OF UKHRUL - TOLOI - TADUBI SECTION OF NH-102A FROM NHIDCL,MANIPUR","[N24000967],MoRTH,ANDHRA PRADESH",NHIDCL,MANIPUR,2023-04,2025-03,19,38,2.0
N24001474,REHABITITATION AND UP GRADATION OF NONGSTOIN- RAMBRAI-KYRSHAI ROAD UP TO MEGHALAYA-ASSAM BORDER FROM (NHIDCL ),"[N24001267],NHIDCL,TRIPURA",NHIDCL,MEGHALAYA,2023-04,2025-03,19,38,2.0
N24001475,CONSTRUCTION OF 2 LANE WITH HARD SHOULDER FROM DESIGN CHAINAGE KM 283.000 TO KM 325.440 (5- LEGGED J (NHIDCL ),"[N24001267],NHIDCL,TRIPURA",NHIDCL,NAGALAND,2023-04,2025-03,19,38,2.0
N24001537,DABOKA KATHKATI PACKAGE-7 (NHIDCL ),"[N24000967],MoRTH,ANDHRA PRADESH",NHIDCL,ASSAM,2023-04,2025-03,19,38,2.0
N24001538,"IMPHAL - KHONGSANG PKG-5 NHIDCL,MANIPUR","[N24000967],MoRTH,ANDHRA PRADESH",NHIDCL,MANIPUR,2023-04,2025-03,19,38,2.0
N24001539,IMPHAL - KHONGSANG PKG-6 (NHIDCL ),"[N24001267],NHIDCL,TRIPURA",NHIDCL,MANIPUR,2023-04,2025-03,19,38,2.0
N24001540,AKASH BRIDGE - JESSAMI SECTION PKG- 2 (NHIDCL ),"[N24000967],MoRTH,ANDHRA PRADESH",NHIDCL,MANIPUR,2023-04,2025-03,19,38,2.0
N24001542,2 LANING FROM MANU-SIMLUNG PKG- 2 (NHIDCL ),"[N24000967],MoRTH,ANDHRA PRADESH",NHIDCL,TRIPURA,2023-04,2025-03,19,38,2.0
N24001544,FOUR LANING OF SRIRAMPUR- DHUBRI PKG-2 (NHIDCL ),"[N24000967],MoRTH,ANDHRA PRADESH",NHIDCL,ASSAM,2023-04,2025-03,19,38,2.0
N44000002,"CONSTRUCTION OF SIKKIM UNIVERSITY CAMPUS PHASE-I, PACKAGE -II AT YANGANG SOUTH SIKKIM (Sikkim Universi )",Sikkim University,"Sikkim
Universi",SIKKIM,2023-04,2025-03,19,38,2.0
N16000457,"CAPACITY EXPANSION OF DIGBOI REFINERY FROM 0.65 TO 1.0 MMTPA IOCL,ASSAM",Indian Oil Corporation Limited,IOCL,ASSAM,2023-04,2025-03,19,37,1.95
N24001354,"TAMENGLONG - MAHUR PKG-3 NHIDCL,MANIPUR","[N24000967],MoRTH,ANDHRA PRADESH",NHIDCL,MANIPUR,2023-04,2025-03,19,37,1.95
N24001442,CONSTRUCTION OF 2- LANE WITH PAVED SHOULDER GANGTOK BYPASS ROAD FROM RANIPOOL TO BURTUK (L=23.316KM) (MoRTH ),"[N24001467],MoRTH,NAGALAND",MoRTH,SIKKIM,2022-06,2025-03,19,37,1.95
N24001450,DABOKA KATHKATI PACKAGE-6 (NHIDCL ),"[N24000967],MoRTH,ANDHRA PRADESH",NHIDCL,ASSAM,2023-04,2025-03,19,37,1.95
N24001465,WIDENING OF EXISTING SINGLE LANE / INTERMEDIATE LANE ROAD TO 2 LANE FROM KM 101 TO KM 125 OF NH 61 I (MoRTH ),"[N24001289],MoRTH,ARUNACHAL PRADESH",MoRTH,NAGALAND,2023-04,2025-03,19,37,1.95
N24001548,"6L STANDALONE FLYOVERS AT BONGAIGAON, CHAPAGURI, PATHSALA, SIMLAGURI CHOWK AND BAIHATA BYPASS JUNCTI (NHAI )","[N24001634],NHAI,HARYANA",NHAI,ASSAM,2023-04,2025-03,19,37,1.95
N24001372,BALANCE WORK 2- LANING OF LALPUL MANMAO CHANGLANG ROAD (NH-215) ON EPC MODE IN THE STATE OF ARUNACH (MoRTH ),"[N24001289],MoRTH,ARUNACHAL PRADESH",MoRTH,ARUNACHAL PRADESH,2022-06,2025-03,19,36,1.89
N16000433,"GAS ASSISTED GRAVITY DRAINAGE SCHEME, KASOMARIGAON ONGC,ASSAM",Oil & Natural Gas Corporation Limited,ONGC,ASSAM,2022-06,2024-12,19,32,1.68
N24001320,"DOGINALA - GAU NHIDCL,ARUNACHAL PRADESH","[N24000967],MoRTH,ANDHRA PRADESH",NHIDCL,ARUNACHAL PRADESH,2022-06,2024-12,19,32,1.68
N24001316,"LADDA - BASAI NHIDCL,ARUNACHAL PRADESH","[N24000967],MoRTH,ANDHRA PRADESH",NHIDCL,ARUNACHAL PRADESH,2022-06,2024-12,19,31,1.63
N24000852,"FOUR LANING OF SOLAN- KAITHLIGHAT SECTION OF NH- 22 (NOW NH-5) FROM KM 106.139 TO KM 129.050, ON EPC M NHAI,HIMACHAL PRADESH","[N24000662],NHAI,PUNJAB",NHAI,HIMACHAL PRADESH,2022-06,2025-03,19,29,1.53
N24001837,"6L JAKKUVA – KORLAM SECTION OF NH-130CD ROAD FROM KM 396.800 TO KM 421.100 (PKG 2) NHAI,ANDHRA PRADESH","[N24001509],NHAI,KARNATAKA",NHAI,ANDHRA PRADESH,2023-06,2025-03,19,29,1.53
N24001838,"6L ALURU - JAKKUVA SECTION OF NH-130CD ROAD FROM KM 365.033 TO KM 396.800 (PKG. 1) NHAI,ANDHRA PRADESH","[N24001509],NHAI,KARNATAKA",NHAI,ANDHRA PRADESH,2023-06,2025-03,19,29,1.53
N16000285,"KOCHI-KOOTTANAD- BANGALORE-MANGALORE PIPELINE PHASE-II GAIL,MULTI STATE",Gas Authority Of India Limited,GAIL,MULTI STATE,2022-06,2025-03,19,28,1.47
N22000181,"JAYNAGAR-BIJALPURA INCLUDING EXTENSION BIJALPURA-BARDIBAS(NEPAL) GC ECR,BIHAR",RAILWAYS,ECR,BIHAR,2023-05,2025-03,19,28,1.47
N22000480,"WADSA-GADHCHIROLI NEW LINE (52.36 KM) SECR,MAHARASHTR A",RAILWAYS,SECR,MAHARASHTRA,2022-06,2025-03,19,28,1.47
N24001661,"6L OF AZHIYUR-VENGALAM FROM KM. 189.200 TO KM. 230.400 OF NH-66 NHAI,KERALA","[N24000556],NHAI,UTTAR PRADESH",NHAI,KERALA,2023-04,2025-03,19,28,1.47
N24001691,"FOUR LANING OF KARADI TO BANAVARA SECTION FROM KM. 66+540 (DESIGN KM. 65+195) TO KM. 119+790 (DESIGN NHAI,KARNATAKA","[N24001621],NHAI,JAMMU AND KASHMIR",NHAI,KARNATAKA,2023-04,2025-03,19,28,1.47
N24001715,"BALANCE WORK OF TWO LANING WITH PAVED SHOULDER OF PIPRAKOTHI– MOTIHARI- RAXAUL SECTION OF NH-28A FRO NHAI,BIHAR","[N24001560],NHAI,RAJASTHAN",NHAI,BIHAR,2023-04,2025-03,19,28,1.47
N24001723,"KARAIPETTAI TO WALAJAPET FROM KM 71.015 TO 107.091 NHAI,TAMIL NADU","[N24001625],NHAI,TELANGANA",NHAI,TAMIL NADU,2023-04,2025-03,19,28,1.47
N24001725,"6L OF SRIPERUMBUDUR TO KARAIPETTAI FROM KM 37.000 TO KM 71.015 OF NH 48 NHAI,TAMIL NADU",KASHMIR,NHAI,TAMIL NADU,2023-04,2025-03,19,28,1.47
N24001779,"DWARKA EXPRESSWAY FROM KM -0.600 TO KM 5.300 - PKG-I (SHIVMURTI CHOWK-RUB NEAR DWARKA SECTOR 21) NHAI,DELHI",PRADESH,NHAI,DELHI,2023-05,2025-03,19,28,1.47
N24001781,"8L OF DWARKA EXPRESSWAY PKG-II (RUB NEAR DWARKA SECTOR 21-DL/HR BORDER) FROM 5.300 KM.TO 9.500 KM. O NHAI,DELHI","[N24001569],NHAI,RAJASTHAN",NHAI,DELHI,2023-05,2025-03,19,28,1.47
N24001791,"SANCHORE - SANTALPUR FROM KM 4.888 - KM 35.000 OF NH- 754K (AJ-RGBS-PACKAGE-1) NHAI,GUJARAT","[N24000678],NHIDCL,ARUNACHAL PRADESH",NHAI,GUJARAT,2023-05,2025-03,19,28,1.47
N24001794,"SANCHORE - SANTALPUR FROM KM 99.000- KM 130.073 OF NH- 754K (AJ-RGBS-PACKAGE-4) NHAI,GUJARAT","[N24001569],NHAI,RAJASTHAN",NHAI,GUJARAT,2023-05,2025-03,19,28,1.47
N24001799,"4L OF NAGPUR-KATOL SECTION FROM KM. 13.00 TO KM. 62.900 OF NH-353J NHAI,MAHARASHTR A","[N24001569],NHAI,RAJASTHAN",NHAI,MAHARASHTRA,2023-05,2025-03,19,28,1.47
N22000109,"NEW WORK FOR CONSTRUCTION OF METRO RAILWAY FROM BARANAGAR TO BARRACKPORE AND DAKSHINESHWAR (MTP) RVNL,WEST BENGAL",Rail Vikas Nigam Ltd.,RVNL,WEST BENGAL,2022-06,2025-03,19,27,1.42
N24000887,"CONSTRUCTION OF TWINS 2- LANE ROB AND ITS APPROACHES IN REPLACEMENT OF EXISTING LEVEL CROSSING GATE N MoRTH,WEST BENGAL","[N24001467],MoRTH,NAGALAND",MoRTH,WEST BENGAL,2022-06,2025-03,19,27,1.42
N24001788,"CONSTRUCTION OF EIGHT LANE ACCESS CONTROLLED EXPRESSWAY FROM KM 217.500 TO KM 254.430 OF VADODARA MU NHAI,GUJARAT",PRADESH,NHAI,GUJARAT,2023-05,2025-03,19,27,1.42
N30000034,"INTERCEPTION DIVERSION TREATMENT WORKS AT TOLLYS NULLAH ADI GANGA KMDA,WEST BENGAL",Kolkata Metropolitan Development Authority,KMDA,WEST BENGAL,2023-04,2025-03,19,27,1.42
N18000323,KALPI SOLAR POWER PROJECT 7 Civil Works: Total 79,Chenab Velley Power Projects [P] Limited,NHPC,UTTAR PRADESH,2022-06,2024-12,19,26,1.37
N18000331,"TRANSMISSION SYSTEM STRENGTHENING SCHEME FOR EVACUATION OF POWER FROM SOLAR ENERGY ZONES IN RAJASTHA PGCIL,MULTI STATE",POWER,PGCIL,MULTI STATE,2022-06,2025-03,19,26,1.37
N24000551,"4-LANNING OF VARANASI GORAKHPUR SECTION OF NH-29 FROM 148.00 208.300 KM [PACKAGE-IV] NHAI,UTTAR PRADESH","[N24001560],NHAI,RAJASTHAN",NHAI,UTTAR PRADESH,2022-06,2024-12,19,26,1.37
N24000613,"FOUR LANNING OF NERCHOWK- PANDOH BYPASS SECTION OF NH-21(PACKAGE-I KM 190.000 TO KM 221.305) UNDER NH NHAI,HIMACHAL PRADESH","[N24001560],NHAI,RAJASTHAN",NHAI,HIMACHAL PRADESH,2022-06,2025-03,19,26,1.37
N24001482,KHAMMAM-DEVARAPALLE PKG I [4L ACCESS CONTROLLED (GREENFIELD) FROM THALLAMPADU VILLAGE TO SOMAVARAM - PPP BOT,"[N24001634],NHAI,HARYANA",NHAI,TELANGANA,2023-04,2025-03,19,26,1.37
N24001484,KHAMMAM-DEVARAPALLE PKG III [4L ACCESS CONTROLLED (GREENFIELD) FROM CHINTAGUDEM VILLAGE TO RECHERLA - PPP BOT,"[N24000556],NHAI,UTTAR PRADESH",NHAI,TELANGANA,2023-04,2025-03,19,26,1.37
N24001505,VADODARA MUMBAI EXPRESSWAY (PHASE II - PKG XII) [KM. 50.700 TO KM. 77.000] (MASVAN - GANJAD) - PPP BOT,"[N24001762],NHAI,MADHYA PRADESH",NHAI,MAHARASHTRA,2023-05,2025-03,19,26,1.37
N24001522,4L OF KODAD (DESIGN KM 0.00/EXISTING KM 185.00 OF NH-65) TO KHAMMAM (DESIGN KM 31.800/EXISTING KM 29 - PPP BOT,"[N24001719],NHAI,TAMIL NADU",NHAI,TELANGANA,2023-04,2025-03,19,26,1.37
N24001532,"CONSTRUCTION OF 4-LANE NH- 344P-PACKAGE-4 (FROM KM 0+000 TO KM 29+600, 29.6KM), STARTING FROM BAWANA NHAI,HARYANA","[N24000556],NHAI,UTTAR PRADESH",NHAI,HARYANA,2023-04,2025-03,19,26,1.37
N24001589,HARIHARGANJ TO PARWA MODE SECTION FROM KM 23.284 TO KM 57.049 OF NH-98 - PPP BOT,"[N24001625],NHAI,TELANGANA",NHAI,JHARKHAND,2023-04,2025-03,19,26,1.37
N24001611,"4 LANE OF BILASPUR TO URGA PROJECT (KM 0.00 TO KM 70.2) OF NH-130A NHAI,CHHATTISGARH","[N24000662],NHAI,PUNJAB",NHAI,CHHATTISGARH,2023-04,2025-03,19,26,1.37
N24001614,4LBERKHEDI TO GODPEHRA NH- 44 (NHAI ),"[N24000556],NHAI,UTTAR PRADESH",NHAI,MADHYA,2023-04,2025-03,19,26,1.37
N24001634,"CONSTRUCTION OF FOUR LANE GREENFIELD PROJECT OF DELHI-AMRITSAR-KATRA EXPRESSWAY (PHASE-I PKG-IV) FRO NHAI,HARYANA","[N24001569],NHAI,RAJASTHAN",NHAI,HARYANA,2023-05,2025-03,19,26,1.37
N24001673,"4- LANING OF ROHTAK-JIND SECTION FROM KM. 307+000 TO KM. 347+800 OF NH-71 AND CONNECTING LINK FROM K NHAI,HARYANA","[N24001560],NHAI,RAJASTHAN",NHAI,HARYANA,2023-04,2025-03,19,26,1.37
N24001712,"FOUR LANING OF PARARIA TO MOHANIA SECTION OF NH 319 (OLD NH 30) FROM KM. 54+530 (DESIGN CHAINAGE) TO NHAI,BIHAR","[N24001634],NHAI,HARYANA",NHAI,BIHAR,2023-04,2025-03,19,26,1.37
N28000058,BANGALORE METRO RAIL CORPORATION LIMITED BANGALORE METRO R,Bangalore Metro Rail Corporation Limited,BMRCL,KARNATAKA,2022-06,2025-03,19,26,1.37
N28000112,"C/O NEW HOSPITAL BLOCK FOR SREE CHITRA TIRUNAL INSTITIUTE OF MEDICAL SCIENCE AND TECHNOLOGY (SCTIMST CPWD FOR HEALTH,KERALA",HEALTH AND FAMILY WELFARE,"CPWD FOR
HEALTH",KERALA,2022-06,2025-03,19,26,1.37
N28000130,"CONSTRUCTION OF PERMANENT CAMPUS OF IIM JAMMU (PHASE 1) CPWD EDUCATION,JAMMU AND KASHMIR",Cpwd Of Higher Education,"CPWD
EDUCATION",JAMMU AND KASHMIR,2023-04,2025-03,19,26,1.37
N04000091,"C/O OF NITB AND ASSOCIATED WORK AT VIJAYAWADA AIRPORT AAI,ANDHRA PRADESH",Airport Authority Of India Limited,AAI,ANDHRA PRADESH,2023-04,2025-03,19,25,1.32
N06000132,WESTERN COAL FIELDS LIMITED AMALGAMATED YEKONA-I YEKONA-II,Western Coal Fields Limited,WCL,MAHARASHTRA,2022-06,2025-03,19,25,1.32
N06000166,"JHIRIA WEST OPENCAST PROJECT 93 ""Obtaining Stage I",Singareni Colliers Company Limitted,SECL,CHHATISGARH,2022-06,2025-03,19,25,1.32
N06000170,NAKRAKONDA KUMARDIH B OCP 28 Production of Coal fo,Eastern Coal Fields Limited,ECL,WEST BENGAL,2023-04,2025-03,19,25,1.32
N06000216,"REVISED PROJECT REPORT MAGADH EXPANSION OCP 12 ""Co",Central Coal Fields Limited,CCL,JHARKHAND,2023-04,2025-03,19,25,1.32
N06000223,EXPANSION PR OF JHANJRA UG (5.00 MTY) 32 Coal prod,Eastern Coal Fields Limited,ECL,WEST BENGAL,2022-06,2025-03,19,25,1.32
N06000229,GOPALJI-KANIHA OCP (MCL ),Mahanadi Coal Fields Limited,MCL,ODISHA,2023-04,2025-03,19,25,1.32
N06000236,MOHANPUR EXPANSION OC PHASE II 33 Total Coal Prod,Eastern Coal Fields Limited,ECL,WEST BENGAL,2022-06,2025-03,19,25,1.32
N06000243,EPR ROHINI KARKATA OCP (CCL ),Central Coal Fields Limited,CCL,JHARKHAND,2023-04,2025-03,19,25,1.32
N06000247,"EXPANSION OF ASHOK OCP 20 ""Coal Production and OBR",COAL,CCL,JHARKHAND,2022-06,2025-03,19,25,1.32
N06000250,TAWA III UG MINE 117 Project Report of Gokul Exten,Western Coal Fields Limited,WCL,MADHYA PRADESH,2022-06,2025-03,19,25,1.32
N06000252,SINGHORI DEEP OC 119 PR approved in 340th meeting,Western Coal Fields Limited,WCL,MAHARASHTRA,2023-04,2025-03,19,25,1.32
N06000253,MAKARDHOKDA I EXPANSION OC 120 This PR with a capa,Western Coal Fields Limited,WCL,MAHARASHTRA,2023-04,2025-03,19,25,1.32
N06000254,BHATADI EXPANSION OC 111 RPR for Dinesh (Makardhok,Western Coal Fields Limited,WCL,MAHARASHTRA,2023-04,2025-03,19,25,1.32
N06000255,NEW MAJARI UG TO OC (3.0 MTY) (WCL ),Western Coal Fields Limited,WCL,MAHARASHTRA,2023-04,2025-03,19,25,1.32
N06000256,BHANEGAON OC (1.15MTY) 121 This PR with a capacity,Western Coal Fields Limited,WCL,MAHARASHTRA,2023-04,2025-03,19,25,1.32
N06000258,GOLETI OPENCAST MINE 74 The Feasibility Report of,Singareni Colliers Company Limitted,SCCL,TELANGANA,2023-04,2025-03,19,25,1.32
N06000259,JAWAHAR KHANI OPENCAST (JK OC) MINE (SCCL ),Singareni Colliers Company Limitted,SCCL,TAMIL NADU,2023-04,2025-03,19,25,1.32
N06000260,VISHNUPURI UG TO OC 123 PR of Amalgamated Dhankasa,Western Coal Fields Limited,WCL,MADHYA,2023-04,2025-03,19,25,1.32
N16000402,"SECOND GENERATION ETHANOL BIOREFINERY PROJECT, BATHINDA, PUNJAB HPCL,PUNJAB",Hindustan Petroleum Corporation Limited,HPCL,PUNJAB,2023-04,2025-03,19,25,1.32
N16000413,"AUGMENTATION OF FACILITIES AT THE EXISTING RAIPUR DEPOT HPCL,CHHATTISGAR H",Hindustan Petroleum Corporation Limited,HPCL,CHHATTISGARH,2023-04,2025-03,19,25,1.32
N16000453,INSTALLATION OF BITUMEN MANUFACTURING UNIT ALONG WITH ALLIED FACILITIES AT BARAUNI (IOCL ),Indian Oil Corporation Limited,IOCL,BIHAR,2023-04,2025-03,19,25,1.32
N16000455,"LAYING OF POL PIPELINES IN COMMON CORRIDOR FOR PROPOSED GRASS ROOT TERMINAL AT VALLUR (CHENNAI) IOCL,TAMIL NADU",Indian Oil Corporation Limited,IOCL,TAMIL NADU,2023-04,2025-03,19,25,1.32
N18000332,"TRANSMISSION SYSTEM STRENGTHENING SCHEME FOR EVACUATION OF POWER FROM SOLAR ENERGY ZONES IN RAJASTHA PGCIL,MULTI STATE","[N18000331],PGCIL,MULTI STATE",PGCIL,MULTI STATE,2023-04,2025-03,19,25,1.32
N18000338,TRANSMISSION NETWORK EXPANSION IN GUJARAT TO INCREASE ATC FROM ISTS: PART C (PGCIL ),"[N18000331],PGCIL,MULTI STATE",PGCIL,MULTI STATE,2023-04,2025-03,19,25,1.32
N18000344,SUNNI DAM HYDRO ELECTRIC PROJECT 94 - Work awarde,Satluj Jal Vidyut Nigam Limited,SJVN,HIMACHAL,2023-04,2025-03,19,25,1.32
N18000345,DAYAPAR WIND ENERGY PROJECT 200MW 32 Land & Connec,National Thermal Power Corporation,NTPC,GUJARAT,2023-04,2025-03,19,25,1.32
N18000346,KHAWDA 1255MW SOLAR PROJECT (KHAWDA SOLAR PARK) (NTPC ),National Thermal Power Corporation,NTPC,GUJARAT,2023-04,2025-03,19,25,1.32
N18000348,SHAJAPUR 325MW SOLAR PV PROJECT 30 Topography surv,National Thermal Power Corporation,NTPC,MADHYA,2023-04,2025-03,19,25,1.32
N18000354,TRANSMISSION SYSTEM ASSOCIATED WITH WESTERN REGION EXPANSION SCHEME XXVII (PGCIL ),"[N18000331],PGCIL,MULTI STATE",PGCIL,CHHATTISGARH,2023-04,2025-03,19,25,1.32
N18000355,TRANSMISSION SYSTEM ASSOCIATED WITH WESTERN REGION EXPANSION SCHEME- XXVIII AND XXIX (PGCIL ),Power Grid Corporation Of India Limited,PGCIL,CHHATTISGARH,2023-04,2025-03,19,25,1.32
N18000356,TRANSMISSION SYSTEM SCHEME FOR EVACUATION OF POWER FROM REZ RAJASTHAN (8.1 GW) UNDER PHASE-II PART (PGCIL ),"[N18000331],PGCIL,MULTI STATE",PGCIL,RAJASTHAN,2023-04,2025-03,19,25,1.32
N18000358,TRANSMISSION NETWORK EXPANSION IN GUJARAT ASSOCIATED WITH INTEGRATION OF RE PROJECTS FROM KHAVDA POT (PGCIL ),"[N18000331],PGCIL,MULTI STATE",PGCIL,GUJARAT,2023-04,2025-03,19,25,1.32
N18000361,"KHAVDA PHASE-II- PART C, GUJARAT- TRANSMISSION SCHEME FOR EVACUATION OF 4.5 GW RE INJECTION AT KHAVDA (PGCIL )","[N18000331],PGCIL,MULTI STATE",PGCIL,GUJARAT,2023-04,2025-03,19,25,1.32
N24000585,"4-LANNING OF NH17 AND NEW NO. NH66 FROM KM 241/300 TO 281/300 UNDER HYBRID ANNUITY MODE MoRTH,MAHARASHTRA","[N24001289],MoRTH,ARUNACHAL PRADESH",MoRTH,MAHARASHTRA,2022-06,2025-03,19,25,1.32
N24000749,"REHABILITATION AND UP GRADATION OF SECTION FROM KM 206.00 TO KM 242.00 (NIMBUTALA TO AUSTIN CREEK) O NHIDCL,ANDAMAN AND NICOBAR ISLANDS","[N24000967],MoRTH,ANDHRA PRADESH",NHIDCL,ANDAMAN AND,2023-04,2025-03,19,25,1.32
N24000776,"RECONSTRUCTION WITH GEOMETIC IMPROVEMENT OF EXISTING TWO LANE TO 2- LANE WITH PAVED SHOULDERS CONFIG MoRTH,UTTARAKHAND","[N24001289],MoRTH,ARUNACHAL PRADESH",MoRTH,UTTARAKHAND,2022-06,2025-03,19,25,1.32
N24000779,"RECONSTRUCTION WITH GEOMETRIC IMPROVEMENT OF EXISTING SINGLE/INTERMEDIATE LANE TO 2 LANE WITH EAR MoRTH,UTTARAKHAND",ROAD TRANSPORT AND HIGHWAYS,MoRTH,UTTARAKHAND,2022-06,2025-03,19,25,1.32
N24000835,"CONSTRUCTION OF 8 LANE DWARKA EXPRESSWAY (NH-248BB PACKAGE IV FROM RAIL OVER BRIDGE (ROB) TILL END P NHAI,HARYANA","[N24001719],NHAI,TAMIL NADU",NHAI,HARYANA,2022-06,2025-03,19,25,1.32
N24000931,"REHABILITATION AND UPGRADATION OF EXISTING NH-167 FROM KM 14.900 TO KM 70.00 (DESIGN CH.14.900 TO 69 MoRTH,ANDHRA PRADESH","[N24000306],MoRTH,MIZORAM",MoRTH,ANDHRA PRADESH,2022-06,2025-03,19,25,1.32
N24000990,"REHABILITATION AND UPGRADATION OF NH-167 FROM DESIGN KM.113.900 TO 154.479 (MALLEPALLY - HALIYA SECT MoRTH,TELANGANA",Ministry Of Road Transport And Highways (State Pwds),MoRTH,TELANGANA,2022-06,2025-03,19,25,1.32
N24000996,"REHABILITATION AND UP-GRADATION TO TWO LANE WITH PAVED SHOULDERS FROM KM 0/0 TO 72/6 OF NH-365 (NAKR MoRTH,TELANGANA",Ministry Of Road Transport And Highways (State Pwds),MoRTH,TELANGANA,2023-04,2025-03,19,25,1.32
N24001201,"CONSTRUCTION OF A NEW 4 LANE BRIDGE PARALLEL TO EXISTING MG SETU WITH ITS APPROACHES FROM KM 0.00 MoRTH,BIHAR","[N24001289],MoRTH,ARUNACHAL PRADESH",MoRTH,BIHAR,2022-06,2025-03,19,25,1.32
N24001216,"WIDENING TO 2 LANE WITH PAVED SHOULDERS AND GEOMETRIC IMPROVEMENT OF NH-114A FROM KM 141 TO KM 184 I MoRTH,JHARKHAND","[N24001289],MoRTH,ARUNACHAL PRADESH",MoRTH,JHARKHAND,2023-04,2025-03,19,25,1.32
N24001447,REHABILITATION AND UPGRADATION TO 2- LANE CONFIGURATION OF HAMIRPUR- KARNOHAL SECTION (KM 141.000 TO K (MoRTH ),"[N24001289],MoRTH,ARUNACHAL PRADESH",MoRTH,HIMACHAL PRADESH,2022-06,2025-03,19,25,1.32
N24001455,"CONSTRUCTION OF 4 LANE WITH PAVED SHOULDERS THIRUVAYARU BYPASS IN BETWEEN EXISTING KM.55/926 TO 62/6 MoRTH,TAMIL NADU","[N24001289],MoRTH,ARUNACHAL PRADESH",MoRTH,TAMIL NADU,2023-04,2025-03,19,25,1.32
N24001456,"REHABILITATION AND UPGRADATION TO 2 LANE WITH PS OF RADHAITA TO PILIBHIT SECTION OF 46.130 KM MoRTH,UTTAR PRADESH",Ministry Of Road Transport And Highways (State Pwds),MoRTH,UTTAR,2023-04,2025-03,19,25,1.32
N24001464,"PROJECTS- REHABILITATION AND UPGRADATION OF NH-731A FROM KM 0.00 TO KM.35.00 MoRTH,UTTAR PRADESH","[N24001289],MoRTH,ARUNACHAL PRADESH",MoRTH,UTTAR,2023-04,2025-03,19,25,1.32
N24001470,REHABILITATION AND UPGRADATION TO 2- LANE CONFIGURATION OF KALWAHAN- MANDI SECTION (KM 208.950 TO KM 2 (MoRTH ),"[N24001289],MoRTH,ARUNACHAL PRADESH",MoRTH,HIMACHAL,2023-04,2025-03,19,25,1.32
N24001471,R/U TO 2-LANE WITH PS OF BEWAR TO ALLAHGANJ SECTION OF NH- 730C FROM KM.0.00 TO 52.770 UNDER GNHCP (MoRTH ),Ministry Of Road Transport And Highways (State Pwds),MoRTH,UTTAR,2023-04,2025-03,19,25,1.32
N24001501,"PATAS-VASUNDE PHATA - BARAMATI BYPASS NHAI,MAHARASHTRA",National Highways Authority Of India,NHAI,MAHARASHTRA,2023-04,2025-03,19,25,1.32
N24001520,"DELHI VADODARA GREENFIELD ALIGNMENT SECTION OF NH 148N PACKAGE 31 NHAI,GUJARAT","[N24000736],NHAI,ODISHA",NHAI,GUJARAT,2023-04,2025-03,19,25,1.32
N24001523,"6L ACCESS-CONTROLLED HIGHWAY FROM (GANESHPUR) TO(NEAR MOHAND) OF GANESHPUR – DEHRADUN SECTION FROM K NHAI,UTTAR PRADESH","[N24000556],NHAI,UTTAR PRADESH",NHAI,UTTAR PRADESH,2023-04,2025-03,19,25,1.32
N24001525,(N24001525 ) UPGRADATION AND 4L OF HARIDWAR BYPASS FROM KM 0.000 (KM 188.100 OF NH-58) TO KM. 15.100 (KM 5.100 OF (NHAI ),"[N24001634],NHAI,HARYANA",NHAI,UTTARAKHAND,2023-04,2025-03,19,25,1.32
N24001528,WIDENING OF PACHPADRA- BAGUNDI SECTION TO 4 LANE FROM KM 73/60 TO 95/70 OF NH- 25 ON EPC MODE IN THE (MoRTH ),"[N24000967],MoRTH,ANDHRA PRADESH",MoRTH,RAJASTHAN,2023-04,2025-03,19,25,1.32
N24001529,44 LANE DIVIDED CARRIAGEWAY OF BARMER BYPASS OF NH-15 (NEW NH- 68) IN THE STATE OF RAJASTHAN ON EPC M (MoRTH ),"[N24001380],MoRTH,TAMIL NADU",MoRTH,RAJASTHAN,2023-04,2025-03,19,25,1.32
N24001546,6L OF KAGAL-SATARA SECTION FROM KM 592.240 TO KM 658.000 OF NH-48 (PKG-I) (NHAI ),"[N24000556],NHAI,UTTAR PRADESH",NHAI,MAHARASHTRA,2023-04,2025-03,19,25,1.32
N24001551,DELHI-AMRITSAR-KATRA EXPRESSWAY (PHASE-II PKG-XIV) FROM JUNCTION WITH PATHANKOT- GURDASPUR ROAD (NH-5 - PPP BOT,"[N24001719],NHAI,TAMIL NADU",NHAI,JAMMU AND,2023-04,2025-03,19,25,1.32
N24001557,4L GREENFIELD SPUR FROM DELHI-VADODARA GREENFIELD EXPRESSWAY NEAR BANDIKUI TO JAIPUR - PPP BOT,"[N24001719],NHAI,TAMIL NADU",NHAI,RAJASTHAN,2023-04,2025-03,19,25,1.32
N24001558,4L OF KARWAR (KM. 281.980 OF NH- 62 NAGAUR ROAD) TO DANGIYAVAS OF JODHPUR RING ROAD (PKG-II) (NHAI ),"[N24001719],NHAI,TAMIL NADU",NHAI,RAJASTHAN,2023-04,2025-03,19,25,1.32
N24001559,2L PS SRIGANGANAGAR TO RAISINGHNAGAR (DESIGN CHAINAGE - 0.500 KM TO DESIGN CHAINAGE 101.000 KM) (PACK (NHAI ),"[N24001719],NHAI,TAMIL NADU",NHAI,RAJASTHAN,2023-04,2025-03,19,25,1.32
N24001588,DEVELOPMENT OF SIX LANE SARGI-BASANWAHI OF NH 130 CD FROM KM.42+800 TO 99+500 UNDER RAIPUR VISAKHAPA - PPP BOT,"[N24001560],NHAI,RAJASTHAN",NHAI,CHHATTISGARH,2023-04,2025-03,19,25,1.32
N24001596,"4L OF MIRZA CHAUKI TO FARKKA SECTION OF NH80 FROM KM 215.00 TO KM 260.00 ON HAM MODE IN THE STATE OF NHAI,JHARKHAND","[N24000662],NHAI,PUNJAB",NHAI,JHARKHAND,2023-04,2025-03,19,25,1.32
N24001598,6L FROM SANKESHWAR BYPASS TO MH KNT BORDER FROM KM. 555.017 TO KM. 592.853 OF NH-48 (PKG II) (NHAI ),"[N24000736],NHAI,ODISHA",NHAI,KARNATAKA,2023-04,2025-03,19,25,1.32
N24001606,"4-LANING OF VADIPPATTI - THAMARAIPATTI SECTION OF NH-744A (MADURAI RING ROAD) NHAI,TAMIL NADU","[N24001625],NHAI,TELANGANA",NHAI,TAMIL NADU,2023-04,2025-03,19,25,1.32
N24001609,"BALANCE WORK OF 4 LANING OF PANVEL TO INDAPUR SECTION OF NH-66(OLD NH- 17) FROM KM 0.000 (PANVEL) TO NHAI,MAHARASHTRA","[N24000556],NHAI,UTTAR PRADESH",NHAI,MAHARASHTRA,2023-04,2025-03,19,25,1.32
N24001612,DELHI-VADODARA GREENFIELD ALIGNMENT (NH- 148N) (PKG-15) (CH. 419.000 TO CH.427.300) [JUNCTION WITH NH (NHAI ),"[N24001625],NHAI,TELANGANA",NHAI,RAJASTHAN,2023-04,2025-03,19,25,1.32
N24001618,"KATNI BYPASS FROM KM. 359.50 TO KM. 378.50 NHAI,MADHYA PRADESH","[N24000736],NHAI,ODISHA",NHAI,MADHYA,2023-04,2025-03,19,25,1.32
N24001623,"BANIHAL BYPASS (DELINKED FROM SRINAGAR - BANIHAL) FROM KM. 187.00 TO KM. 189.350 NHAI,JAMMU AND KASHMIR","[N24001621],NHAI,JAMMU AND KASHMIR",NHAI,JAMMU AND,2023-04,2025-03,19,25,1.32
N24001638,4L GREENFIELD A. MALOUT BYPASS FROM CH. KM 44.500 TO CH. KM 35.500 ON NH-07 AND CH. KM 0.000 TO KM 6 (NHAI ),"[N24001719],NHAI,TAMIL NADU",NHAI,PUNJAB,2023-04,2025-03,19,25,1.32
N24001642,FOUR LANING OF AMRITSAR BYPASS FROM NEW TARN TARAN ROAD TO AJNALA ROAD FROM DESIGN KM. 0.750 TO DESI (NHAI ),"[N24001719],NHAI,TAMIL NADU",NHAI,PUNJAB,2023-04,2025-03,19,25,1.32
N24001647,"BALANCE WORK OF PANIKOILI RIMULI SECTION OF NEW NH-20 FROM KM 0.00 TO KM. 163.000 NHAI,ODISHA","[N24001625],NHAI,TELANGANA",NHAI,ODISHA,2023-04,2025-03,19,25,1.32
N24001648,CONSTRUCTION OF 6 LANE ELEVATED CORRIDOR ALONG WITH DEVELOPMENT OF EXISTING 4 LANE ROAD AT GROUND LE (NHAI ),"[N24000662],NHAI,PUNJAB",NHAI,KERALA,2023-04,2025-03,19,25,1.32
N24001649,SIX LANING OF PARAVOOR(DESIGN KM. 417+000) TO KOTTUKULANGARA(DE SIGN KM. 454+500) SECTION OF NEW NH- 6 (NHAI ),KASHMIR,NHAI,KERALA,2023-04,2025-03,19,25,1.32
N24001660,"SIX LANING OF THALIPARAMBHA- MUZHAPILANGAD SECTION FROM KM 137.900 TO KM. 170.600 OF NH- 17 (NEW NH NHAI,KERALA","[N24000736],NHAI,ODISHA",NHAI,KERALA,2023-04,2025-03,19,25,1.32
N24001662,"SIX LANING OF KT/KL BORDER (THALAPPDY) TO CHENGALA SECTION OF NH17 (NEW NH-66) FROM CH. 17.200 TO CH NHAI,KERALA","[N24001560],NHAI,RAJASTHAN",NHAI,KERALA,2023-04,2025-03,19,25,1.32
N24001665,6L GREENFIELD KANDILI - ALURU SECTION OF NH-130- CD ROAD FROM KM 342+500 TO KM 365+033 (PACKAGE- OD-8 (NHAI ),KASHMIR,NHAI,ODISHA,2023-04,2025-03,19,25,1.32
N24001667,6L GREENFIELD KALIAGURA ? BAUNSAGUAR SECTION OF NH-130- CD ROAD FROM KM 249+000 TO KM 293+000 (PACKAG (NHAI ),KASHMIR,NHAI,ODISHA,2023-04,2025-03,19,25,1.32
N24001668,6L OF BADAKUMARI - KARKI SECTION FROM KM 179.000 TO KM 226.500 OF NH-130- CD (PACKAGE ? OD- 3) (NHAI ),"[N24000556],NHAI,UTTAR PRADESH",NHAI,ODISHA,2023-04,2025-03,19,25,1.32
N24001669,"6L OF DHANARA - HATIBENA SECTION FROM KM 124.611 TO KM 146.50 OF NH-130-CD (PACKAGE – OD-1) NHAI,ODISHA","[N24001560],NHAI,RAJASTHAN",NHAI,ODISHA,2023-04,2025-03,19,25,1.32
N24001670,"6L OF KARKI – KALIAGURA SECTION FROM KM 226.500 TO KM 249.000 OF NH-130-CD (PACKAGE – OD-4) NHAI,ODISHA","[N24000662],NHAI,PUNJAB",NHAI,ODISHA,2023-04,2025-03,19,25,1.32
N24001674,BANGALORE/TN BORDER TO HOSKOTE *** Location: KARN,"[N24001634],NHAI,HARYANA",NHAI,KARNATAKA,2023-04,2025-03,19,25,1.32
N24001678,6L GREENFIELD BAUNSAGUAR - BARAJA SECTION OF NH-130-CD ROAD FROM KM 293+000 TO KM 338+500 (PACKAGE ? (NHAI ),"[N24001719],NHAI,TAMIL NADU",NHAI,ODISHA,2023-04,2025-03,19,25,1.32
N24001679,6L FROM BELGAUM TO SANKESHWAR BYPASS FROM KM 515.000 TO KM 555.017 OF NH 48 (NHAI ),"[N24001719],NHAI,TAMIL NADU",NHAI,KARNATAKA,2023-04,2025-03,19,25,1.32
N24001681,TUMKUR - NELAMANGALA(6L) (NHAI ),"[N24001625],NHAI,TELANGANA",NHAI,KARNATAKA,2023-04,2025-03,19,25,1.32
N24001694,"FOUR LANING OF THORAPALLI AGRAHARAM TO JITTANDAHALLI SECTION OF NH-844 (PKG-II) FROM KM.23+350 TO KM NHAI,TAMIL NADU",KASHMIR,NHAI,TAMIL NADU,2023-04,2025-03,19,25,1.32
N24001698,FOUR LANING OF MUNGER TO MIRZACHAUKI (NH- 80) SECTION FROM NEAR RASULPUR TO MIRZACHAUKI (DESIGN CH (NHAI ),"[N24001625],NHAI,TELANGANA",NHAI,BIHAR,2023-04,2025-03,19,25,1.32
N24001699,CONSTRUCTION OF 4 LANE ELEVATED SECTION AND AT- GRADE IMPROVEMENTS AT BEGUSARAI TOWN SECTION OF NH- 3 (NHAI ),"[N24001634],NHAI,HARYANA",NHAI,BIHAR,2023-04,2025-03,19,25,1.32
N24001700,SIX LANNING OF AURANGABAD TO BIHAR/JHARKHAND BORDER SECTION OF NH- 19 (OLD NH-2) FROM KM. 209.827 TO (NHAI ),"[N24000736],NHAI,ODISHA",NHAI,BIHAR,2023-04,2025-03,19,25,1.32
N24001703,6 L OF AURANGABAD TO BIHAR- JHARKHAND BORDER (CHORDAHA) SECTION FROM KM. 180.000 TO KM. 209.827 OF N (NHAI ),"[N24001719],NHAI,TAMIL NADU",NHAI,BIHAR,2023-04,2025-03,19,25,1.32
N24001704,FOUR LANING OF MUNGER TO MIRZACHAUKI (NH- 80) SECTION FROM KHARIA VILLAGE JUNCTION TO START OF EXISTI (NHAI ),"[N24001634],NHAI,HARYANA",NHAI,BIHAR,2023-04,2025-03,19,25,1.32
N24001705,FOUR LANING OF MUNGER TO MIRZACHAUKI (NH- 80) SECTION FROM MUNGER TO KHARIA VILLAGE JUNCTION DESIGN C (NHAI ),"[N24000556],NHAI,UTTAR PRADESH",NHAI,BIHAR,2023-04,2025-03,19,25,1.32
N24001718,BANGALORE CHENNAI EXPRESSWAY PHASE- III PACKAGE II (WALAJAHPET TO ARAKKONAM) FROM KM 180.000 TO KM 2 (NHAI ),KASHMIR,NHAI,TAMIL NADU,2023-04,2025-03,19,25,1.32
N24001722,"6L OF MADURAVOYAL TO SRIPERUMBUDUR SECTION FROM KM. 13.800 TO KM. 37.000 OF NH-4 THROUGH STATE HIGH NHAI,TAMIL NADU",KASHMIR,NHAI,TAMIL NADU,2023-04,2025-03,19,25,1.32
N24001726,4L SPUR OF SHAMLI- MUZZAFARNAGAR CONNECTING NH- 709AD (PANIPAT- SHAMLI- MUZAFFARNAGAR) AND NH-58 (MEERUT (NHAI ),"[N24001634],NHAI,HARYANA",NHAI,UTTAR,2023-04,2025-03,19,25,1.32
N24001727,"IMPROVEMENT AND UP- GRADATION OF EXISTING ROAD TO 2/4L PS FROM KM 40.000 TO 88.750, START OF KHUTAR B (NHAI )","[N24000662],NHAI,PUNJAB",NHAI,UTTAR PRADESH,2023-04,2025-03,19,25,1.32
N24001728,"IMPROVEMENT AND UP- GRADATION OF EXISTING ROAD TO 4L PS FROM KM 175.080 TO 229.070, FROM END OF HARDO (NHAI )","[N24000556],NHAI,UTTAR PRADESH",NHAI,UTTAR PRADESH,2023-04,2025-03,19,25,1.32
N24001731,6L GREENFIELD KANPUR - LUCKNOW (EXPRESSWAY) PKG II FROM KM. 28.500 TO KM. 73.744 (NHAI ),"[N24000662],NHAI,PUNJAB",NHAI,UTTAR PRADESH,2023-04,2025-03,19,25,1.32
N24001734,6L ACCESS CONTROL GREENFIELD HIGHWAY OF VILL- LOHADDA TO VILL- KARAUNDA MAHAJAN FROM KM. 27.000 TO KM. (NHAI ),"[N24001719],NHAI,TAMIL NADU",NHAI,UTTAR PRADESH,2023-04,2025-03,19,25,1.32
N24001736,6L ACCESS CONTROL GREENFIELD HIGHWAY OF VILL- KARAUNDA MAHAJAN TO VILL- KHYAWARI FROM KM. 56.500 TO K (NHAI ),"[N24000556],NHAI,UTTAR PRADESH",NHAI,UTTAR PRADESH,2023-04,2025-03,19,25,1.32
N24001738,"2LPS OF BIJNOR TO KOTAWALI SECTION OF NH-709AD, PKG-IV NHAI,UTTAR PRADESH","[N24001560],NHAI,RAJASTHAN",NHAI,UTTAR PRADESH,2023-04,2025-03,19,25,1.32
N24001739,"REHABILITATION and UPGRADATION FROM 2 LANE TO 4 LANE OF NH STRETCH UNDER BHARATMALA PARIYOJANA FOR U NHAI,UTTAR PRADESH","[N24000556],NHAI,UTTAR PRADESH",NHAI,UTTAR PRADESH,2023-04,2025-03,19,25,1.32
N24001746,2-LANE EXISTING RAMPUR BYPASS OF RAMPUR TO BE DEVELOPED TO 4- LANE ON EPC MODE IN THE STATE OF UTTAR (NHAI ),KASHMIR,NHAI,UTTAR PRADESH,2023-04,2025-03,19,25,1.32
N24001768,"BALANCE WORK OF 4L OF INDORE-GUJARAT/MP BORDER FROM KM 106.210 TO KM 115.250 (START AND END POINT OF NHAI,MADHYA PRADESH","[N24000678],NHIDCL,ARUNACHAL PRADESH",NHAI,MADHYA,2023-05,2025-03,19,25,1.32
N24001777,"DEVELOPMENT OF 6L UER-II (PACKAGE-I) (NH-1 NEAR BAKOLI TILL KARALA KANJHAWALA ROAD) FROM KM. (-)0.70 NHAI,DELHI","[N24001569],NHAI,RAJASTHAN",NHAI,DELHI,2023-05,2025-03,19,25,1.32
N24001783,"CONSTRUCTION OF 8LANE EXPRESSWAY NE4 STARTING BEFORE KMP EXPRESSWAY AND ENDS AT CH. 47+000 NEAR KHAN NHAI,HARYANA","[N24001691],NHAI,KARNATAKA",NHAI,HARYANA,2023-05,2025-03,19,25,1.32
N24001793,"4L OF BAL WORKS OF MAHUVA TO KAGVADAR FROM 100.450 KM. TO 140.470 KM. OF NH-8E (PKG- III) NHAI,GUJARAT","[N24000662],NHAI,PUNJAB",NHAI,GUJARAT,2023-05,2025-03,19,25,1.32
N24001796,4L OF RAJURA- KORPANA-ADILABAD ROAD UPTO M.S. BORDER FROM KM 32.910 TO KM 89.090 OF NH-353B (NHAI ),"[N24000662],NHAI,PUNJAB",NHAI,MAHARASHTRA,2023-05,2025-03,19,25,1.32
N24001797,"6L OF WAINGANGA BRIDGE - BHANDARA (INCLUDING BHANDARA BYPASS) SECTION FROM KM 485.000 TO KM 499.800 NHAI,MAHARASHTR A","[N24001691],NHAI,KARNATAKA",NHAI,MAHARASHTRA,2023-05,2025-03,19,25,1.32
N24001798,"4L MITIGATION MEASURE STRUCTURES ON CH/MH BORDER TO WAINGANGA BRIDGE SECTION OF NH-53 NHAI,MAHARASHTR A","[N24001691],NHAI,KARNATAKA",NHAI,MAHARASHTRA,2023-05,2025-03,19,25,1.32
N24001804,"BAL. WORKS OF FAGNE (KM. 510.000) TO MAHARASHTRA/GUJARAT BORDER (KM. 650.794) NHAI,MAHARASHTR A","[N24001569],NHAI,RAJASTHAN",NHAI,MAHARASHTRA,2023-05,2025-03,19,25,1.32
N24001820,6L OF VARADHARAJULA TO KUMARAJAPET FROM KM 0.000 TO KM 43.800 OF NH-716B (PKG- I) (NHAI ),PRADESH,NHAI,ANDHRA,2023-05,2025-03,19,25,1.32
N24001822,BANGALORE CHENNAI EXPRESSWAY (PHASE- II PKG-I) FROM KM.71.000 TO KM 96.000 (BETHAMANGALA IN THE STATE (NHAI ),"[N24001762],NHAI,MADHYA PRADESH",NHAI,ANDHRA PRADESH,2023-05,2025-03,19,25,1.32
N28000084,CHENNAI METRO RAIL LTD CHENNAI METRO RAIL LTD (PHASE 1) 11,Chennai Metro Rail Ltd,CMRL,TAMIL NADU,2022-06,2024-12,19,25,1.32
N28000128,"REDEVELOPMENT OF GENERAL POOL RESIDENTIAL COLONY AT SRINIWASPURI NEW DELHI PHASE-I CPWD,DELHI",Central Public Works Department,CPWD,DELHI,2022-06,2025-03,19,25,1.32
N28000134,NATIONAL CAPITAL REGION TRANSPORT CORP DELHI GHAZIABAD MEE,National Capital Region Transport Corp,NCRTC,MULTI STATE,2023-04,2025-03,19,25,1.32
N28000146,"CONSTRUCTION OF TWO NOS GIRLS HOSTELS AND ONE NO BOYS HOSTEL OF 500 CAPACITY EACH G PLUS 8 STOREYED CPWD EDUCATION,WEST BENGAL",Cpwd Of Higher Education,"CPWD
EDUCATION",WEST BENGAL,2023-04,2025-03,19,25,1.32
N28000150,C/O AIIMS AT AWANTIPORA (KASHMIR) JAMMU AND KASHMIR (CPWD FOR HEALTH ),"[N28000112],CPWD FOR HEALTH,KERALA","CPWD FOR
HEALTH",JAMMU AND KASHMIR,2023-04,2025-03,19,25,1.32
N28000154,CONSTRUCTION OF PERMANENT CAMPUS OF CENTRAL UNIVERSITY OF HIMACHAL PRADESH AT DEHRA AND JADRANGAL (D (CPWD ),Central Public Works Department,CPWD,HIMACHAL,2023-04,2025-03,19,25,1.32
N42000010,"ADDITIONAL INFRASTRUCTURE AT IISC BANGALORE SH RCC MONOLITHIC FOR MEN WOMEN HOSTEL CPWD,KARNATAKA",Central Public Works Department,CPWD,KARNATAKA,2022-06,2025-03,19,25,1.32
N04000099,"DEVELOPMENT OF NEW GREENFIELD AIRPORT AT DHOLERA, AHMEDABAD (GUJARAT). PHASE-1. (AAI )",Airport Authority Of India Limited,AAI,GUJARAT,2023-04,2025-03,19,24,1.26
N06000191,SHYAMSUNDARPUR UG INCLUDING SAPI UNIT 31 Coal prod,Eastern Coal Fields Limited,ECL,WEST BENGAL,2022-06,2025-03,19,24,1.26
N06000197,BAROUD OC EXPANSION (3-10 MTY) 95 Issuance of LOI,COAL,SECL,CHHATISGARH,2022-06,2025-03,19,24,1.26
N06000227,BHUBANESWARI EXPANSION OCP 44 Project approved in,Mahanadi Coal Fields Limited,MCL,ODISHA,2022-06,2025-03,19,24,1.26
N06000238,"CHANDRAGUPT OCP 15 ""Coal Production and OBR in JUN",Central Coal Fields Limited,CCL,JHARKHAND,2022-06,2025-03,19,24,1.26
N10000013,"SOURCING OF BAUXITE ARRANGEMENT FOR 5TH STREAM ALUMINA REFINERY FROM SOUTH BLOCK MINING LEASE OF PAN NALCO,ODISHA",National Aluminum Company Limited (Nalco),NALCO,ODISHA,2023-04,2025-03,19,24,1.26
N16000362,"Fuel Quality Upgradation Project at Paradip Refinery IOCL,ODISHA",Indian Oil Corporation Limited,IOCL,ODISHA,2022-06,2025-03,19,24,1.26
N16000477,"RESTORATION OF GAS TERMINAL, PHASE- I (PART-A), HAZIRA PLANT (ONGC )",Oil & Natural Gas Corporation Limited,ONGC,GUJARAT,2023-04,2025-03,19,24,1.26
N16000478,HALDIA PANAGARH PIPELINE PROJECT (HPCL ),Hindustan Petroleum Corporation Limited,HPCL,WEST BENGAL,2023-04,2025-03,19,24,1.26
N16000480,LAYING OF NATURAL GAS PIPELINE FROM HAZARIBAGH TO RANCHI (IOCL ),Indian Oil Corporation Limited,IOCL,JHARKHAND,2023-04,2025-03,19,24,1.26
N18000343,SYSTEM STRENGTHENING SCHEME FOR EASTERN AND NORTH EASTERN REGION (PGCIL ),"[N18000331],PGCIL,MULTI STATE",PGCIL,MULTI STATE,2023-04,2025-03,19,24,1.26
N18000349,"BHUJ SOLAR 300MW (TRANCHE- IV WIND SOLAR HYBRID) NTPC,GUJARAT",National Thermal Power Corporation,NTPC,GUJARAT,2023-04,2025-03,19,24,1.26
N18000353,ER WR TRANSMISSION LIMITED (PGCIL ),"[N18000331],PGCIL,MULTI STATE",PGCIL,MULTI STATE,2023-04,2025-03,19,24,1.26
N24000715,"REHABILITATION AND UPGRADATION OF CUTTACK ANGUL SECTION OF NH-42 (NEW NH-55) TO 4 LANE (KM. 0+400 TO NHAI,ODISHA","[N24000556],NHAI,UTTAR PRADESH",NHAI,ODISHA,2022-06,2025-03,19,24,1.26
N24000880,"UPGRADATION OF NH-81 WITH A MINIMUM OF 2- LANE WITH PAVED SHOULDER CONFIGURATION STARTING FROM KM 19. MoRTH,WEST BENGAL","[N24001289],MoRTH,ARUNACHAL PRADESH",MoRTH,WEST BENGAL,2022-06,2025-03,19,24,1.26
N24000988,"WIDENING AND STRENGTHENING OF EXISTING 2-LANE TO 2-LANE WITH PAVED SHOULDERS FROM KM.159/0 TO 165/4 MoRTH,TELANGANA","[N24001289],MoRTH,ARUNACHAL PRADESH",MoRTH,TELANGANA,2022-06,2025-03,19,24,1.26
N24001160,"WIDENING TO TWO LANE WITH PAVED SHOULDER FROM KM 194.900 TO KM 243.200 OF NH-234 BANAVARA-HULIYAR MoRTH,KARNATAKA","[N24001289],MoRTH,ARUNACHAL PRADESH",MoRTH,KARNATAKA,2023-04,2025-03,19,24,1.26
N24001387,"WIDENING TO 2-LANE WIH PAVED SHOULDER FROM KM. 544.20 TO 594.00 (HOSAMANE CROSS TO PANDAVAPURA) SECT MoRTH,KARNATAKA","[N24001467],MoRTH,NAGALAND",MoRTH,KARNATAKA,2023-05,2025-03,19,24,1.26
N24001416,"DELHI-AMRITSAR-KATRA EXPRESSWAY FROM JUNCTION WITH LUDHIANA-MALERKOTLA ROAD (SH-11) NEAR BHOGIWAL VI NHAI,PUNJAB","[N24001719],NHAI,TAMIL NADU",NHAI,PUNJAB,2023-04,2025-03,19,24,1.26
N24001457,REHABILITATION AND UPGRADATION TO 2 LANE WITH PS OF MIRANPUR KATRA TO RADHAITA SECTION OF NH- 730C F (MoRTH ),"[N24001289],MoRTH,ARUNACHAL PRADESH",MoRTH,UTTAR,2023-04,2025-03,19,24,1.26
N24001479,WIDENING AND UPGRADATION TO FOUR LANE CONFIGURATION FROM KM.34.900 (BHADOHI) TO KM.73.134 (JAUNPUR) (MoRTH ),"[N24001289],MoRTH,ARUNACHAL PRADESH",MoRTH,UTTAR,2023-04,2025-03,19,24,1.26
N24001571,"DELHI-VADODARA GREENFIELD ALIGNMENT (NH-148N) (PKG-13) (CH. 359.170 TO CH. 388.420) [JUNCTION WITH S NHAI,RAJASTHAN","[N24001634],NHAI,HARYANA",NHAI,RAJASTHAN,2023-04,2025-03,19,24,1.26
N24001587,WIDENING AND STRENGTHENING OF SECTION FROM BHARTHANA CHOWK TO KODARKOOT (KM. 0.00 TO KM. 40.00) OF (MoRTH ),"[N24001289],MoRTH,ARUNACHAL PRADESH",MoRTH,UTTAR,2023-04,2025-03,19,24,1.26
N24001626,6L ACCESS CONTROLLED GREENFIELD HIGHWAY OF NANDINNE VILLAGE TO JULEKAL VILLAGE FROM KM 202.900 TO KM (NHAI ),"[N24001621],NHAI,JAMMU AND KASHMIR",NHAI,TELANGANA,2023-04,2025-03,19,24,1.26
N24001635,4 LANING OF JAGADHRI TAJEWALA ROAD SECTION OF NH 907 (OLD NH 73A) UNDER NH(O) (PKG 1) IN THE STATE O (NHAI ),"[N24001719],NHAI,TAMIL NADU",NHAI,HARYANA,2023-04,2025-03,19,24,1.26
N24001654,(N24001654 ) SIX LANING FROM KAPPIRIKKAD TO THALIKULAM SECTION OF NH ? 66 (OLD NH-17) FROM DESIGN CH. 335+850 (EX (NHAI ),"[N24000736],NHAI,ODISHA",NHAI,KERALA,2023-04,2025-03,19,24,1.26
N24001663,"SIX LANING OF NEELESHWARAM TO THALIPARAMBHA SECTION FROM CH. 94+540 (EXISTING KM 96+450) TO CH. 134+ NHAI,KERALA","[N24001625],NHAI,TELANGANA",NHAI,KERALA,2023-04,2025-03,19,24,1.26
N24001664,"SIX LANING OF CHENGALA TO NEELESHWARAM SECTION OF NH-17 (NEW NH-66) FROM CH. 56+200 (EXISTING KM 57+ NHAI,KERALA","[N24000556],NHAI,UTTAR PRADESH",NHAI,KERALA,2023-04,2025-03,19,24,1.26
N24001666,6L GREENFIELD BARAJA - KANDILI SECTION OF NH- 130- CD ROAD FROM KM 338+500 TO KM 342+500 (PACKAGE- OD (NHAI ),"[N24000556],NHAI,UTTAR PRADESH",NHAI,ODISHA,2023-04,2025-03,19,24,1.26
N24001677,BALANCE WORK OF 2L PS FROM KM 30.800 TO 70.800 AND 2L WITH RIGID CARRIAGEWAY FROM 70.800 TO KM 84.12 (NHAI ),"[N24001625],NHAI,TELANGANA",NHAI,KARNATAKA,2023-04,2025-03,19,24,1.26
N24001682,"UPGRADATION 2/4 LANE NH CONNECTIVITY UNDER SAGARMALA SCHEME SH 2 HAVERI YEKAMBI SH 69 YEKAMBI KUMTA NHAI,KARNATAKA",KASHMIR,NHAI,KARNATAKA,2023-04,2025-03,19,24,1.26
N24001702,CONSTRUCTION OF 4 LANE ELEVATED HIGHWAY AND AT- GRADE IMPROVEMENTS AT GOPALGANJ TOWN FROM DESIGN CH: (NHAI ),"[N24001719],NHAI,TAMIL NADU",NHAI,BIHAR,2023-04,2025-03,19,24,1.26
N24001717,BANGALORE CHENNAI EXPRESSWAY PHASE- III PACKAGE III (ARAKKONAM TO KANCHEEPURAM) FROM KM 204.500 TO K (NHAI ),"[N24001625],NHAI,TELANGANA",NHAI,TAMIL NADU,2023-04,2025-03,19,24,1.26
N24001729,4L SPUR OF PANIPAT - SHAMLI CONNECTING NH-709AD (PANIPAT ? SHAMLI ? MUZAFFARNAGAR) AND NH- 709A (KARN (NHAI ),"[N24000556],NHAI,UTTAR PRADESH",NHAI,UTTAR PRADESH,2023-04,2025-03,19,24,1.26
N24001824,RENIGUNTA - POYYA - NAIDUPETA KM 124.60 TO KM 183.4 OF NH 71 - N/04027/06001/AP (NHAI ),"[N24000678],NHIDCL,ARUNACHAL PRADESH",NHAI,ANDHRA PRADESH,2023-05,2025-03,19,24,1.26
N24001827,"4L KODINAR - VERAVAL (PACKAGE VI) FROM KM. 222.400 TO KM. 230.00 (KODINAR BYPASS) OF NH-8E (NH 51 NE NHAI,GUJARAT","[N24001762],NHAI,MADHYA PRADESH",NHAI,GUJARAT,2023-05,2025-03,19,24,1.26
N24001828,CONSTRUCTION OF BYPASS TO GUDIYATHAM TOWN IN KM 23/100 ? 29/250 INCLUDING LA AND SHIFTING OF NH- 234 (MoRTH ),PRADESH,MoRTH,TAMIL NADU,2023-05,2025-03,19,24,1.26
N28000115,"SETTING UP PHYSICAL INFRASTRUCTURE FOR THE NATIONAL INSTITUTE OF COMMUNICATION FINANCE(NICF) AT GHIT CPWD FOR TELECO,DELHI",TELECOMMUNICATIONS,"CPWD FOR
TELECO",DELHI,2022-06,2025-03,19,24,1.26
N30000036,"SEWER NETWORKS, SPS AND STP, MUNGER BUIDCO,BIHAR",Bihar Urban Infrastructure Development Corporation Ltd,BUIDCO,BIHAR,2023-04,2025-03,19,24,1.26
N06000157,"DURGAPUR EXTENSION (DEEP) OC (3.0 MTY) WCL,MULTI STATE",Western Coal Fields Limited,WCL,MULTI STATE,2022-06,2024-12,19,23,1.21
N06000180,BELLORA-NAIGAON DEEP OC 106 Possession of 182.04 H,Western Coal Fields Limited,WCL,MAHARASHTRA,2022-06,2024-12,19,23,1.21
N18000307,"TRANSMISSION SYSTEM STRENGTHENING SCHEME FOR EVACUATION OF POWER FROM SOLAR ENERGY ZONES IN RAJASTHA PGCIL,RAJASTHAN","[N18000331],PGCIL,MULTI STATE",PGCIL,RAJASTHAN,2022-06,2024-12,19,23,1.21
N24000558,NAGPUR RING ROAD PACKAGE-1 668 This Project was ap,"[N24001719],NHAI,TAMIL NADU",NHAI,MAHARASHTRA,2022-06,2024-12,19,23,1.21
N24001423,(N24001423 ) CONSTRUCTION OF FOUR-LANE ELEVATED VIADUCT FROM KM.4+634 TO KM.6+345 ON NH- 24A INCLUDING RETAINING W (MoRTH ),"[N24001289],MoRTH,ARUNACHAL PRADESH",MoRTH,UTTAR PRADESH,2022-06,2025-03,19,23,1.21
N24001719,(N24001719 ) BANGALORE CHENNAI EXPRESSWAY PHASE- III ? PACKAGE I (GUDIPALA TO WALAJAJHPET) FROM KM 156.000 TO KM 1 (NHAI ),"[N24001569],NHAI,RAJASTHAN",NHAI,TAMIL NADU,2023-05,2025-03,19,23,1.21
N24001778,"DEVELOPMENT OF 4L UER II [PACKAGE - V] (SPUR TO BAHADURGARH BYPASS) (NH-10) FROM KM. 0.00 TO KM.7.30 NHAI,DELHI",PRADESH,NHAI,DELHI,2023-05,2025-03,19,23,1.21
N28000097,"CHENNAI METRO RAIL LTD (PHASE 1 EXT) CMRL,TAMIL NADU",Chennai Metro Rail Ltd,CMRL,TAMIL NADU,2022-06,2024-12,19,23,1.21
N28000136,"DELHI METRO RAIL EXTENSION FROM NAJAFGARH TO DHANSA BUS STAND DMRC,DELHI",Delhi Metro Rail Corporation,DMRC,DELHI,2022-06,2024-12,19,23,1.21
N30000013,"INTERCEPTION AND DIVERSION WORKS WITH STP AT BAREILLY, UTTAR PRADESH UPJalNigam,UTTAR PRADESH",Uttar Pradesh Jal Nigam,UPJalNigam,UTTAR,2023-04,2025-03,19,23,1.21
N30000033,"INTEGRATION OF STPS WITH REHABILITATION AND O AND M OF EXISTING ASSETS KMDA,WEST BENGAL",Kolkata Metropolitan Development Authority,KMDA,WEST BENGAL,2022-06,2024-12,19,23,1.21
N16000403,"CONSTRUCTION OF CAPTIVE POL LPG JETTY AT KAMARAJAR PORT, CHENNAI IOCL,TAMIL NADU",Indian Oil Corporation Limited,IOCL,TAMIL NADU,2022-06,2024-12,19,22,1.16
N18000316,"NORTH EASTERN REGION STRENGTHENING SCHEME-XII PGCIL,MULTI STATE","[N18000331],PGCIL,MULTI STATE",PGCIL,MULTI STATE,2022-06,2024-12,19,22,1.16
N16000484,"CONSTRUCTION OF LPG FACILITIES AT KAMARDANGA, ASSAM (HPCL )","[N16000465],BPCL,ODISHA",HPCL,ASSAM,2023-05,2025-03,18,37,2.06
N18000362,DIBANG MULTIPURPOSE PROJECT 2880 MW ARUNACHAL PRADESH (NHPC ),POWER,NHPC,ARUNACHAL,2023-05,2025-03,18,37,2.06
N24001246,"4-LANING OF HAPACHARA - TULUNGIA SECTION NHIDCL,ASSAM","[N24000678],NHIDCL,ARUNACHAL PRADESH",NHIDCL,ASSAM,2022-06,2025-03,18,37,2.06
N24001466,WIDENING TO EXISTING SINGLE LANE /INTERMEDIATE LANE TO 2 LANE FROM KM185.00 TO KM 220.00 OF NH- 61 (N (MoRTH ),"[N24001289],MoRTH,ARUNACHAL PRADESH",MoRTH,NAGALAND,2023-04,2025-03,18,37,2.06
N24001541,RANIKOR- MAHESHKHOLA- BAGHMARA PKG- 2 (NHIDCL ),"[N24000678],NHIDCL,ARUNACHAL PRADESH",NHIDCL,MEGHALAYA,2023-05,2025-03,18,37,2.06
N24001432,"6L FLYOVER AT BORAGAON, GORCHUK, LOKHRA AND BASISTHA JUNCTION ON GUWAHATI BYPASS SECTION FROM KM 146 (NHAI )","[N24001634],NHAI,HARYANA",NHAI,ASSAM,2023-04,2025-03,18,34,1.89
N24001275,"IMPROVEMENT/UPGRADATION OF EXISTING 2-LANE TO 4-LANE DIVIDED HIGHWAY FROM DAILI TO KURAOPOKPI SECTIO NHIDCL,MANIPUR","[N24001267],NHIDCL,TRIPURA",NHIDCL,MANIPUR,2023-04,2024-12,18,31,1.72
N24001315,"TADADEGE - HENKAR NHIDCL,ARUNACHAL PRADESH","[N24001267],NHIDCL,TRIPURA",NHIDCL,ARUNACHAL PRADESH,2022-06,2024-12,18,31,1.72
N24001318,"2-LANING OF KHOWAI -AGARTALA SECTION FROM DESIGN KM 31.300 TO KM 45.300 OF NH-208A PKG-3 NHIDCL,TRIPURA","[N24000967],MoRTH,ANDHRA PRADESH",NHIDCL,TRIPURA,2023-04,2024-12,18,31,1.72
N24001399,IMPHAL – MOREH (PACKAGE 4) 537 Location: MANIPUR,"[N24000967],MoRTH,ANDHRA PRADESH",NHIDCL,MANIPUR,2022-06,2024-12,18,31,1.72
N24001826,"VARANASI RING ROAD (PKG-II) CONNECTING SANDAHA VILLAGE (KM 11.70 / NH-29) WITH REVASA VILLAGE (KM 81 NHAI,UTTAR PRADESH","[N24000678],NHIDCL,ARUNACHAL PRADESH",NHAI,UTTAR PRADESH,2023-05,2025-03,18,28,1.56
N22000356,"WARDHA-BALHARSHAH - 3RD LINE (132 KM) CR,MAHARASHTRA",Central Railways,CR,MAHARASHTRA,2023-04,2025-03,18,27,1.5
N24001775,"CONSTRUCTION OF PROPOSED REWARI BYPASS (DESIGN LENGTH 14.4 KM) NH-11 AS A FEEDER ROUTE IN THE STATE NHAI,HARYANA","[N24001762],NHAI,MADHYA PRADESH",NHAI,HARYANA,2023-05,2025-03,18,27,1.5
N24001789,"CONSTRUCTION OF EIGHT LANE EXPRESSWAY FROM KM 190.000 TO KM 217.500 GANDEVA TO ENA SECTION OF VADODA NHAI,GUJARAT",PRADESH,NHAI,GUJARAT,2023-05,2025-03,18,27,1.5
N24000885,"CONSTRUCTION OF ROB AND ITS APPROACHES IN LIEU OF UNMANNED LEVEL CROSSING AT KM 303.9 ON NH-60 (PAND MoRTH,WEST BENGAL","[N24001289],MoRTH,ARUNACHAL PRADESH",MoRTH,WEST BENGAL,2023-04,2025-03,18,26,1.44
N24001790,"SANCHORE - SANTALPUR FROM KM 67.000- KM 99.000 OF NH- 754K (AJ-RGBS-PACKAGE-3) NHAI,GUJARAT","[N24001762],NHAI,MADHYA PRADESH",NHAI,GUJARAT,2023-05,2025-03,18,26,1.44
N04000079,"CONSTRUCTION OF NEW INTEGRATED TERMINAL BUILDING, RECONSTRUCTION OF OLD TERMINAL BUILDING, MODIFICAT AAI,MAHARASHTRA",CIVIL AVIATION,AAI,MAHARASHTRA,2022-06,2025-03,18,25,1.39
N18000277,"DURGAPUR PP-III (2X20 MW) - NSPCL NTPC,WEST BENGAL",National Thermal Power Corporation,NTPC,WEST BENGAL,2023-04,2025-03,18,25,1.39
N22000369,"VIJAYAWADA-GUDUR RVNL,ANDHRA PRADESH",RAILWAYS,RVNL,ANDHRA,2023-06,2025-03,18,25,1.39
N24000556,"FOUR LANNING OF RAMPUR- KATHGODAM SECTION OF NH-87 FROM KM 0.000 (KM. 190.000 OF NH-24) TO KM 42.791 NHAI,UTTAR PRADESH",PRADESH,NHAI,UTTAR PRADESH,2022-06,2025-03,18,25,1.39
N24001615,4L OF SAGAR - MOHARI FROM KM.8 TO KM.50 (PKG-I) (NHAI ),"[N24000736],NHAI,ODISHA",NHAI,MADHYA,2023-04,2025-03,18,25,1.39
N24001709,"BAKHTIYARPUR RAJAULI PKG-II FROM KM 54.405 TO KM 101.630 NH20 NHAI,BIHAR",KASHMIR,NHAI,BIHAR,2023-04,2025-03,18,25,1.39
N28000127,"CONSTRUCTION OF 300 BEDDED HOSPITAL AND TEACHING BLOCK IN DR YS PARMAR GMC AT NAHAN HIMACHAL PRADESH CPWD FOR HEALTH,HIMACHAL PRADESH",Cpwd For Health,"CPWD FOR
HEALTH",HIMACHAL PRADESH,2022-06,2024-12,18,25,1.39
N16000409,"PETROCHEMICAL AND LUBE INTEGRATION PROJECT AT GUJARAT REFINERY IOCL,GUJARAT","[N16000451],IOCL,TAMIL NADU",IOCL,GUJARAT,2022-06,2025-03,18,24,1.33
N16000454,"INSTALLATION OF NEW BITUMEN UNIT ALONG WITH ALLIED FACILITIES AT GUJARAT IOCL,GUJARAT",Indian Oil Corporation Limited,IOCL,GUJARAT,2023-04,2025-03,18,24,1.33
N16000483,OLD PIPE LINE REPLACEMENT (OPRP) GROUP-A 149 * Con,"[N16000451],IOCL,TAMIL NADU",ONGC,GUJARAT,2023-05,2025-03,18,24,1.33
N16000485,"CGD PROJECT AT KURNOOL, GUNTUR AND PRAKASAM DISTRICTS (IOCL )","[N16000451],IOCL,TAMIL NADU",IOCL,ANDHRA,2023-05,2025-03,18,24,1.33
N16000487,"CGD PROJECT AT BEED, JALGAON AND JALNA DISTRICTS (IOCL )","[N16000451],IOCL,TAMIL NADU",IOCL,MAHARASHTRA,2023-05,2025-03,18,24,1.33
N16000488,CGD PROJECT AT PATHANKOT DISTRICT 123 Cumulative,"[N16000465],BPCL,ODISHA",IOCL,PUNJAB,2023-05,2025-03,18,24,1.33
N16000491,"CGD PROJECT AT EAST MEDNIPORE, WEST MEDNIPORE AND JHARGRAM DISTRICTS (IOCL )","[N16000451],IOCL,TAMIL NADU",IOCL,WEST BENGAL,2023-05,2025-03,18,24,1.33
N18000351,EASTERN REGION EXPANSION SCHEME XXIX (PGCIL ),"[N18000331],PGCIL,MULTI STATE",PGCIL,ODISHA,2023-04,2025-03,18,24,1.33
N18000352,TRANSMISSION SYSTEM FOR KURNOOL WIND ENERGY ZONE SOLAR ENERGY ZONE (AP) PART- A PART B (PGCIL ),"[N18000331],PGCIL,MULTI STATE",PGCIL,MULTI STATE,2023-04,2025-03,18,24,1.33
N18000357,ESTABLISHMENT OF KHAVDA POOLING STATION 3 (KPS3) IN KHAVDA RE PARK (PGCIL ),"[N18000331],PGCIL,MULTI STATE",PGCIL,GUJARAT,2023-04,2025-03,18,24,1.33
N18000359,"KHAVDA-2, GUJARAT- ESTABLISHMENT OF KHAVDA POOLING STATION-2 (KPS2) IN KHAVDA RE PARK (PGCIL )","[N18000331],PGCIL,MULTI STATE",PGCIL,GUJARAT,2023-04,2025-03,18,24,1.33
N18000360,"KHAVDA PHASE-II- PART B, GUJARAT- TRANSMISSION SCHEME FOR EVACUATION OF 4.5 GW RE INJECTION AT KHAVDA (PGCIL )","[N18000331],PGCIL,MULTI STATE",PGCIL,GUJARAT,2023-04,2025-03,18,24,1.33
N18000364,TALCHER THERMAL POWER PROJECT STAGE III(2X660 MW) (NTPC ),POWER,NTPC,ODISHA,2023-05,2025-03,18,24,1.33
N24000725,"FOUR LANING OF BARHI - KODERMA SECTION OF NH - 31 NHAI,JHARKHAND",National Highways Authority Of India,NHAI,JHARKHAND,2023-04,2024-12,18,24,1.33
N24000868,"UP-GRADATION TO 4-LANE WITH PAVED SHOULDER OF JAMMU- AKHNOOR ROAD SECTION OF NH-144A FROM GANESH VIHA NHIDCL,JAMMU AND KASHMIR","[N24000967],MoRTH,ANDHRA PRADESH",NHIDCL,JAMMU AND,2023-04,2025-03,18,24,1.33
N24001462,2-LANE WITH PS OF NEAR KARRI VILLAGE TO ETAWAH SECTION OF NH- 92 FROM KM.30.000 TO 57.346 UNDER GNHCP (MoRTH ),"[N24001289],MoRTH,ARUNACHAL PRADESH",MoRTH,UTTAR,2023-04,2025-03,18,24,1.33
N24001469,"IMPROVEMENT AND UPGRADATION TO TWO LANE WITH PAVED SHOULDER CONFIGURATION FROM EXISTING KM 55.00 TO MoRTH,UTTAR PRADESH","[N24001467],MoRTH,NAGALAND",MoRTH,UTTAR,2023-05,2025-03,18,24,1.33
N24001503,"4L OF INDAPUR TO TONDLE (PKG-III) FROM KM.84.550 TO KM. 131.00 OF NH-965G (SAINT TUKARAM MARG) NHAI,MAHARASHTR A","[N24001213],NHAI,MADHYA PRADESH",NHAI,MAHARASHTRA,2023-06,2025-03,18,24,1.33
N24001530,UPGRADATION TO TWO LANE PAVED SHOULDER OF KOTHUN-LALSOT- KAROLI-DHOLPUR ROAD NH-23 (OLD NH- 11B) IN TH (MoRTH ),"[N24001289],MoRTH,ARUNACHAL PRADESH",MoRTH,RAJASTHAN,2023-04,2025-03,18,24,1.33
N24001543,FOUR LANING OF JAMMU- AKHNOOR PKG-1 (NHIDCL ),"[N24001267],NHIDCL,TRIPURA",NHIDCL,JAMMU AND,2023-04,2025-03,18,24,1.33
N24001607,BALANCE WORKS OF 4L PANVEL- INDAPUR SECTION OF NH-66 (OLD NH- 17) FROM KM 42.300 (KASU) TO KM 84.600 ( (NHAI ),KASHMIR,NHAI,MAHARASHTRA,2023-04,2025-03,18,24,1.33
N24001610,4L OF EXISTING 2/4L STRETCH FROM LONAND TO DIVE GHAT (KM 166.400 TO KM 220.900 ) OF MOHOL ? ALANDI S (NHAI ),"[N24001719],NHAI,TAMIL NADU",NHAI,MAHARASHTRA,2023-04,2025-03,18,24,1.33
N24001619,CORRIDOR EFFICIENCY IMPROVEMENT INCLUDING REMOVAL OF BLACK SPOTS IN LAKHANPUR - SAMBA SECTION OF NH-,"[N24001625],NHAI,TELANGANA",NHAI,JAMMU AND,2023-04,2025-03,18,24,1.33
N24001621,"4L OF KM.165.092 TO KM.171.855 (NORTH BOUND) AND FROM KM.166.895 TO KM.173.638 (SOUTH BOUND), EXCL. (NHAI )","[N24000662],NHAI,PUNJAB",NHAI,JAMMU AND,2023-05,2025-03,18,24,1.33
N24001625,6L ACCESS CONTROLLED GREENFIELD HIGHWAY OF JULEKAL VILLAGE TO DINNEDEVARAPADU VILLAGE FROM KM 242.20 (NHAI ),PRADESH,NHAI,TELANGANA,2023-05,2025-03,18,24,1.33
N24001627,4L OF TWIN TUBE TUNNEL CONFIGURATION INCLUDING APPROACHES FROM MAROG TO DIGDOL (FROM KM.154.210 TO K (NHAI ),KASHMIR,NHAI,JAMMU AND,2023-04,2025-03,18,24,1.33
N24001628,4/6L OF SPUR TO HARIDWAR (GREENFIELD) FROM KM. 0.000 TO KM. 49.000 - PPP BOT,"[N24001719],NHAI,TAMIL NADU",NHAI,MULTI STATE,2023-04,2025-03,18,24,1.33
N24001629,6L WITH ACCESS CONTROL PROVISION SAHARANPUR BYPASS TO GANESHPUR SECTION FROM 13.89 KM TO 41.820 KM O (NHAI ),"[N24001762],NHAI,MADHYA PRADESH",NHAI,MULTI STATE,2023-05,2025-03,18,24,1.33
N24001631,6L OF IT CITY CHOWK TO KURALI CHANDIGARH ROAD (NHAI ),"[N24001621],NHAI,JAMMU AND KASHMIR",NHAI,PUNJAB,2023-04,2025-03,18,24,1.33
N24001639,"FOUR LANING OF MOGA TO BAJAKHANA LAMBWALI SECTION OF 105B GREENFIELD ALIGNMENT FROM DESIGN CHAINAGE NHAI,PUNJAB","[N24001560],NHAI,RAJASTHAN",NHAI,PUNJAB,2023-04,2025-03,18,24,1.33
N24001651,SIX LANING OF THURAVOOR (DESIGN KM. 378+612) TO PARAVOOR (DESIGN KM.417+000) SECTION OF NEW NH- 66 (O (NHAI ),"[N24001762],NHAI,MADHYA PRADESH",NHAI,KERALA,2023-05,2025-03,18,24,1.33
N24001653,SIX LANING FROM KODUNGALLUR TO EDAPALLY SECTION OF NH ?66 (OLD NH- 17) FROM DESIGN CHAINAGE 397+750 ( (NHAI ),"[N24001625],NHAI,TELANGANA",NHAI,KERALA,2023-04,2025-03,18,24,1.33
N24001697,4L GREENFIELD ALIGNMENT FROM KALYANAPUR TO TAL DASHRAHA OF NH- 119D (PKG-III) (NHAI ),"[N24001572],NHAI,RAJASTHAN",NHAI,BIHAR,2023-04,2025-03,18,24,1.33
N24001733,6L ACCESS CONTROLLED GREENFIELD HIGHWAY OF JUNCTION OF EPE (VILL.- MAVIKALAN) TO VILL.-LOHADDA FROM K (NHAI ),"[N24001621],NHAI,JAMMU AND KASHMIR",NHAI,UTTAR,2023-04,2025-03,18,24,1.33
N24001737,"4LPS OF MUZAFFARNAGAR TO MIRANPUR SECTION OF NH-709AD, PKG- III (NHAI )","[N24001625],NHAI,TELANGANA",NHAI,UTTAR PRADESH,2023-04,2025-03,18,24,1.33
N24001745,KANPUR LUCKNOW EXPRESSWAY PKG-1 CONSTRUCTION OF 6- LANE TO EIGHT LANE OF KANPUR LUCKNOW EXPRESSWAY (N (NHAI ),"[N24001719],NHAI,TAMIL NADU",NHAI,UTTAR PRADESH,2023-04,2025-03,18,24,1.33
N24001754,SPUR OF MEERUT-GARH- MUKTESHWAR SECTION(NH- 709A) CONNECTING NH-119 AND NH-58 BYPASSING MEERUT TOWN (NHAI ),"[N24000556],NHAI,UTTAR PRADESH",NHAI,UTTAR PRADESH,2023-04,2025-03,18,24,1.33
N24001756,4L OF UJJAIN TO BADNAWAR FROM KM 26.900 TO KM 96.00 OF NH-752D - PPP BOT,"[N24001762],NHAI,MADHYA PRADESH",NHAI,MADHYA,2023-05,2025-03,18,24,1.33
N24001758,4L OF SUHAGADI TO BARDIYA AMRA FROM KM. 89.200 TO KM. 135.351 OF NH-752D (PKG-III) - PPP BOT,"[N24001762],NHAI,MADHYA PRADESH",NHAI,MADHYA,2023-05,2025-03,18,24,1.33
N24001765,"ADDITIONAL WORKS (2VUPS, MR- 10 JUNCTION FLYOVER AND UNDERPASS) IN SIX LANE INDORE- DEWAS SECTION OF N (NHAI )","[N24001762],NHAI,MADHYA PRADESH",NHAI,MADHYA,2023-05,2025-03,18,24,1.33
N24001767,4L OF INDORE - BOREGAON (PKG- III) [BALWARA TO DHANGAON] FROM KM. 42.260 TO KM. 82.660 OF NH347BG AND (NHAI ),"[N24000662],NHAI,PUNJAB",NHAI,MADHYA,2023-05,2025-03,18,24,1.33
N24001771,SIX LANE ACCESS CONTROLLED OF DELHI SAHARANPUR HIGHWAY FROM AKSHARDHAM NH 9 JUNCTION TO DELHI UP BOR (NHAI ),"[N24000662],NHAI,PUNJAB",NHAI,DELHI,2023-05,2025-03,18,24,1.33
N24001774,"CONSTRUCTION OF GURGAON - PATAUDI - REWARI SECTION OF NH-352W (DESIGN LENGTH 46.11 KM) AS FEEDER ROU NHAI,HARYANA","[N24001691],NHAI,KARNATAKA",NHAI,HARYANA,2023-05,2025-03,18,24,1.33
N24001785,UP-GRADATION TO 4- LANE WITH PAVED SHOULDER OF BHIMASAR JUNCTION OF NH-41 TO ANJAR BHUJ UPTO AIRPORT (NHAI ),PRADESH,NHAI,GUJARAT,2023-05,2025-03,18,24,1.33
N24001792,"4L OF BAL WORKS OF TALAJA - MAHUVA FROM 54.990 KM. TO 100.450 KM. OF OLD NH-8E (PACKAGE-II) NHAI,GUJARAT",PRADESH,NHAI,GUJARAT,2023-05,2025-03,18,24,1.33
N24001809,CONVERSION OF PARTIALLY EXCAVATED ESCAPE TUNNEL TO UNIDIRECTIONAL TWO LANE TUNNEL (INCLUDING CONSTRU (NHAI ),"[N24001762],NHAI,MADHYA PRADESH",NHAI,HIMACHAL,2023-05,2025-03,18,24,1.33
N24001810,4L SUNDER NAGAR BYPASS FROM KM173.900 TO KM 179.600 OF NH-21 IN THE STATE OF HP (NHAI ),"[N24001569],NHAI,RAJASTHAN",NHAI,HIMACHAL,2023-05,2025-03,18,24,1.33
N24001813,4L OF END OF PINJORE BYPASS - BADDI - NALAGARH SECTION (KM. 4.200 TO KM. 35.370) OF NH21A (NHAI ),"[N24001569],NHAI,RAJASTHAN",NHAI,HIMACHAL,2023-05,2025-03,18,24,1.33
N24001819,6L OF VEERA KAVERI RAJA PURAM TO PONDAVAKKAM FROM KM 61.380 TO KM 96.040 OF NH 716B (PKG-III) (NHAI ),PRADESH,NHAI,ANDHRA,2023-05,2025-03,18,24,1.33
N24001823,4L OF MADANAPALLE TO PILERU SECTION FROM KM 0.000 TO KM 55.900 OF NH- 71(PACKAGE-I) - N/05060/01002/A (NHAI ),PRADESH,NHAI,ANDHRA PRADESH,2023-05,2025-03,18,24,1.33
N24001825,"DEVELOPMENT OF 6L UER II [PACKAGE - II] (KARALA KANJHAWALA ROAD TILL NANGLOI - NAJAFGARH ROAD) FROM NHAI,DELHI","[N24000662],NHAI,PUNJAB",NHAI,DELHI,2023-05,2025-03,18,24,1.33
N24001836,6L KANTAKAPALLE – SABBAVARAM SECTION OF NH-130CD ROAD FROM KM 445.100 TO KM 464.662 (PKG-4) - PPP BOT,PRADESH,NHAI,ANDHRA,2023-06,2025-03,18,24,1.33
N06000222,"DINESH (MAKARDHOKDA-III) OC (8.0 MTY) 112 ""654.61",Western Coal Fields Limited,WCL,MAHARASHTRA,2022-06,2025-03,18,23,1.28
N06000261,RPR OF HINGULA -II EXPANSION PH- III (MCL ),Mahanadi Coal Fields Limited,MCL,ODISHA,2023-04,2025-03,18,23,1.28
N07000001,"C/O RESIDENTIAL COMPLEX BUILDING FOR CENTRAL BOARD OF INDIRECT TAXES AND CUSTOMS AT SECTOR-9, DWARKA NPCC,DELHI",National Projects Construction Corporation Limited,NPCC,DELHI,2023-04,2025-03,18,23,1.28
N16000456,ATF PIPELINE FROM JAWAHARLAL NEHRU PORT TRUST (JNPT) TO NAVI MUMBAI INTERNATIONAL AIRPORT (NMIA) (IOCL ),Indian Oil Corporation Limited,IOCL,MAHARASHTRA,2023-04,2025-03,18,23,1.28
N16000481,KALOL REDEVELOPMENT PROJECT (ONGC ),"[N16000451],IOCL,TAMIL NADU",ONGC,GUJARAT,2023-05,2025-03,18,23,1.28
N16000486,CGD PROJECT AT DHARMAPURI AND KRISHNAGIRI DISTRICTS (IOCL ),"[N16000465],BPCL,ODISHA",IOCL,TAMIL NADU,2023-05,2025-03,18,23,1.28
N18000363,"KWAR HE PROJECT CVPPPL,JAMMU AND KASHMIR",POWER,CVPPPL,JAMMU AND,2023-05,2025-03,18,23,1.28
N24001461,"2-LANE WITH PS OF BEWAR TO NEAR KARRI VILLAGE SECTION OF NH-92 FROM KM.0.00 TO 30.00 UNDER GNHCP MoRTH,UTTAR PRADESH","[N24001289],MoRTH,ARUNACHAL PRADESH",MoRTH,UTTAR,2023-04,2025-03,18,23,1.28
N24001463,ALLAHGANJ TO MIRANPUR KATRA SECTION OF NH-730C FROM KM.52.770 TO 114.00 (MoRTH ),"[N24001289],MoRTH,ARUNACHAL PRADESH",MoRTH,UTTAR,2023-04,2025-03,18,23,1.28
N24001480,"WIDENING AND STRENGTHENING FROM KM 0.00 TO KM 15.089 OF NH-334A (PURKAJI-LAKSAR- HARIDWAR ROAD) TO TW MoRTH,UTTAR PRADESH","[N24001289],MoRTH,ARUNACHAL PRADESH",MoRTH,UTTAR,2023-04,2025-03,18,23,1.28
N24001527,2L+PS FOR WORK OF NH-325 (BALOTRA TO SANDERAO VIA JALORE) BY CONSTRUCTION OF BYPASSES:(1) ASOTRA- BR (MoRTH ),Ministry Of Road Transport And Highways (State Pwds),MoRTH,RAJASTHAN,2023-04,2025-03,18,23,1.28
N24001556,6L OF EXISTING 4L FROM GUNDLAPOCHAMPALLY TO BOWENPALLY FROM KM 471.300 TO KM 481.331 OF NH-44 (NHAI ),"[N24000736],NHAI,ODISHA",NHAI,TELANGANA,2023-04,2025-03,18,23,1.28
N24001566,"DELHI-VADODARA GREENFIELD ALIGNMENT (NH-148N) (PKG-11) (CH. 319.400 TO CH. 331.030) [HARDEOGANJ VILL NHAI,RAJASTHAN","[N24000662],NHAI,PUNJAB",NHAI,RAJASTHAN,2023-04,2025-03,18,23,1.28
N24001608,VADODARA MUMBAI EXPRESSWAY (PHASE II - PKG XVII) [KM. 69.800 TO KM. 79.783 OF SPUR] (BHOJ - MORBE) (NHAI ),"[N24001572],NHAI,RAJASTHAN",NHAI,MAHARASHTRA,2023-04,2025-03,18,23,1.28
N24001622,4L TWIN TUBE TUNNEL INCLUDING APPROACHES FROM DIGDOL TO KHUNI NALLAH (NORTH BOUND CONNECTING WITH EX (NHAI ),"[N24001762],NHAI,MADHYA PRADESH",NHAI,JAMMU AND,2023-05,2025-03,18,23,1.28
N24001641,DELHI AMRITSAR KATRA EXPRESSWAY PHASE I SPUR III FROM JUNCTION WITH AMRITSAR JALANDHAR ROAD NH3 NEAR (NHAI ),"[N24000662],NHAI,PUNJAB",NHAI,PUNJAB,2023-04,2025-03,18,23,1.28
N24001701,FOUR LANING OF MUNGER TO MIRZACHAUKI (NH- 80) SECTION FROM START OF EXISTING BHAGALPUR BYPASS TO RASU (NHAI ),"[N24001572],NHAI,RAJASTHAN",NHAI,BIHAR,2023-04,2025-03,18,23,1.28
N24001707,"4 LANING OF BAHADURGANJ ARARIA SECTION FROM KM 49.000 TO KM 94.000 (PACKAGE- II) OF NH-327E NHAI,BIHAR","[N24000556],NHAI,UTTAR PRADESH",NHAI,BIHAR,2023-04,2024-12,18,23,1.28
N24001708,BAKHTIYARPUR RAJAULI PKG-III FROM KM 101.630 TO KM 152.520 NH20 (NHAI ),"[N24000556],NHAI,UTTAR PRADESH",NHAI,BIHAR,2023-04,2025-03,18,23,1.28
N24001749,"FOUR LANING OF PURULIYA BYPASS SECTION OF NH 32 IN THE STATE OF WEST BENGAL ON EPC MODE NHAI,WEST BENGAL","[N24001719],NHAI,TAMIL NADU",NHAI,WEST BENGAL,2023-04,2025-03,18,23,1.28
N24001759,4L OF CHANDESARA TO KHEDAKHAJURIYA FROM KM. 0.000 TO (- ) 750 AND KM 0.000 TO KM 41.400 OF NH- 752D (NHAI ),"[N24001691],NHAI,KARNATAKA",NHAI,MADHYA,2023-05,2025-03,18,23,1.28
N24001766,INDORE - HARDA (PKG-I) [INDORE TO RAGHAV GARH FROM KM. 0.25 TO KM. 26.903] (NHAI ),"[N24001569],NHAI,RAJASTHAN",NHAI,MADHYA,2023-05,2025-03,18,23,1.28
N24001772,4 LANE CONNECTOR FROM DELHI MEERUT EXPRESSWAY KM 50.000 TO KM 8.520 OF NH 235 IN THE STATE OF UTTAR (NHAI ),"[N24000678],NHIDCL,ARUNACHAL PRADESH",NHAI,UTTAR PRADESH,2023-05,2025-03,18,23,1.28
N24001780,"DWARKA EXPRESSWAY PKG-III (DELHI/HR BORDER TO START OF ROB GURUGRAM) NHAI,HARYANA","[N24000662],NHAI,PUNJAB",NHAI,HARYANA,2023-05,2025-03,18,23,1.28
N24001811,4L OF MO - SIHUNI FROM KM. 42.00 TO KM. 51.00 OF OLD NH- 20 (NEW NH-154) (PACKAGE-IB) (NHAI ),"[N24001691],NHAI,KARNATAKA",NHAI,HIMACHAL,2023-05,2025-03,18,23,1.28
N24001815,"4L BYPASSES FOR JAGATPUR, B4ABUGANJ, UNCHAHAR, ALAPUR BYPASS, AND SAI RIVER BRIDGE OF RAEBARELI- PRA (NHAI )","[N24001569],NHAI,RAJASTHAN",NHAI,UTTAR PRADESH,2023-05,2025-03,18,23,1.28
N24001818,6L OF PONDAVAKKAM TO KANNIGAIPAIR FROM KM 96.040 TO KM 116.100 OF NH 716B (PKG- IV) (NHAI ),"[N24000662],NHAI,PUNJAB",NHAI,ANDHRA,2023-05,2025-03,18,23,1.28
N28000081,"KOCHI METRO RAIL PROJECT KMRCL,KERALA",Kochi Metro Rail Corporation Ltd,KMRCL,KERALA,2023-04,2024-12,18,23,1.28
N28000155,NAGPUR METRO RAIL PROJECT PHASE II (NMRCL ),Nagpur Metro Rail Corporation Ltd,NMRCL,MAHARASHTRA,2023-04,2025-03,18,23,1.28
N30000016,"REHABILITATION AND UPGRADATION OF KONDLI PHASE I STP 45 MLD PHASE II STP 114 MLD AND PHASE III S DJB,DELHI",Delhi Jal Board,DJB,DELHI,2022-06,2025-03,18,23,1.28
N38000001,CENTRE FOR DISABILITY SPORTS (CPWD ),Central Public Works Department,CPWD,MADHYA,2023-04,2025-03,18,23,1.28
N18000184,"ESTABLISHMENT OF FIBER OPTIC COMMUNICATION SYSTEM IN NR UNDER FIBER OPTIC EXPANSION PROJECT (ADDITIO PGCIL,MULTI STATE","[N18000331],PGCIL,MULTI STATE",PGCIL,MULTI STATE,2022-06,2024-12,18,22,1.22
N18000306,"TRANSMISSION SYSTEM STRENGTHENING SCHEME FOR EVACUATION OF POWER FROM SOLAR ENERGY ZONES IN RAJASTHA PGCIL,RAJASTHAN",POWER,PGCIL,RAJASTHAN,2022-06,2024-12,18,22,1.22
N24000652,"FOUR LANNING OF VIKRAVANDI- SETHIYAHOPU FROM KM 0.000 TO KM 60.250(DESIGN CHAINAGE KM 0.000 TO KM 65. NHAI,TAMIL NADU","[N24000662],NHAI,PUNJAB",NHAI,TAMIL NADU,2022-06,2024-12,18,22,1.22
N24000748,"REHABILITATION AND UP GRADATION OF SECTION FROM KM 107.760 TO KM 129.445 (AFTER MIDDLE STRAIT TO HUM NHIDCL,ANDAMAN AND NICOBAR ISLANDS","[N24000967],MoRTH,ANDHRA PRADESH",NHIDCL,ANDAMAN AND,2022-06,2024-12,18,22,1.22
N24001569,"DELHI-VADODARA GREENFIELD ALIGNMENT (NH-148N) (PKG-12) (CH. 331.030 TO CH. 359.170) [MAJOR BRIDGE ON NHAI,RAJASTHAN","[N24000662],NHAI,PUNJAB",NHAI,RAJASTHAN,2023-04,2025-03,18,22,1.22
N24001671,"6L OF HATIBENA - BADAKUMARI SECTION FROM KM 146.50 TO KM 179.00 OF NH-130-CD (PACKAGE – OD- 2) NHAI,ODISHA","[N24001719],NHAI,TAMIL NADU",NHAI,ODISHA,2023-04,2025-03,18,22,1.22
N24001812,4L OF HP/PUNJAB BO4L OF HP/PUNJAB BORDER - MO FROM KM. 11.00 TO KM. 42.00 OF OLD NH- 20 (NEW NH-154) (NHAI ),"[N24000678],NHIDCL,ARUNACHAL PRADESH",NHAI,HIMACHAL,2023-05,2025-03,18,22,1.22
N30000001,"PROTECTION OF MAJULI ISLAND FROM FLOOD AND EROSION OF RIVER BRAHMAPUTRA BPB,MAHARASHTRA",Brahmaputra Board,BPB,MAHARASHTRA,2022-06,2024-12,18,22,1.22
N30000031,"I AND D AND STP WORKS AT BURDWAN WEST BENGAL KMDA,WEST BENGAL",Kolkata Metropolitan Development Authority,KMDA,WEST BENGAL,2022-06,2024-12,18,22,1.22
N16000495,"GRASS ROOT RAIL FED DEPOT AT SEKERKOTE, AGARTALA AS RESITEMENT OF EXISTING DHARMANAGAR DEPOT IOCL,TRIPURA",PETROLEUM,IOCL,TRIPURA,2023-06,2025-03,17,36,2.12
N24001467,"WIDENING TO EXISTING SINGRE/INTERMEDIATE RANE TO 2 LANE FROM KM 135 TO KM 147 AND FROM KM 156.00 TO MoRTH,NAGALAND","[N24001289],MoRTH,ARUNACHAL PRADESH",MoRTH,NAGALAND,2023-04,2025-03,17,36,2.12
N24001831,SRIRAMPUR - DHUBRI PKG-1 (NHIDCL ),"[N24001339],NHIDCL,MEGHALAYA",NHIDCL,ASSAM,2023-06,2025-03,17,35,2.06
N24000902,"FOUR LANING OF BALACHERA- HARANGAJAO SECTION OF NH- 54 (EXT) FROM KM 275.00 TO KM 244.000 IN THE STATE NHIDCL,ASSAM",PRADESH,NHIDCL,ASSAM,2022-06,2024-12,17,30,1.76
N24001452,DIBRUGARH-LAHOAL- CHABUA BYPASS PACKAGE-2 (NHIDCL ),"[N24000967],MoRTH,ANDHRA PRADESH",NHIDCL,ASSAM,2023-04,2024-12,17,30,1.76
N24001284,"2 LANING OF KOHIMA - JESSAMI SECTION (PACKAGE III) NHIDCL,NAGALAND","[N24000967],MoRTH,ANDHRA PRADESH",NHIDCL,NAGALAND,2022-06,2024-12,17,29,1.71
N24000903,"IMPROVEMENT/WIDENING TO 2- LANE WITH EARTHEN SHOULDERS FROM RANIKOR TO NONGJRI EXISTING CHAINAGE FROM NHIDCL,MEGHALAYA","[N24000967],MoRTH,ANDHRA PRADESH",NHIDCL,MEGHALAYA,2022-06,2024-12,17,28,1.65
N24001280,"2 LANING OF KOHIMA - JESSAMI SECTION (PACKAGE I) NHIDCL,NAGALAND","[N24000967],MoRTH,ANDHRA PRADESH",NHIDCL,NAGALAND,2022-06,2024-12,17,28,1.65
N22000195,AGARTALA-AKHAURA NL 107 Land Acquisition (Hect.) :,North East Frontier Railway,NFR,TRIPURA,2022-06,2024-12,17,27,1.59
N24001392,"JORAM – KOLORIANG ROAD FROM EXISTING KM104.850 TO KM 122.60 (PKG-6) NHIDCL,ARUNACHAL PRADESH","[N24000967],MoRTH,ANDHRA PRADESH",NHIDCL,ARUNACHAL PRADESH,2022-06,2024-12,17,27,1.59
N24001786,"CONSTRUCTION OF EIGHT LANE ACCESS CONTROLLED EXPRESSWAY FROM KM 103.400 TO KM 128.000 OF VADODARA MU NHAI,GUJARAT","[N24001569],NHAI,RAJASTHAN",NHAI,GUJARAT,2023-05,2025-03,17,26,1.53
020100044,"BHAVINI LIMITED PROTOTYPE FAST BREEDER REACTOR (BHAVINI, 500 MWE) 1",Bhavini Limited,BHAVNI,TAMIL NADU,2022-06,2024-12,17,25,1.47
220100184,"NORTH WESTERN RAILWAY DAUSA-GANGAPUR CITY(NL),NWR",North Western Railway,NWR,RAJASTHAN,2022-06,2024-12,17,25,1.47
N02000027,"RAJASTHAN ATOMIC POWER PROJECT -7 AND 8 (2X700 MW) NPCIL,RAJASTHAN",Nuclear Power Corporation Of India Limited,NPCIL,RAJASTHAN,2022-06,2024-12,17,25,1.47
N24000622,"TWO/FOUR LANNING OF BRT TIGER RESERVE BOUNDARY TO BANGALORE SECTION OF NH- 209(EXISTING CHAINAGE FROM NHAI,KARNATAKA","[N24000662],NHAI,PUNJAB",NHAI,KARNATAKA,2022-06,2024-12,17,25,1.47
N24001710,"4 LANING FROM KM. 34.600 TO KM. 79.970 and 2LPS FROM KM. 79.970 TO KM. 82.000 OF NARENPUR - PURNEA S NHAI,BIHAR","[N24000662],NHAI,PUNJAB",NHAI,BIHAR,2023-04,2024-12,17,25,1.47
N22000123,"BHUJ-NALIYA(GC) WITH EXTENSION FROM NALIYA TO VAYOR (WR) WR,GUJARAT",Western Railway,WR,GUJARAT,2022-06,2024-12,17,24,1.41
N22000415,KATNI-BINA 3RD LINE (263 KM) 245 Cumulative financ,West Central Railway,WCR,MADHYA PRADESH,2022-06,2024-12,17,24,1.41
N24000282,"REHABILITATION AND UPGRADATION OF EXISTING NH- 565 FROM KM.86.057 TO 133.922 OF NAGARJUNASAGAR DAM T MoRTH,ANDHRA PRADESH","[N24001289],MoRTH,ARUNACHAL PRADESH",MoRTH,ANDHRA PRADESH,2022-06,2024-12,17,24,1.41
N24000854,"4-LANING OF LOHA - WARANGA SECTION OF NH-361 FROM KM. 187.800 TO KM. 244.369 (DESIGN LENGTH 56.569 K NHAI,JHARKHAND","[N24001560],NHAI,RAJASTHAN",NHAI,JHARKHAND,2022-06,2024-12,17,24,1.41
N02000010,"KAKRAPAR ATOMIC POWER PROJECT - 3 AND 4 NPCIL,GUJARAT",Nuclear Power Corporation Of India Limited,NPCIL,GUJARAT,2022-06,2024-12,17,23,1.35
N04000101,CONSTRUCTION OF NEW TERMINAL BUILDING AT JODHPUR AIRPORT (AAI ),CIVIL AVIATION,AAI,RAJASTHAN,2023-06,2025-03,17,23,1.35
N06000257,AMALGAMATED DHANKASA JAMUNIA UG (1.84 MTY) 122 Min,COAL,WCL,MADHYA,2023-05,2025-03,17,23,1.35
N06000264,GOKUL EXPANSION OC 116 for Notification u/s 7(1) o,COAL,WCL,MAHARASHTRA,2023-06,2025-03,17,23,1.35
N16000279,REDEVELOPMENT OF SANTHAL FIELD 142 Execution of the,Oil & Natural Gas Corporation Limited,ONGC,GUJARAT,2023-04,2025-03,17,23,1.35
N24000827,"FOUR LANING OF MADURAI- CHETTIKULAM SECTION OF NH- 785 FROM MADURAI (KM 0/000) TO CHETTICULAM (7/300) NHAI,TAMIL NADU","[N24000736],NHAI,ODISHA",NHAI,TAMIL NADU,2022-06,2024-12,17,23,1.35
N24001730,4L FROM GAJU VILLAGE AT KM 32.982 TO DEVINAGAR BYPASS (END) AT KM 208.000 OF NH 530B (PKG 1C) (NHAI ),"[N24001569],NHAI,RAJASTHAN",NHAI,UTTAR PRADESH,2023-05,2025-03,17,23,1.35
N24001735,6L ACCESS CONTROL GREENFIELD HIGHWAY OF VILL- KHYAWARI TO VILL- LATIFPUR AT SAHARANPUR BYPASS FROM KM (NHAI ),"[N24001625],NHAI,TELANGANA",NHAI,UTTAR PRADESH,2023-04,2025-03,17,23,1.35
N24001795,FOUR LANING OF AURANGABAD- PAITHAN SECTION OF NH-752E ON EPC MODE IN THE STATE OF MAHARASHTRA . (NHAI ),"[N24000678],NHIDCL,ARUNACHAL PRADESH",NHAI,MAHARASHTRA,2023-05,2025-03,17,23,1.35
N24001821,BANGALORE CHENNAI EXPRESSWAY (PHASE- II PKG-III) FROM KM.127.000 TO KM 156.000 (BANGARUPALEM TO GUDIP (NHAI ),"[N24000662],NHAI,PUNJAB",NHAI,ANDHRA PRADESH,2023-05,2025-03,17,23,1.35
N24001830,"SIX LANE ACCESS CONTROLLED OF DELHI SAHARANPUR HIGHWAY FROM DELHI UP BORDER TO EPE JUNCTION CH.14.75 NHAI,UTTAR PRADESH","[N24001509],NHAI,KARNATAKA",NHAI,UTTAR PRADESH,2023-06,2025-03,17,23,1.35
N24001835,4L OF RATNAGIRI - KOLHAPUR SECTION FROM KM 112.340 TO KM 145.300 OF NH- 166 (PKG?III) (NHAI ),PRADESH,NHAI,MAHARASHTRA,2023-06,2025-03,17,23,1.35
220100240,"JAYANAGAR-DARBHANGA-NARKATIA GANJ(GC),ECR ECR,BIHAR",East Central Railways,ECR,BIHAR,2022-06,2024-12,17,22,1.29
N02000028,"KUDANKULAM NUCLEAR POWER PROJECT UNIT-3 and 4 NPCIL,TAMIL NADU",Nuclear Power Corporation Of India Limited,NPCIL,TAMIL NADU,2022-06,2024-12,17,22,1.29
N16000489,"CGD PROJECT AT JHUNJHUNU, SIKAR AND NAGAUR DISTRICTS (IOCL )","[N16000465],BPCL,ODISHA",IOCL,RAJASTHAN,2023-05,2025-03,17,22,1.29
N16000492,"CGD PROJECT AT KANYAKUMARI, TUTICORIN, TIRUNVELI KATTABO AND TENKASI DISTRICTS (IOCL )","[N16000465],BPCL,ODISHA",IOCL,TAMIL NADU,2023-05,2025-03,17,22,1.29
N22000180,"SAKRI-NIRMALI AND JHANJHARPUR- LAUKAHABAZAR AND SAHARSA- FORBESGANJ (GC) ECR,BIHAR",East Central Railways,ECR,BIHAR,2022-06,2024-12,17,22,1.29
N22000432,"MANMAD-PARBHANI-NANDED-SECUNDERABAD-GADWAL-DHONE- GUNTAKAL - TRAIN COLLISION AVOIDANCE SYSTEM (958 K SCR,TELANGANA",South Central Railway,SCR,TELANGANA,2022-06,2024-12,17,22,1.29
N24001414,"DELHI-AMRITSAR-KATRA EXPRESSWAY (PHASE-I PKG-VI) FROM JUNCTION WITH PATIALA- SAMANA-PATRAN ROAD (SH-1 NHAI,PUNJAB","[N24001560],NHAI,RAJASTHAN",NHAI,PUNJAB,2022-06,2024-12,17,22,1.29
N24001752,"FOUR LANING OF BAL. WORKS OF BARASAT-KRISHNAGAR FROM KM.48.553 TO KM.115.272 NHAI,WEST BENGAL","[N24000556],NHAI,UTTAR PRADESH",NHAI,WEST BENGAL,2023-04,2024-12,17,22,1.29
N24001761,4L OF HARDA - BETUL (PKG-II) FROM KM. 30.00 TO KM.81.00 [TEMAGAON TO CHICHOLI] (NHAI ),PRADESH,NHAI,MADHYA,2023-05,2025-03,17,22,1.29
N24001834,4L OF RATNAGIRI - KOLHAPUR SECTION FROM KM 67.140 TO KM 112.340 OF NH- 166 (PKG ? II) (NHAI ),"[N24001213],NHAI,MADHYA PRADESH",NHAI,MAHARASHTRA,2023-06,2025-03,17,22,1.29
N06000083,CENTRAL COAL FIELDS LIMITED CHURI BENTI UG,Central Coal Fields Limited,CCL,JHARKHAND,2022-06,2024-12,17,21,1.24
N16000451,CBR ASANUR PIPELINE AND ITS HOOK UP WITH EXISTING CHENNAI TRICHY MADURAI PRODUCT PIPELINE (IOCL ),Indian Oil Corporation Limited,IOCL,TAMIL NADU,2022-06,2024-12,17,21,1.24
N16000479,EXTENSION OF ASANUR- SANKARI SECTION OF CHENNAI- TRICHY-MADURAI PIPELINE UPTO COIMBATORE (IRUGUR) (IOCL ),Indian Oil Corporation Limited,IOCL,TAMIL NADU,2023-04,2024-12,17,21,1.24
N16000490,"CGD PROJECT AT MADURAI, THENI AND VIRUDHNAGAR DISTRICTS (IOCL )","[N16000465],BPCL,ODISHA",IOCL,TAMIL NADU,2023-05,2025-03,17,21,1.24
N24000422,"REHABILITATION AND UPGRADATION OF NH-42 FROM KM 4-350 TO KM 75-600 MoRTH,ANDHRA PRADESH",Ministry Of Road Transport And Highways (State Pwds),MoRTH,ANDHRA,2023-04,2024-12,17,21,1.24
N24001029,AHMADPUR TO PIMPLA 151 Physical progress for the m,"[N24000967],MoRTH,ANDHRA PRADESH",MoRTH,MAHARASHTRA,2022-06,2024-12,17,21,1.24
N24001030,PIMPLA TO MANJARSUMBHA 150 Physical progress for t,"[N24001289],MoRTH,ARUNACHAL PRADESH",MoRTH,MAHARASHTRA,2022-06,2024-12,17,21,1.24
N24001035,MANSAR TO SALAIKHURD 229 Physical progress for the,"[N24001289],MoRTH,ARUNACHAL PRADESH",MoRTH,MAHARASHTRA,2022-06,2024-12,17,21,1.24
N24001041,SHIROD SHAHPURER TO NANDED 142 Physical progress f,Ministry Of Road Transport And Highways (State Pwds),MoRTH,MAHARASHTRA,2022-06,2024-12,17,21,1.24
N24001042,SALAIKHURD TO TIRORA 219 Physical progress for the,"[N24001289],MoRTH,ARUNACHAL PRADESH",MoRTH,MAHARASHTRA,2022-06,2024-12,17,21,1.24
N24001048,MEHKAR TO AJISPUR 139 Physical progress for the mo,"[N24001289],MoRTH,ARUNACHAL PRADESH",MoRTH,MAHARASHTRA,2022-06,2024-12,17,21,1.24
N24001061,CHIKALI TO DHAD 289 Physical progress for the mont,"[N24001289],MoRTH,ARUNACHAL PRADESH",MoRTH,MAHARASHTRA,2022-06,2024-12,17,21,1.24
N24001062,"DHAD BHOKARDAN TO BHOKARDHAN SILLOD MoRTH,MAHARASHT RA","[N24001289],MoRTH,ARUNACHAL PRADESH",MoRTH,MAHARASHTRA,2022-06,2024-12,17,21,1.24
N24001075,"OSMANNAGAR TO KUNDRAL MoRTH,MAHARASHT RA",Ministry Of Road Transport And Highways (State Pwds),MoRTH,MAHARASHTRA,2022-06,2024-12,17,21,1.24
N24001105,CHIMUR TO WARORA 68 Project under implementation.,"[N24001289],MoRTH,ARUNACHAL PRADESH",MoRTH,MAHARASHTRA,2022-06,2024-12,17,21,1.24
N24001253,"CONSTRUCTION, OPERATION AND MAINTENANCE OF Z-MORH TUNNEL INCLUDING APPROACHES ON NH-01 SRINAGAR-SONA NHIDCL,JAMMU AND KASHMIR","[N24000967],MoRTH,ANDHRA PRADESH",NHIDCL,JAMMU AND,2023-04,2024-12,17,21,1.24
N24001555,(N24001555 ) 6L OF EXISTING 4L FROM GUNDLAPOCHAMPALL Y TO BOWENPALLY FROM KM 471.300 TO KM 481.331 OF NH- 44 (NHAI ),"[N24000556],NHAI,UTTAR PRADESH",NHAI,TELANGANA,2023-04,2025-03,17,21,1.24
N24001597,"BALANCE WORK OF RANCHI- MAHULIA SECTION OF NH-33 FROM KM 113.730 (VIKAS) TO KM 140.000 (RAMPUR) (PKG- NHAI,JHARKHAND","[N24000662],NHAI,PUNJAB",NHAI,JHARKHAND,2023-04,2024-12,17,21,1.24
N24001706,"4 LANING OF GALGALIA - BAHADURGANJ SECTION FROM KM 0.000 TO KM 49.000 (PACKAGE-I) OF NH- 327E. NHAI,BIHAR","[N24001625],NHAI,TELANGANA",NHAI,BIHAR,2023-04,2024-12,17,21,1.24
N24001833,JAMMU - AKHNOOR SECTION OF NH 144A PKG- 3B (NHIDCL ),"[N24001339],NHIDCL,MEGHALAYA",NHIDCL,JAMMU AND,2023-06,2025-03,17,21,1.24
N30000018,"7 NOS PRIORITIZED STPS 1 NO. SPS AND PERIPHERAL SEWERS IN COMMAND AREA OF NAJAFHARH DRAIN DHANSA TO DJB,DELHI",Delhi Jal Board,DJB,DELHI,2022-06,2024-12,17,21,1.24
N30000029,"DETAILED PROJECT REPORT FOR I AND D SEWERAGE SYSTEM AND STP FOR ASANSOL AND KULTI TOWNS KMDA,WEST BENGAL",WATER RESOURCES,KMDA,WEST BENGAL,2022-06,2024-12,17,21,1.24
N24000744,"CONSTRUCTION OF MAJOR BRIDGE OVER MIDDLE STRAIT CREEK BETWEEN KM. 106.590 TO KM. 107.762 OF NH 223 ( NHIDCL,ANDAMAN AND NICOBAR ISLANDS","[N24000967],MoRTH,ANDHRA PRADESH",NHIDCL,ANDAMAN AND,2023-04,2024-12,17,20,1.18
N24001026,WAKAN PALI KHOPOLI 152 Physical progress for the m,"[N24001289],MoRTH,ARUNACHAL PRADESH",MoRTH,MAHARASHTRA,2022-06,2024-12,17,20,1.18
N24001040,JAHIRABAD TO LATUR 143 Physical progress for the m,"[N24001289],MoRTH,ARUNACHAL PRADESH",MoRTH,MAHARASHTRA,2022-06,2024-12,17,20,1.18
N24001073,KOTHARI TO DHANORA 249 The revised appointed date,"[N24000967],MoRTH,ANDHRA PRADESH",MoRTH,MAHARASHTRA,2022-06,2024-12,17,20,1.18
N24001126,FARDAPUR TO JALGAON 165 Physical progress for the,"[N24001289],MoRTH,ARUNACHAL PRADESH",MoRTH,MAHARASHTRA,2022-06,2024-12,17,20,1.18
N30000030,"INTERCEPTION AND DIVERSION WORKS WITH STP FOR DRAINS FALLING IN RIVER DAMODAR AT DURGAPURL KMDA,WEST BENGAL",Kolkata Metropolitan Development Authority,KMDA,WEST BENGAL,2022-06,2024-12,17,20,1.18
N16000494,"SETTING UP OF NEW RAIL FED POL FACILITY AT KAMARDANGA, ASSAM (HPCL )",PETROLEUM,HPCL,ASSAM,2023-06,2025-03,16,34,2.12
N24001832,DIBRUGARH-LAHOAL- CHABUA BYPASS PACKAGE-3 (NHIDCL ),"[N24001226],MoRTH,CHHATTISGARH",NHIDCL,ASSAM,2023-07,2025-03,16,34,2.12
N24001840,CONSTRUCTION OF MANGALDOI BYPASS (NH- 15) STARTING AT CH 26+400 AND TERMINATING AT CH 41+505 UNDER RA (MoRTH ),NICOBAR ISLANDS,MoRTH,ASSAM,2023-07,2025-03,16,34,2.12
N22000205,"NEW BG LINE FROM BYRNIHAT TO SHILLONG NFR,MEGHALAYA",North East Frontier Railway,NFR,MEGHALAYA,2023-04,2024-12,16,28,1.75
N24001357,"DULTE- KWALKULH - CHAMPAI PKG.3 NHIDCL,MIZORAM","[N24000967],MoRTH,ANDHRA PRADESH",NHIDCL,MIZORAM,2022-06,2024-12,16,27,1.69
N24001549,"SHRIRAMPUR (KM. 0.000) TO KOCHUGAON (KM. 30.000) OF BIJNI TO ASSAM./WEST BENGAL BORDER SECTION OF NH NHAI,ASSAM",KASHMIR,NHAI,ASSAM,2023-04,2024-12,16,27,1.69
N22000079,"MAYLADUTHURAI-THIRUVARUR- KARAIKUDI-THIRU 'PONDI'- AGASTIYAMPALLI SR,TAMIL NADU",Southern Railway,SR,TAMIL NADU,2022-06,2024-12,16,24,1.5
N22000326,PHULERA - DIGANA DOUBLING 83 CRS inspection alread,North Western Railway,NWR,MULTI STATE,2023-04,2024-12,16,24,1.5
N22000613,"DOMINGARH - GORAKHPUR - GORAKHPUR CANTT - KUSUMHI - 3RD RUNNING LINE (21.15 KM) NER,UTTAR PRADESH",North Eastern Railway,NER,UTTAR PRADESH,2023-08,2025-03,16,23,1.44
N16000401,MANGALORE REFINERY AND PETROCHEMICALS LIMITED DEVANGONTHI,Mangalore Refinery And Petrochemicals Limited,"MANGALORE
REFIN",KARNATAKA,2022-06,2024-09,16,22,1.38
N22000550,NEW BG LINE BETWEEN NALIYA-JAKHAU PORT - PPP BOT,Western Railway,WR,GUJARAT,2023-08,2025-03,16,22,1.38
N22000595,KHARAGPUR- ADITYAPUR - 3RD LINE (132 KM) (RVNL ),Rail Vikas Nigam Ltd.,RVNL,JHARKHAND,2023-08,2025-03,16,22,1.38
N22000602,DALLIRAJHARA - ROWGHAT (95 KM) {PART OF DALLIRAJHARA- JAGDALPUR (235 KM)} (RVNL ),Rail Vikas Nigam Ltd.,RVNL,CHHATTISGARH,2023-08,2025-03,16,22,1.38
N22000626,"NAGAPATTINAM- THIRUTURAIPUNDI VIA THIRUKUVALAI NEW LINE (MM OF TIRUCHCHIRAPPALLI-NAGORE-KARAIKAL) SR,TAMIL NADU",Southern Railway,SR,TAMIL,2023-08,2025-03,16,22,1.38
N24001214,"CONSTRUCTION OF EIGHT LANE ACCESS CONTROLLED EXPRESSWAY CARRIAGEWAY FROM RAJASTHAN/MP BORDER TO JODM NHAI,MADHYA PRADESH",National Highways Authority Of India,NHAI,MADHYA PRADESH,2022-06,2024-09,16,22,1.38
N24001594,ELEVATED CORRIDOR IN RANCHI CITY FROM KM 0.00 TO KM 3.260 OF NH-75 INCLUDING DOWN RAMP ON NH- 23 FROM (NHAI ),"[N24001560],NHAI,RAJASTHAN",NHAI,JHARKHAND,2023-04,2025-03,16,22,1.38
N24001762,"INDORE - HARDA (PKG-III) [NANASA TO PIDGAON SECTION FROM KM 95.000 TO KM 142.445] NHAI,MADHYA PRADESH",PRADESH,NHAI,MADHYA,2023-06,2025-03,16,22,1.38
N24001770,4L OF OBEDULLGANJ - BUDNI SECTION FROM KM. 8.400 TO KM. 20.700 IN RATANPANI WILDLIFE AREA OF NH - 69 (NHAI ),"[N24001569],NHAI,RAJASTHAN",NHAI,MADHYA,2023-05,2025-03,16,22,1.38
N24001773,6L ACCESS CONTROLLED HIGHWAY FROM DND MAHARANI BAGH JN. WITH JAITPUR PUSHTA ROAD OF NH 148NA FROM - PPP BOT,"[N24000549],NHAI,UTTAR PRADESH",NHAI,DELHI,2023-09,2025-03,16,22,1.38
N18000368,"300 MW SOLAR POWER PROJECT UNDER CPSU SCHEME NHPC,RAJASTHAN",Chenab Velley Power Projects [P] Limited,NHPC,RAJASTHAN,2023-08,2025-03,16,21,1.31
N22000511,PACHORA-JAMNER WITH EXTENSION UPTO MALKAPUR NG TO BG (CR ),Central Railways,CR,MAHARASHTRA,2023-08,2025-03,16,21,1.31
N22000514,"DHULE (BORVIHIR)-NARDANA (UMBRELLA WORK) CR,MAHARASHTRA",Central Railways,CR,MAHARASHTRA,2023-08,2025-03,16,21,1.31
N22000518,TALCHER - ANGUL NEW LINE WITH Y CONNECTION AT TALCHER (ECOR ),East Coast Railway,ECOR,ODISHA,2023-08,2025-03,16,21,1.31
N22000521,BRUNDAMAL- JHARSUGUDA- FLYOVER CONNECTION FOR JOINING DN LINE (ECOR ),East Coast Railway,ECOR,ODISHA,2023-08,2025-03,16,21,1.31
N22000535,RAJKOT-KANALUS (111.20 KM) (WR ),Western Railway,WR,GUJARAT,2023-08,2025-03,16,21,1.31
N22000536,NIMACH-RATLAM (133 KM) (WR ),Western Railway,WR,MADHYA PRADESH,2023-08,2025-03,16,21,1.31
N22000537,HIMMATNAGAR- KHEDBRAHMA (54.83 KM) (WR ),Western Railway,WR,GUJARAT,2023-08,2025-03,16,21,1.31
N22000538,PETLAD-BHADRAN (22.5 KM) (WR ),Western Railway,WR,GUJARAT,2023-08,2025-03,16,21,1.31
N22000539,NADIAD-PETLAD (37.26 KM) (WR ),Western Railway,WR,GUJARAT,2023-08,2025-03,16,21,1.31
N22000540,SAMLAYA-TIMBA ROAD (53.53 KM) (WR ),Western Railway,WR,GUJARAT,2023-08,2025-03,16,21,1.31
N22000541,SAMNI-JAMBUSAR (24.08 KM) (WR ),Western Railway,WR,GUJARAT,2023-08,2025-03,16,21,1.31
N22000547,VIJAPUR-AMBLIYASAN (41.53 KM) (WR ),Western Railway,WR,GUJARAT,2023-08,2025-03,16,21,1.31
N22000555,"PENUKONDA- DHARMAVARAM, EXCL. DHARMAVARAM (41.5 KM) (SWR )",South Western Railway,SWR,ANDHRA,2023-08,2025-03,16,21,1.31
N22000558,HASSAN (ALUR) - BELUR (32 KM) (UMBRELLA WORK PB#23/2018- 19/NR) (SWR ),South Western Railway,SWR,KARNATAKA,2023-08,2025-03,16,21,1.31
N22000571,ROURKELA- BONDAMUNDA A- CABIN 5TH LINE (10 KM) (UMBRELLA WORK PB#57/2019- 20/NR) (SER ),South Eastern Railway,SER,ODISHA,2023-08,2025-03,16,21,1.31
N22000575,4TH LINE - BHILAI- BHILAI NAGAR (8.8 KM) (PB#72/NR/2022- 23) (SECR ),South East Central Railway,SECR,CHHATTISGARH,2023-08,2025-03,16,21,1.31
N22000583,JANGHAI PRATAPGARH AMETHI DOUBLING (NR ),Northern Railway,NR,UTTAR PRADESH,2023-08,2025-03,16,21,1.31
N22000589,LUDHIANA MULLANPUR DOUBLING (NR ),Northern Railway,NR,PUNJAB,2023-08,2025-03,16,21,1.31
N22000596,JANGHAI-PHAPHAMAU - DOUBLING WITH ELECTRIFICATION (46.79 KM) (RVNL ),Rail Vikas Nigam Ltd.,RVNL,UTTAR PRADESH,2023-08,2025-03,16,21,1.31
N22000625,KARAIKAL - PERALAM NEW LINE (MM OF TIRUCHCHIRAPPALLI- NAGORE-KARAIKAL) (SR ),Southern Railway,SR,TAMIL NADU,2023-08,2025-03,16,21,1.31
N24001219,"REHABILITATION AND UPGRADATION OF NH 200 FROM KM 178.944 TO 241.553 BANARI VILLAGE TO MASANIA KALA V MoRTH,CHHATTISGA RH","[N24001289],MoRTH,ARUNACHAL PRADESH",MoRTH,CHHATISGARH,2022-06,2024-09,16,21,1.31
N24001514,"FOUR LANING OF EXISTING 2 LANE SECTION FROM MALOUT (DESIGN KM 44.500, EXISTING KM 80.200 OF NH-07) V NHAI,PUNJAB","[N24000556],NHAI,UTTAR PRADESH",NHAI,PUNJAB,2023-04,2024-12,16,21,1.31
N24001672,"SIX LANNING OF MANDI DABWALI (PUNJAB/HARYANA BORDER)- CHAUTALA ROAD SECTION FROM PROPOSED MANDI DABW NHAI,HARYANA","[N24001560],NHAI,RAJASTHAN",NHAI,HARYANA,2023-04,2024-12,16,21,1.31
N24001841,"6L ACCESS CONTROLLED GREENFIELD HIGHWAY FROM KODUR 0.000 KMS TO VANAVOLU 24.300 KMS OF NH 544G PACKA NHAI,ANDHRA PRADESH","[N24001709],NHAI,BIHAR",NHAI,ANDHRA PRADESH,2023-07,2025-03,16,21,1.31
N24001844,(N24001844 ) 6L ACCESS CONTROLLED GREENFIELD HIGHWAY FROM NALLACHERUVU PALLI 96.300 KM. TO YERRAGUDIPADU 129.000 (NHAI ),"[N24001709],NHAI,BIHAR",NHAI,ANDHRA PRADESH,2023-07,2025-03,16,21,1.31
N24001846,(N24001846 ) 6L ACCESS CONTROLLED GREENFIELD HIGHWAY FROM AUDIREDDIPALLE 160.000 KM. TO MALLAPALLE 176.000 KM. PA (NHAI ),"[N24001749],NHAI,WEST BENGAL",NHAI,ANDHRA PRADESH,2023-07,2025-03,16,21,1.31
N24001850,DEVELOPMENT TO 4/6- LANNING OF NH-31 (NEW NH-10) WITH BOTH SIDE SERVICE ROADS FROM KM 569.258 TO KM 5 (MoRTH ),ROAD TRANSPORT AND HIGHWAYS,MoRTH,WEST,2023-07,2025-03,16,21,1.31
N26000116,(N26000116 ) PLANNIN ENGINEERING SUPPLY INSTALLATION TESTING COMMISSIONING INTEGARTION and ANNUAL MAINTENANCE OF (BSNL ),TELECOMMUNICATIONS,BSNL,MULTI STATE,2023-07,2025-03,16,21,1.31
N24000932,"REHABILITATION AND UPGRADATION OF NH-340 FROM KM 0/0 TO KM 60/380 (DESIGN CH. 0/000 TO 60/025 EXCLUD MoRTH,ANDHRA PRADESH","[N24001289],MoRTH,ARUNACHAL PRADESH",MoRTH,ANDHRA PRADESH,2022-06,2024-12,16,20,1.25
N24000963,"REHABILITATION AND UPGRADATION OF NH565 FROM EXISTING KM 361.330(DORNALA T JUNCTION) TO KM 420.800(P MoRTH,ANDHRA PRADESH","[N24001289],MoRTH,ARUNACHAL PRADESH",MoRTH,ANDHRA PRADESH,2022-06,2024-12,16,20,1.25
N24001043,NILAJPHATA TO BHANDARA 180 Physical progress for t,"[N24001289],MoRTH,ARUNACHAL PRADESH",MoRTH,MAHARASHTRA,2023-04,2024-12,16,20,1.25
N24001065,PARBHANI TO GANGKHED 222 Physical progress for the,"[N24001289],MoRTH,ARUNACHAL PRADESH",MoRTH,MAHARASHTRA,2023-04,2024-12,16,20,1.25
N24001113,BARASGAON TO RAHATEE 54 Physical progress for the,"[N24001380],MoRTH,TAMIL NADU",MoRTH,MAHARASHTRA,2023-04,2024-12,16,20,1.25
N24001150,WARDHA TO ARVI 188 Project approved in Feb’18 with,Ministry Of Road Transport And Highways (State Pwds),MoRTH,MAHARASHTRA,2023-04,2024-12,16,20,1.25
N24001218,"REHABILITATION AND UPGRADATION OF NH 111 FROM KM 163.400 TO 215.800 SHIVNAGAR TO AMBIKAPUR SECTION MoRTH,CHHATTISGA RH","[N24001289],MoRTH,ARUNACHAL PRADESH",MoRTH,CHHATISGARH,2022-06,2024-09,16,20,1.25
N24001458,"MOPA AIRPORT MoRTH,GOA","[N24000967],MoRTH,ANDHRA PRADESH",MoRTH,GOA,2023-04,2024-12,16,20,1.25
N24001847,(N24001847 ) 6L ACCESS CONTROLLED GREENFIELD HIGHWAY FROM MALLAPALLE 176.000 KM. TO KAVULAKUNTLA 196.000 KM. PACK,"[N24001709],NHAI,BIHAR",NHAI,ANDHRA PRADESH,2023-07,2025-03,16,20,1.25
N22000400,TURAVUR-AMBALAPUZHA DOUBLING 241 Land Acquisition,Southern Railway,SR,KERALA,2022-06,2024-12,16,19,1.19
N24001688,"CONSTRUCTION OF 4 LANE BANGALORE-CHENNAI EXPRESSWAY FROM KM 0.000 TO KM 26.400 NE- 7(ALONG WITH 0.700 NHAI,KARNATAKA",KASHMIR,NHAI,KARNATAKA,2023-04,2024-12,16,19,1.19
N24001689,"CONSTRUCTION OF 4 LANE BANGALORE - CHENNAI EXPRESSWAY FROM KM 26.400 TO KM 53.500 SECTION OF NE-7 (M NHAI,KARNATAKA",KASHMIR,NHAI,KARNATAKA,2023-04,2024-12,16,19,1.19
N18000300,"TRANSMISSION SYSTEM STRENGTHENING SCHEME FOR EVACUATION OF POWER FROM SOLAR ENERGY ZONES IN RAJASTHA PGCIL,RAJASTHAN","[N18000306],PGCIL,RAJASTHAN",PGCIL,RAJASTHAN,2022-06,2024-09,16,18,1.12
N24001855,WIDENING OF EXISTING SINGLE LANE ROAD TO INTERMEDIATE LANE ROAD FROM MOKOKCHUNG TO CHARE VIA DIKHU I (MoRTH ),PRADESH,MoRTH,NAGALAND,2023-08,2025-03,15,33,2.2
N18000327,"NORTH EAST-NORTHERN/ WESTERN INTERCONNECTOR-I, PART- C PGCIL,ASSAM",Power Grid Corporation Of India Limited,PGCIL,ASSAM,2022-06,2024-09,15,25,1.67
N22000215,MADURAI-TUTICORIN VIA ARUPPUKKOTTAI 151 This proje,Southern Railway,SR,MULTI STATE,2023-04,2024-12,15,23,1.53
N24001283,"CONSTRUCTION OF TWO LANE WITH PAVED SHOULDER OF SELLING-DULTE SECTION OF NH-06 (PKG-IV) NHIDCL,MIZORAM","[N24000967],MoRTH,ANDHRA PRADESH",NHIDCL,MIZORAM,2022-06,2024-09,15,23,1.53
N24001351,"MARIAM - PEREN PKG-2B NHIDCL,MANIPUR","[N24000967],MoRTH,ANDHRA PRADESH",NHIDCL,MANIPUR,2023-04,2024-09,15,23,1.53
N16000253,"ENNORE THIRUVALLUR BENGALURU PUDUCHERRY NAGAPATTINAM MADURAITUTICORIN GAS PIPELINE IOCL,TAMIL NADU",Indian Oil Corporation Limited,IOCL,TAMIL NADU,2023-04,2024-12,15,22,1.47
N22000598,"BHATNI - AUNRIHAR WITH ELECTRIFICATION (125 KM) (EXCL INDARA - MAU (116.95 KM)) RVNL,UTTAR PRADESH",Rail Vikas Nigam Ltd.,RVNL,UTTAR PRADESH,2023-08,2025-03,15,22,1.47
N24001212,"CONSTRUCTION OF EIGHT LANE ACCESS CONTROLLED EXPRESSWAY CARRIAGEWAY FROM BANI VILLAGE TO BARDAWADI V NHAI,MADHYA PRADESH","[N24000678],NHIDCL,ARUNACHAL PRADESH",NHAI,MADHYA PRADESH,2022-06,2024-09,15,22,1.47
N24001333,"TWO- LANE WITH PAVED SHOULDER CONFIGURATION OF IMPHAL - MOREH SECTION OF NH-39 FROM KM 330 TO KM 350 NHIDCL,ASSAM","[N24000967],MoRTH,ANDHRA PRADESH",NHIDCL,ASSAM,2022-06,2024-09,15,22,1.47
N24001764,"4L OF HARDA - BETUL (PKG-III) FROM KM. 81.00 TO KM.121.248 [CHICHOLI - BETUL] NHAI,MADHYA PRADESH","[N24001762],NHAI,MADHYA PRADESH",NHAI,MADHYA,2023-05,2024-09,15,22,1.47
N06000143,HURA - C OC (3 MTY) 25 Construction of 7472 flats,Eastern Coal Fields Limited,ECL,JHARKHAND,2022-06,2024-09,15,21,1.4
N22000564,"BHANDAI - FLYOVER FOR ETAWAH BOUND DOWN TRAINS NCR,UTTAR PRADESH",North Central Railway,NCR,UTTAR PRADESH,2023-08,2025-03,15,21,1.4
N24000928,"FOUR LANING OF 5.122 KM OF NH9(NEW NH 65) FROM KM 269.900(DESIGN CH0.0) TO KM 275/622(DESIGN CH 5.12 MoRTH,ANDHRA PRADESH","[N24001289],MoRTH,ARUNACHAL PRADESH",MoRTH,ANDHRA,2023-04,2024-12,15,21,1.4
N10000017,"CONSTRUCTION OF RED MUD POND - II AT NALCO DAMANJODI ODISHA NALCO,ODISHA",MINES,NALCO,ODISHA,2023-09,2025-03,15,20,1.33
N16000499,"MULTI-PRODUCT PIPELINE FROM KRISHNAPATNAM COASTAL INSTALLATION TO THE PROPOSED INSTALLATION AT HYDER BPCL,ANDHRA PRADESH",PETROLEUM,BPCL,ANDHRA,2023-09,2025-03,15,20,1.33
N18000365,KHAVDA 1200MW (4X300MW) IN KHAVDA RE PARK (NTPC ),National Thermal Power Corporation,NTPC,GUJARAT,2023-08,2025-03,15,20,1.33
N18000366,"DAYAPAR WIND- III (HYBRID TRANCHE-V) NTPC,GUJARAT",POWER,NTPC,GUJARAT,2023-09,2025-03,15,20,1.33
N18000367,BADAM COAL MINING PROJECT (NTPC ),National Thermal Power Corporation,NTPC,JHARKHAND,2023-08,2025-03,15,20,1.33
N22000513,SOLAPUR-TULJAPUR- OSMANABAD (UMBRELLA WORK) (CR ),Central Railways,CR,MAHARASHTRA,2023-08,2025-03,15,20,1.33
N22000515,KALYAN-MURBAD VIA ULHASNAGAR (UMBRELLA WORK) (CR ),Central Railways,CR,MAHARASHTRA,2023-08,2025-03,15,20,1.33
N22000517,JEYPORE NABARANGPUR NEWLINE (ECOR ),East Coast Railway,ECOR,ODISHA,2023-08,2025-03,15,20,1.33
N22000520,GANDHAMARDAN IRON ORE MINES TO GOALDIH STATION (ECOR ),East Coast Railway,ECOR,ODISHA,2023-08,2025-03,15,20,1.33
N22000522,BAGHUAPAL FLY OVER (20 KM) (ECOR ),East Coast Railway,ECOR,ODISHA,2023-08,2025-03,15,20,1.33
N22000524,BARAUNI- BACHWARA 3RD AND 4TH LINE (ECR ),East Central Railways,ECR,BIHAR,2023-08,2025-03,15,20,1.33
N22000525,SURFACE TRIANGLE LINE BETWEEN BHADURA STATION AND NEW CROSSING STN KARMA DOUBLING (ECR ),East Central Railways,ECR,UTTAR PRADESH,2023-08,2025-03,15,20,1.33
N22000526,JHAJHA - BATIA (UMBRELLA WORK PB#23/2018-19/NR) (ECR ),East Central Railways,ECR,BIHAR,2023-08,2025-03,15,20,1.33
N22000529,DOUBLING OF PRADHANKHUNTA JN - PATHERDIH BAZAR- BHOJUDIH (ECR ),East Central Railways,ECR,JHARKHAND,2023-08,2025-03,15,20,1.33
N22000542,BAIYYAPPANAHALLI- HOSUR (48 KM) (NCRTC ),National Capital Region Transport Corp,NCRTC,KARNATAKA,2023-08,2025-03,15,20,1.33
N22000543,YESHVANTHPUR- CHANNASANDRA (21.7 KM) (NCRTC ),National Capital Region Transport Corp,NCRTC,KARNATAKA,2023-08,2025-03,15,20,1.33
N22000544,MUGHALSARAI - ALLAHABAD - 3RD LINE (NCR ),North Central Railway,NCR,UTTAR PRADESH,2023-08,2025-03,15,20,1.33
N22000545,ALIGARH- HARDUAGANJ FLYOVER (22 KM) (NCR ),North Central Railway,NCR,UTTAR PRADESH,2023-08,2025-03,15,20,1.33
N22000546,LALITPUR - BIRARI WITH FLYOVER AT LALITPUR (NCR ),North Central Railway,NCR,UTTAR PRADESH,2023-08,2025-03,15,20,1.33
N22000548,ADRAJ MOTI- VIAJAPUR (39.75 KM) (WR ),Western Railway,WR,GUJARAT,2023-08,2025-03,15,20,1.33
N22000551,NEW BG LINE INTERSECTION (5 NOS) BETWEEN GERATPUR- SANAND AND BOTAD- AHMEDABAD (16.51 KM) (PB29/NR/20 (WR ),Western Railway,WR,GUJARAT,2023-08,2025-03,15,20,1.33
N22000553,AGRA FORT- BANDIKUI (NCR ),North Central Railway,NCR,RAJASTHAN,2023-08,2025-03,15,20,1.33
N22000559,"SHIMOGA-SHIKARIPURA-RANEBENNUR (UMBRELLA WORK PB#23/2018-19/NR) SWR,KARNATAKA",South Western Railway,SWR,KARNATAKA,2023-08,2025-03,15,20,1.33
N22000563,ALLAHABAD- BAMHRAULI - 4TH LINE (10 KM) WITH FLY-OVER AT SUBEDARGANJ (NCR ),North Central Railway,NCR,UTTAR PRADESH,2023-08,2025-03,15,20,1.33
N22000565,SAHJANWA - DOHRIGHAT (NER ),RAILWAYS,NER,UTTAR PRADESH,2023-09,2025-03,15,20,1.33
N22000569,BAHRAICH SRAVASTI BALRAMPUR (TULSIPUR) (NER ),North Eastern Railway,NER,UTTAR PRADESH,2023-08,2025-03,15,20,1.33
N22000570,KATIHAR-KUMEDPUR & KATIHAR-MUKURIA (64.5 KM) (UMBRELLA WORK PB#57/2019- 20/NR) (NFR ),North East Frontier Railway,NFR,BIHAR,2023-08,2025-03,15,20,1.33
N22000572,Gauge conversion of Raipur(Kendri)- Dhamtari and Abhanpur-Rajim branch (67.20 km) (SECR ),South East Central Railway,SECR,CHHATTISGARH,2023-08,2025-03,15,20,1.33
N22000573,NIPANIA-BHATAPRA (14.4 KM) 4TH LINE (PB#72/NR/2022-23) (SECR ),South East Central Railway,SECR,CHHATTISGARH,2023-08,2025-03,15,20,1.33
N22000574,4TH LINE - BHATAPARA- HATHBAND (8.8 KM) (PB#72/NR/2022-23) (SECR ),South East Central Railway,SECR,CHHATTISGARH,2023-08,2025-03,15,20,1.33
N22000580,DOUBLING OF BORIDAND - AMBIKAPUR ( SURAJPUR) (SECR ),South East Central Railway,SECR,CHHATTISGARH,2023-08,2025-03,15,20,1.33
N22000585,DOUBLING BETWEEN GOOTY- PENDAKALLU (29.225) (SCR ),South Central Railway,SCR,ANDHRA,2023-08,2025-03,15,20,1.33
N22000586,VIJAYAWADA KAZIPET BYEPASS LINE (SCR ),South Central Railway,SCR,ANDHRA,2023-08,2025-03,15,20,1.33
N22000587,RENIGUNTA WADI GOOTY - BYPASS (SCR ),South Central Railway,SCR,ANDHRA,2023-08,2025-03,15,20,1.33
N22000590,BARABANKI- MALHAUR - 3RD & 4TH LINE (32.84 KM) (NR ),Northern Railway,NR,UTTAR PRADESH,2023-08,2025-03,15,20,1.33
N22000592,TARANGA HILL ABU ROAD VIA AMBAJI NEW LINE (NWR ),North Western Railway,NWR,GUJARAT,2023-08,2025-03,15,20,1.33
N22000593,"GUDHA THATHANA MITHRI TEST TRACK FOR RDSO NWR,RAJASTHAN",North Western Railway,NWR,RAJASTHAN,2023-08,2025-03,15,20,1.33
N22000594,DEDICATED TEST TRACK FOR RDSO (PHASE II) (NWR ),North Western Railway,NWR,RAJASTHAN,2023-08,2025-03,15,20,1.33
N22000599,3RD LINE BETWEEN DHANBAD SONNAGAR (RVNL ),Rail Vikas Nigam Ltd.,RVNL,JHARKHAND,2023-08,2025-03,15,20,1.33
N22000600,JUNAGARH - VISAVADAR (42.28) KM (RVNL ),Rail Vikas Nigam Ltd.,RVNL,GUJARAT,2023-08,2025-03,15,20,1.33
N22000604,DOUBLING BETWEEN BHIWANI- DOBH BAHALI (NWR ),North Western Railway,NWR,HARYANA,2023-08,2025-03,15,20,1.33
N22000605,DOUBLING BETWEEN CHURU- RATANGARH (42.81 KM) (NWR ),North Western Railway,NWR,RAJASTHAN,2023-08,2025-03,15,20,1.33
N22000606,DOUBLING BETWEEN REWARI- KATHUWAS (27.73 KM) (NWR ),North Western Railway,NWR,HARYANA,2023-08,2025-03,15,20,1.33
N22000607,SAWAIMADHOPUR - BYPASS LINE (6.98 KM) (UMBRELLA WORK PB#57/2019- 20/NR) (NWR ),North Western Railway,NWR,RAJASTHAN,2023-08,2025-03,15,20,1.33
N22000608,GC OF NATHDWARA - DEVGARH MADARIYA (82.5KM) (NWR ),North Western Railway,NWR,RAJASTHAN,2023-08,2025-03,15,20,1.33
N22000610,"GARHWA ROAD - RAIL OVER RAIL ECR,JHARKHAND",East Central Railways,ECR,JHARKHAND,2023-08,2025-03,15,20,1.33
N22000611,GOMOH - FLYOVER FOR DOWN TRAINS (ECR ),East Central Railways,ECR,JHARKHAND,2023-08,2025-03,15,20,1.33
N22000612,MATHURA - VRINDAVAN (11 KM) (NCR ),North Central Railway,NCR,UTTAR PRADESH,2023-08,2025-03,15,20,1.33
N22000615,BARAMATI - LONAND (CR ),Central Railways,CR,MAHARASHTRA,2023-08,2025-03,15,20,1.33
N22000616,CHIRIMIRI-NAGPUR HALT (SECR ),South East Central Railway,SECR,CHHATTISGARH,2023-08,2025-03,15,20,1.33
N22000618,MORAPPUR- DHARMAPURI (SR ),Southern Railway,SR,TAMIL NADU,2023-08,2025-03,15,20,1.33
N22000619,ERNAKULAM- KUMBALAM - PATCH DOUBLING (7.71 KM) (SR ),Southern Railway,SR,KERALA,2023-08,2025-03,15,20,1.33
N22000620,"KUMBALAM-THURAVUR - PATCH DOUBLING (15.59 KM) SR,KERALA",Southern Railway,SR,KERALA,2023-08,2025-03,15,20,1.33
N22000621,BANGALORE- WHITEFIELD- BANGALORE CITY- KRISHNARAJAPURAM QUADRUPLING (SWR ),South Western Railway,SWR,KARNATAKA,2023-08,2025-03,15,20,1.33
N22000624,"NAHATI - RANAGHAT 3RD LINE (MM OF KALINARAYANPUR - KRISHNANAGAR) ER,WEST BENGAL",Eastern Railways,ER,WEST BENGAL,2023-08,2025-03,15,20,1.33
N24001763,"4L OF HARDA - BETUL (PKG-I) FROM KM.0 TO KM.30 [HARDA - TEMAGAON] NHAI,MADHYA PRADESH","[N24001569],NHAI,RAJASTHAN",NHAI,MADHYA,2023-05,2024-09,15,20,1.33
N24001843,(N24001843 ) 6L ACCESS CONTROLLED GREENFIELD HIGHWAY FROM ODULAPALLE 72.000 KM. TO NALLACHERUVUPALLI 96.300 KM.,"[N24001709],NHAI,BIHAR",NHAI,ANDHRA PRADESH,2023-07,2025-03,15,20,1.33
N24001848,6L ACCESS CONTROLLED GREENFIELD HIGHWAY FROM MALLAPALLE 176.000 KM. TO KAVULAKUNTLA 196.000 KM. PACK (NHAI ),"[N24001709],NHAI,BIHAR",NHAI,ANDHRA PRADESH,2023-07,2025-03,15,20,1.33
N24001852,6L OF AGRA BYPASS (NORTHERN) CONNECTING KM. 174.500 OF NH-2 (NEW NH- 19) TO KM. 141.000 OF YAMUNA EXP (NHAI ),"[N24001639],NHAI,PUNJAB",NHAI,UTTAR PRADESH,2023-08,2025-03,15,20,1.33
N24001853,CONSTRUCTION OF LEFT OUT PORTION OF AGRA INNER RING ROAD CONNECTING VILLAGE DEORI TO NH- 44 VILLAGE B (NHAI ),National Highways Authority Of India,NHAI,UTTAR PRADESH,2023-08,2025-03,15,20,1.33
N24001854,FOUR LANING WITH PAVED SHOULDER OF SECTION FROM KM 53.600 (GOLA ON NH- 320) TO KM 81.446 (ORMANJHI ON (NHAI ),National Highways Authority Of India,NHAI,JHARKHAND,2023-08,2025-03,15,20,1.33
N24001857,"CONSTRUCTION OF ROAD FROM KM 0/0 TO 72/0 OF NH-26 SUCH AS 4 LANE FROM KM 0/0 TO 21/0 (BARGARH TO BAR MoRTH,ODISHA",PRADESH,MoRTH,ODISHA,2023-08,2025-03,15,20,1.33
N24001858,WIDENING AND STRENGTHENING TO 2L+PS INCLUDING LA OF KANDARPUR- BALIKUDA FROM KM 277/500 TO 318/970 OF (MoRTH ),PRADESH,MoRTH,ODISHA,2023-08,2025-03,15,20,1.33
N24001861,CONSTRUCTION OF BYPASS TO KHORDHA TOWN FROM KM 294/000 TO 300/300 ON NH- 57 INCLUDING LA IN THE STATE (MoRTH ),"[N24001454],MoRTH,TAMIL NADU",MoRTH,ODISHA,2023-08,2025-03,15,20,1.33
N24001862,CONSTRUCTION OF BYPASS ROAD TO BALANGIR TOWN FROM KM 72/400 (DESING KM 0/0) TO KM 79/800 (DESIGN KM (MoRTH ),Ministry Of Road Transport And Highways (State Pwds),MoRTH,ODISHA,2023-08,2025-03,15,20,1.33
N24001863,"CONSTRUCTION OF 5 HL BRIDGES AT KM 379/000 (PANGAM), KM 439/400 (POTTERU), KM 444/237 (KONGURUKONDA) MoRTH,ODISHA","[N24000939],MoRTH,ANDHRA PRADESH",MoRTH,ODISHA,2023-08,2025-03,15,20,1.33
N24001865,CONSTRUCTION OF 4 LANE ROB WITH APPROACHES IN LIEU OF LC NO. RV-172 AT KM 176.00 OF NH- 201 (PRESENT (MoRTH ),PRADESH,MoRTH,ODISHA,2023-08,2025-03,15,20,1.33
N24001876,"WIDENING and STRENTHENING FROM KM132.895 TO KM 190.15 NH-80 MoRTH,BIHAR",PRADESH,MoRTH,BIHAR,2023-09,2025-03,15,20,1.33
N24001888,"UP-GRADATION OF TIRORA- GONDIA, STATE HIGHWAY FROM EXISTING KM 163+213 (ON SH- 335, TIRORA) TO KM 191+ MoRTH,MAHARASHT RA",PRADESH,MoRTH,MAHARASHTRA,2023-09,2025-03,15,20,1.33
N24001889,"2 LANE + PS PIMPLNER TO SATANA OF NH-752G] MoRTH,MAHARASHT RA",PRADESH,MoRTH,MAHARASHTRA,2023-09,2025-03,15,20,1.33
N24001894,"2 LANE + PS ASTHAMODE - TIVATYAL [DESIGN CH. KM 24.300 - 62.00] [KM 134.98-172.95 OF NH-63] MoRTH,MAHARASHT RA",PRADESH,MoRTH,MAHARASHTRA,2023-09,2025-03,15,20,1.33
N24001895,"REHABILATION AND UPGRADATION TO TWO LANES WITH PAVED SHOULDER CONFIGURATION FROM WATUR TO CHARTHANA MoRTH,MAHARASHT RA",PRADESH,MoRTH,MAHARASHTRA,2023-09,2025-03,15,20,1.33
N24001901,"REHABILITATION AND UPGRADATION TO 2 LANE WITH PAVED SHOULDER FROM EXISTING CHAINAGE KM 64.535 TO K BRO,JAMMU AND KASHMIR",ROAD TRANSPORT AND HIGHWAYS,BRO,JAMMU AND,2023-09,2025-03,15,20,1.33
N24001905,"CONSTRUCTION OF MAJOR BRIDGE ACROSS MANJRA RIVER NEAR YESGI VILLAGE @ KM, 166/500 ON NH 63 TQ BILOLI MoRTH,MAHARASHT RA",PRADESH,MoRTH,MAHARASHTRA,2023-09,2025-03,15,20,1.33
N24001907,"CONSTRUCTION OF SIX LANE FLYOVER AT KATRAJ JUNCTION AT KM, 3/880 OF NH 548-DD (VADGAON - KATRAJ - KO MoRTH,MAHARASHT RA",PRADESH,MoRTH,MAHARASHTRA,2023-09,2025-03,15,20,1.33
N42000011,"CONSTRUCTION OF PERMANENT CAMPUSES OF CENTRAL UNIVERSITY OF HIMACHAL PRADESH AT DEHRA AND DHARAMSHAL CPWD,HIMACHAL PRADESH",DEPARTMENT OF HIGHER EDUCATION,CPWD,HIMACHAL,2023-09,2025-03,15,20,1.33
N02000029,KUDANKULAM NUCLEAR POWER PROJECT 5 AND 6 5 Present,Nuclear Power Corporation Of India Limited,NPCIL,TAMIL NADU,2023-04,2024-12,15,19,1.27
N18000342,OMKARESHWAR FLOATING SOLAR POWER PROJECT (90 MW) (SJVN ),Satluj Jal Vidyut Nigam Limited,SJVN,MADHYA,2023-04,2024-12,15,19,1.27
N22000532,4TH LINE BETWEEN BAREJADI NANDEJ (GERATPUR)- SANAND (38.20 KM) (AHMEDABAD BYPASS). (WR ),Western Railway,WR,GUJARAT,2023-08,2025-03,15,19,1.27
N22000554,SATNA - REWA (50 KM) (WCR ),West Central Railway,WCR,MADHYA,2023-08,2025-03,15,19,1.27
N22000568,CHENNAI BEACH- CHENNAI EGMORE (4.3 KM) (UMBRELLA WORK PB#57/2019- 20/NR) (SR ),Southern Railway,SR,TAMIL NADU,2023-08,2025-03,15,19,1.27
N22000614,FEROZPUR - PATTI (25.72 KM) (NR ),Northern Railway,NR,PUNJAB,2023-08,2025-03,15,19,1.27
N24000691,"SIX-LANNING OF GREENFIELD PROPOSED UDAIPUR BYPASS PKG- IV NHAI,RAJASTHAN","[N24000662],NHAI,PUNJAB",NHAI,RAJASTHAN,2022-06,2024-09,15,19,1.27
N24001842,6L ACCESS CONTROLLED GREENFIELD HIGHWAY FROM VANAVOLU 24.300 KM. TO VANKARAKUNTA 45.700 KM. OF NH 5 (NHAI ),"[N24001749],NHAI,WEST BENGAL",NHAI,ANDHRA,2023-07,2025-03,15,19,1.27
N24001849,4L PS MYDUKUR BADVEL FROM KM 585.820 TO KM 630.960 SECTION OF NH 67 (NHAI ),"[N24001749],NHAI,WEST BENGAL",NHAI,ANDHRA PRADESH,2023-07,2025-03,15,19,1.27
N24001851,4L FROM MATHURA BYPASS (START) AT EXISTING KM. 154.20 OF NH-44 TO GAJU VILLAGE AT KM 32.982 OF NH-53 (NHAI ),National Highways Authority Of India,NHAI,UTTAR PRADESH,2023-08,2025-03,15,19,1.27
N24001859,"CONSTRUCTION OF BYPASS ON NH-59 FROM KM 336/350 TO 349/910 (13.56 KM) NEAR BERHAMPUR TOWN INCLUDING MoRTH,ODISHA","[N24001454],MoRTH,TAMIL NADU",MoRTH,ODISHA,2023-08,2025-03,15,19,1.27
N26000101,DEPARTMENT OF TELECOMMUNICATION NETWORK FOR SPECTRUM,Department Of Telecommunication,DOT,MULTI STATE,2022-06,2024-09,15,19,1.27
N06000122,AMRITDHARA OC PROJECT 82 Final submission of EIA/E,Singareni Colliers Company Limitted,SECL,MADHYA PRADESH,2022-06,2024-09,15,18,1.2
N06000124,RAJNAGAR OCP RPR (1.70 MTY) 80 Preparation and sub,Singareni Colliers Company Limitted,SECL,MADHYA PRADESH,2022-06,2024-09,15,18,1.2
N06000134,BATURA HIGHWALL PROJECT 86 Floating of NIT for MDO,Singareni Colliers Company Limitted,SECL,MADHYA PRADESH,2022-06,2024-09,15,18,1.2
N06000136,DURGAPUR OPENCAST PROJECT 84 Disbursement of 25% L,Singareni Colliers Company Limitted,SECL,CHHATISGARH,2022-06,2024-09,15,18,1.2
N06000140,MADANNAGAR OPENCAST PROJECT 87 Floating of NIT for,Singareni Colliers Company Limitted,SECL,CHHATISGARH,2022-06,2024-09,15,18,1.2
N18000305,"TRANSMISSION SYSTEM STRENGTHENING SCHEME FOR EVACUATION OF POWER FROM SOLAR ENERGY ZONES IN RAJASTHA PGCIL,RAJASTHAN","[N18000331],PGCIL,MULTI STATE",PGCIL,RAJASTHAN,2023-04,2024-09,15,18,1.2
N24000516,"WIDENING TO 4/6/8 LANES OF EXISTING NH-17 FROM KM 522/615 (NEAR GMC) TO KM 530/850 JOINING NEW ZUIAR MoRTH,GOA","[N24001289],MoRTH,ARUNACHAL PRADESH",MoRTH,GOA,2023-04,2024-12,15,18,1.2
N24000711,"FOUR LANING OF DANGIAWAS (KM 96.595 TO NH- 112) TO JAJIWAL (KM 283.500 OF NH 65 NAGAUR ROAD) SECTIO NHAI,RAJASTHAN",KASHMIR,NHAI,RAJASTHAN,2022-06,2024-09,15,18,1.2
N24000724,SIX LANING OF AURANGABAD TO BIHAR - JHARKHAND BORDER (CHORDAHA) SECTION (NHAI ),"[N24001625],NHAI,TELANGANA",NHAI,BIHAR,2022-06,2025-03,15,18,1.2
N24001412,"4L+PS OF NH -58 FROM BEAWAR-GOMTI (OLD CH KM 108.600 TO KM 144 KM 158.419 TO KM 173.300 PKG-II. MoRTH,RAJASTHAN","[N24001289],MoRTH,ARUNACHAL PRADESH",MoRTH,RAJASTHAN,2022-06,2024-09,15,18,1.2
N24001645,"4L OF MALOUT-MANDI DABWALI SECTION PKG-01 DANEWALA AT KM 7.000 TO MANDI DABWALI AT KM 29.500 OF NH-0 NHAI,PUNJAB","[N24001719],NHAI,TAMIL NADU",NHAI,PUNJAB,2023-04,2024-12,15,18,1.2
N24001690,"CHALLAKERE TO HARIYUR SECTION FROM KM 358.500 TO KM 414.205 OF NH150 A NHAI,KARNATAKA","[N24000662],NHAI,PUNJAB",NHAI,KARNATAKA,2023-04,2024-09,15,18,1.2
N06000088,"KARMA OCP (1.0MTY) 8 ""Coal Production in JUNE-22 C",Central Coal Fields Limited,CCL,JHARKHAND,2022-06,2024-09,15,17,1.13
N24000929,"REHABILITATION AND UPGRADATION OF NH219(NEW NH42) FROM KM 244.930 TO 299.775 (MADANAPALLI PUNGANURU MoRTH,ANDHRA PRADESH","[N24000967],MoRTH,ANDHRA PRADESH",MoRTH,ANDHRA PRADESH,2022-06,2024-12,15,17,1.13
N24001912,PEREN-DIMAPUR PKG- 3 (NHIDCL ),"[N24000583],NHIDCL,ASSAM",NHIDCL,NAGALAND,2023-09,2025-03,14,32,2.29
N24001914,IMPROVEMENT AND WIDENING TO 2- LANE WITH EARTHEN PAVED SHOULDER FROM UDAIPUR TO SRIMANTAPUR (NHIDCL ),"[N24000583],NHIDCL,ASSAM",NHIDCL,TRIPURA,2023-09,2025-03,14,32,2.29
N24001913,"SPECIAL PROTECTION WORK ON REHABILITATION AND RESTORATION OF SLIDING AND SINKING ZONE FROM RANGPO TO NHIDCL,SIKKIM","[N24000583],NHIDCL,ASSAM",NHIDCL,SIKKIM,2023-09,2025-03,14,27,1.93
N24001300,"6-LANING OF VIJAYAWADA BYPASS FROM CHINNA AVUTUPALLI (DESIGN CH.0+000) TO GOLLAPUDI (DESIGN CH. 30+0 NHAI,ANDHRA PRADESH",PRADESH,NHAI,ANDHRA PRADESH,2022-06,2024-09,14,21,1.5
N18000370,"KERANDARI COAL MINING PROJECT NTPC,JHARKHAND",National Thermal Power Corporation,NTPC,JHARKHAND,2023-10,2025-03,14,20,1.43
N22000135,"EAST WEST METRO CORRIDOR FROM HOWRAH MAIDAN TO SALT LAKE MRTP,WEST BENGAL",Metropolitan Rapid Transport Projects,MRTP,WEST BENGAL,2023-04,2024-12,14,20,1.43
N24001398,"MARIAM - PEREN (PKG 2A) NHIDCL,MANIPUR","[N24000967],MoRTH,ANDHRA PRADESH",NHIDCL,MANIPUR,2022-06,2024-09,14,20,1.43
N16000497,CGD PROJECT IN BIHAR JHARKHAND (HPCL ),PETROLEUM,HPCL,JHARKHAND,2023-09,2025-03,14,19,1.36
N16000498,CGD PROJECT IN WEST BENGAL 11TH ROUND (HPCL ),PETROLEUM,HPCL,WEST BENGAL,2023-09,2025-03,14,19,1.36
N16000504,"CONSTRUCTION OF ADDITIONAL TANKAGES AND ALLIED FACILITIES AT JNPT TERMINAL IOCL,MAHARASHTRA",Indian Oil Corporation Limited,IOCL,MAHARASHTRA,2023-10,2025-03,14,19,1.36
N16000505,"AUGMENTATION OF FACILITIES AT MATHURA BITUMEN PLANT IOCL,UTTAR PRADESH",Indian Oil Corporation Limited,IOCL,UTTAR PRADESH,2023-10,2025-03,14,19,1.36
N22000516,JEYPORE MALKANGIRI NEW LINE (ECOR ),East Coast Railway,ECOR,ODISHA,2023-08,2025-03,14,19,1.36
N22000519,KODINGAMALI BAUXITE MINES TO SINGARAM RAILWAY STATION (ECOR ),RAILWAYS,ECOR,ODISHA,2023-09,2025-03,14,19,1.36
N22000528,SONENAGAR BYE PASS LINE FROM CHIRALAPOTHU TO BAGHA BISHUNPUR (ECR ),East Central Railways,ECR,BIHAR,2023-08,2025-03,14,19,1.36
N22000557,"BELGAUM-DHARWAD VIA KITTUR (73.10 KM) (UMBRELLA WORK PB#22/2019-20/NR) SWR,KARNATAKA",South Western Railway,SWR,KARNATAKA,2023-08,2025-03,14,19,1.36
N22000562,ALIGARH-DAUD KHAN - 3RD LINE (6.9 KM) & CONSTRUCTION OF FLYOVER AT DAUD KHAN (NCR ),North Central Railway,NCR,UTTAR PRADESH,2023-08,2025-03,14,19,1.36
N22000566,"BAHRAICH - NANPARA -NEPALGANJ (56.15 KM) NER,UTTAR PRADESH",North Eastern Railway,NER,UTTAR PRADESH,2023-08,2025-03,14,19,1.36
N22000576,4TH LINE - DADHAPARA-BELHA (9.2 KM) (PB#72/NR/2022-23) (SECR ),South East Central Railway,SECR,CHHATTISGARH,2023-08,2025-03,14,19,1.36
N22000577,4TH LINE - RAJNANDGAON- DONGARHGARH (31.2 KM) (PB#72/NR/2022- 23) (SECR ),South East Central Railway,SECR,CHHATTISGARH,2023-08,2025-03,14,19,1.36
N22000579,3RD AND 4TH LINE - SARAGBUNDIA AND MADWARANI (SECR ),South East Central Railway,SECR,CHHATTISGARH,2023-08,2025-03,14,19,1.36
N22000584,LUDHIANA KILA RAIPUR (19 KMS) WITH FREIGHT LINE AT GILL STATION ON LDH- JHL SECTION (NR ),Northern Railway,NR,ANDAMAN AND,2023-08,2025-03,14,19,1.36
N22000591,DOUBLING BETWEEN JAUNPUR JN- ZAFFARABAD (6.28 KM) (NR ),Northern Railway,NR,UTTAR PRADESH,2023-08,2025-03,14,19,1.36
N22000601,INDORE BUDNI (INDORE JABALPUR) (RVNL ),Rail Vikas Nigam Ltd.,RVNL,MADHYA,2023-10,2025-03,14,19,1.36
N24001856,CONSTRUCTION OF 4- LANE HIGHWAY FROM SAMARLAKOTA TO ACHAMPETA JUNCTION (FROM KM. 0.000 TO KM. 12.250 (NHAI ),"[N24001701],NHAI,BIHAR",NHAI,ANDHRA PRADESH,2023-09,2025-03,14,19,1.36
N24001864,CONSTRUCTION OF FOUR LANE ROB AND ITS APPROACHES IN LIEU OF EXISTING LEVEL CROSSING NO. RV- 71 AT KM (MoRTH ),"[N24001454],MoRTH,TAMIL NADU",MoRTH,ODISHA,2023-08,2025-03,14,19,1.36
N24001866,"CONSTRUCTION OF TWO LANE WITH PAVED SHOULDER FOR FATEHPUR BYPASS, MANDAWA BYPASS AND JHUNJHUNU BYPAS (MoRTH )",PRADESH,MoRTH,RAJASTHAN,2023-09,2025-03,14,19,1.36
N24001867,UPGRADATION OF TWO LANE PAVED SHOULDER FROM SHAHPURA TO THANAGAZI OF NH- 248A ON EPC MODE IN THE STAT (MoRTH ),PRADESH,MoRTH,RAJASTHAN,2023-09,2025-03,14,19,1.36
N24001868,UPGRADATION TO TWO LANE WITH PAVED SHOULDER FROM EXISTING CHAINAGE KM 207.700 (DESIGN CH. 208+550) T,PRADESH,MoRTH,RAJASTHAN,2023-09,2025-03,14,19,1.36
N24001869,UPGRADATION AND REHABILITATION TO TWO LANE WITH PAVED SHOULDER OF GHAGARIYA- MUNABAO SECTION FROM KM (MoRTH ),PRADESH,MoRTH,RAJASTHAN,2023-09,2025-03,14,19,1.36
N24001870,IMPROVEMENT TO TWO LANE WITH PAVED SHOULDERS OF NH 122B FROM KM 29.730 TO KM 72.348 IN STATE OF BIH (MoRTH ),PRADESH,MoRTH,BIHAR,2023-09,2025-03,14,19,1.36
N24001877,CONSTRUCTION OF NEW 4- LANE BRIDGE (PARALLEL TO EXISTING VIKRAMASHILA SETU)FROM KM 8+920 TO KM 13+375 (MoRTH ),PRADESH,MoRTH,BIHAR,2023-09,2025-03,14,19,1.36
N24001878,IMPROVEMENT TO TWO LANE WITH PAVED SHOULDERS OF NH- 319A FROM KM 0 TO KM 45 IN STATE OF BIHAR UNDER (MoRTH ),"[N24001222],MoRTH,CHHATTISGARH",MoRTH,BIHAR,2023-09,2025-03,14,19,1.36
N24001879,CONSTRUCTION OF PROPOSED 4 LANE REVELGUNJ BYPASS NH- _ 19 IN THE STATE OF BIHAR ON EPC MODE CONNECTING (MoRTH ),PRADESH,MoRTH,BIHAR,2023-09,2025-03,14,19,1.36
N24001880,REHABILITATION AND UP- GRADATION TO 4 LANE ROAD WITH PAVED SHOULDER CONFIGURATION OF SECTION FROM UND (MoRTH ),PRADESH,MoRTH,MAHARASHTRA,2023-09,2025-03,14,19,1.36
N24001882,CONSTRUCTION OF NEW FOUR LANE BYPASS TO PARBHANI CITY (PARWA TO ASOLA) KM 463/265 TO KM 481/180 (DES (MoRTH ),PRADESH,MoRTH,MAHARASHTRA,2023-09,2025-03,14,19,1.36
N24001884,REHABILITATION AND UPGRADATION OF SATANA TO MANGRUL (CHANDWAD) SECTION OF NH752 G DESIGN CH: KM 64.0 (MoRTH ),PRADESH,MoRTH,MAHARASHTRA,2023-09,2025-03,14,19,1.36
N24001886,DEVELOPMENT/WIDENI NG OF TALEGAON ? CHAKAN ? SHIKRAPUR ? NHAVARA SECTION OF NH 548DG (NHAVARA TO CHOU (MoRTH ),PRADESH,MoRTH,MAHARASHTRA,2023-09,2025-03,14,19,1.36
N24001887,REHABILITATION AND UPGRADATION OF BHOKARDAN TO KUMBHARI FATA DESIGN CH. (KM 13+500 TO 17+00) AND RAJ (MoRTH ),PRADESH,MoRTH,MAHARASHTRA,2023-09,2025-03,14,19,1.36
N24001891,"BALANCE WORK OF REHABILITATION AND UP- GRADATION TO NH-166F FROM MAHAD JUNCTION (AT KM 123/400 ON NH- MoRTH,MAHARASHT RA",PRADESH,MoRTH,MAHARASHTRA,2023-09,2025-03,14,19,1.36
N24001892,REHABILITATION AND UPGRADATION OF SHIRAPUR JUNCTION TO SHIVAJI CHOWK (DESIGN CHAINAGE KM. 130+00 TO (MoRTH ),PRADESH,MoRTH,MAHARASHTRA,2023-09,2025-03,14,19,1.36
N24001899,REHABILITATION AND UPGRADATION TO 2 LANE WITH PAVED SHOULDER FROM EXISTING CHAINAGE KM 134.95 TO KM (BRO ),ROAD TRANSPORT AND HIGHWAYS,BRO,JAMMU AND,2023-09,2025-03,14,19,1.36
N24001900,REHABILITATION AND UPGRADATION TO 2 LANE WITH PAVED SHOULDER FROM EXISTING CHAINAGE KM 49.150 TO KM (BRO ),ROAD TRANSPORT AND HIGHWAYS,BRO,JAMMU AND,2023-09,2025-03,14,19,1.36
N24001902,REHABILITATION AND UP- GRADATION OF SABALKHED TO ASHTI SECTION FROM KM 37+900 TO KM 55+100 AND CHINCH (MoRTH ),PRADESH,MoRTH,MAHARASHTRA,2023-09,2025-03,14,19,1.36
N24001903,REHABILITATION AND UP- GRADATION OF MUDKHED TO NANDED SECTION FROM KM. 372+000 TO KM 388+400 OF NH 16 (MoRTH ),PRADESH,MoRTH,MAHARASHTRA,2023-09,2025-03,14,19,1.36
N24001904,KOPARGAON TO SAVALI VIHIR SECTION (MoRTH ),PRADESH,MoRTH,MAHARASHTRA,2023-09,2025-03,14,19,1.36
N24001909,"STRENGTHING AND WIDINING OF EXISTING CARRIAGEWAY TO 10 M IN KM, 156/160 TO 229/160 (TEMBHURNI - KUSL (MoRTH )",PRADESH,MoRTH,MAHARASHTRA,2023-09,2025-03,14,19,1.36
N24001910,REHABILITATION AND UPGRADATION OF JAMKHED TO SAUTADA SECTION OF NH548 D (FROM KM 195.375 TO KM 208.7 (MoRTH ),PRADESH,MoRTH,MAHARASHTRA,2023-09,2025-03,14,19,1.36
N24001911,"PANGAON TO DHARMAPURI AND PARALI TO INJEGAON 2L+PS MoRTH,MAHARASHTRA","[N24001222],MoRTH,CHHATTISGARH",MoRTH,MAHARASHTRA,2023-09,2025-03,14,19,1.36
N24001922,"WIDENING TO 2-LANE WITH PAVED SHOULDER FROM KM 0.00 TO 44.00 (KURU-GHAGHRA SECTION) OF NH-143A INCLU MoRTH,JHARKHAND","[N24001386],MoRTH,ANDHRA PRADESH",MoRTH,JHARKHAND,2023-10,2025-03,14,19,1.36
N24001937,"BALANCE WORK OF REHABILITATION AND UPGRADING TO 2LANE/2LANE WITH PAVED SHOULDER CONFIGURATION AND ST MoRTH,KARNATAKA","[N24001386],MoRTH,ANDHRA PRADESH",MoRTH,KARNATAKA,2023-10,2025-03,14,19,1.36
N24001939,"NH165 FROM KM 0.000 TO KM 64.020 PAMARRU TO AKIVEEDU SECTION TO TWO LANE WITH PAVED SHOULDERS MoRTH,ANDHRA PRADESH","[N24001386],MoRTH,ANDHRA PRADESH",MoRTH,ANDHRA,2023-10,2025-03,14,19,1.36
N24001945,"WIDENING TO 2 LANE WITH PAVED SHOULDERS FROM KM 116.800 TO 149.070(DESIGN CHANGES) ON HOSADURGA HOL MoRTH,KARNATAKA","[N24001216],MoRTH,JHARKHAND",MoRTH,KARNATAKA,2023-10,2025-03,14,19,1.36
N18000244,"EASTERN REGION STRENTHENING SCHEME XVII( PART B) PGCIL,MULTI STATE","[N18000331],PGCIL,MULTI STATE",PGCIL,MULTI STATE,2022-06,2024-09,14,18,1.29
N22000523,DARBHANGA - BYPASS LINE CONNECTING SHISHO HALT AND KAKARGHATI EXCL DARBHANGA YARD (7.64 KM) (ECR ),East Central Railways,ECR,BIHAR,2023-08,2025-03,14,18,1.29
N24001562,"SANGARIYA (NEAR CHAUTALA)-RASISAR (NEAR BIKANER) (PHASE-I) (AJ/SR-PACKAGE-1) NHAI,RAJASTHAN","[N24001634],NHAI,HARYANA",NHAI,RAJASTHAN,2023-04,2024-09,14,18,1.29
N24001784,"CONSTRUCTION OF EIGHT LANE EXPRESSWAY STARTING AT CH. 47+000 NEAR KHANPUR GHATI AND ENDS AT HARYANA NHAI,HARYANA","[N24001569],NHAI,RAJASTHAN",NHAI,HARYANA,2023-05,2024-12,14,18,1.29
N24001845,6L ACCESS CONTROLLED GREENFIELD HIGHWAY FROM NALLACHERUVU PALLI 96.300 KM. TO YERRAGUDIPADU 129.000 (NHAI ),"[N24001749],NHAI,WEST BENGAL",NHAI,ANDHRA PRADESH,2023-07,2025-03,14,18,1.29
N24001883,"CONSTRUCTION OF 4 LANE FLYOVER AT NAGPUR RTO CHOWK TO NAGPUR UNIVERSITY CAMPUS FROM CH 2/250 TO 5/10 MoRTH,MAHARASHTRA",PRADESH,MoRTH,MAHARASHTRA,2023-09,2025-03,14,18,1.29
N24001936,"BALANCE WORK OF CONTSRUCTION OF TWO/FOUR LANE WITH PAVED SHOULDER FROM KM. 54.370 TO KM. 101.400 (BI MoRTH,KARNATAKA","[N24001386],MoRTH,ANDHRA PRADESH",MoRTH,KARNATAKA,2023-10,2025-03,14,18,1.29
N26000117,PLANNIN ENGINEERING SUPPLY INSTALLATION TESTING COMMISSIONING INTEGARTION and ANNUAL MAINTENANCE OF (BSNL ),Bharat Sanchar Nigam Limited,BSNL,MULTI STATE,2023-08,2025-03,14,18,1.29
N06000076,SOUTH-EASTERN COAL FIELDS LIMITED KARTALI (EAST) OCP (2.50 MTY) 76,Singareni Colliers Company Limitted,SECL,CHHATTISGARH,2023-04,2024-09,14,17,1.21
N06000158,VIJAY WEST OPENCAST PROJECT 90 Achievement of 2.0,Singareni Colliers Company Limitted,SECL,CHHATISGARH,2022-06,2024-09,14,17,1.21
N06000172,"TILABONI UG MINE 29 ""Coal Production for the month",Eastern Coal Fields Limited,ECL,WEST BENGAL,2022-06,2024-09,14,17,1.21
N06000185,PARASEA- BELBAID REORGANISATION UG MINE 30 Product,Eastern Coal Fields Limited,ECL,WEST BENGAL,2022-06,2024-09,14,17,1.21
N18000299,"TRANSMISSION SYSTEM FOR POWER EVACUATION FROM ARUN-3 (900MW) HEP, NEPAL OF M/S SAPDC-INDIAN PORTION PGCIL,BIHAR","[N18000331],PGCIL,MULTI STATE",PGCIL,BIHAR,2022-06,2024-09,14,17,1.21
N18000302,"IMPLEMENTATION OF 500 MVAR THYRISTOR CONTROLLED REACTOR AT KURUKSHETRA PGCIL,HARYANA","[N18000331],PGCIL,MULTI STATE",PGCIL,HARYANA,2022-06,2024-09,14,17,1.21
N18000317,"RELIABLE COMMUNICATION SCHEME UNDER CENTRAL SECTOR FOR NORTHERN REGION PGCIL,MULTI STATE",Power Grid Corporation Of India Limited,PGCIL,MULTI STATE,2022-06,2024-09,14,17,1.21
N18000329,"AUGMENTATION OF TRANSFORMATION CAPACITY IN SOUTHERN REGION. PGCIL,MULTI STATE","[N18000331],PGCIL,MULTI STATE",PGCIL,MULTI STATE,2022-06,2024-09,14,17,1.21
N24000444,"CONSTRUCTION OF BRIDGE INCLUDING APPROACHES ACROSS RIVER ZUARI ON NH-17 (NH-66) ON PANJIM-MANGALORE MoRTH,GOA","[N24001289],MoRTH,ARUNACHAL PRADESH",MoRTH,GOA,2022-06,2024-12,14,17,1.21
N24000475,"JABALPUR TO HIREN RIVER SECTION OF NH-12 IN MADHYA PRADESH KM 11/400 TO 66/400 MoRTH,MADHYA PRADESH","[N24001289],MoRTH,ARUNACHAL PRADESH",MoRTH,MADHYA PRADESH,2022-06,2024-09,14,17,1.21
N24001685,"CONSTRUCTION OF 4 LANE BANGALORE -CHENNAI EXPRESSWAY FROM KM 53.500 TO KM 71.000 SECTION OF NE-7 (BA NHAI,KARNATAKA","[N24001572],NHAI,RAJASTHAN",NHAI,KARNATAKA,2023-04,2024-12,14,17,1.21
N24001769,"DHANGAON - BORGAON SECTION (KM 81.000 TO KM 139.000) [INDORE - EDLABAD PKG IV] NHAI,MADHYA PRADESH","[N24001569],NHAI,RAJASTHAN",NHAI,MADHYA,2023-05,2024-12,14,17,1.21
N24000549,"4-LANNING OF VARANASI GORAKHPUR SECTION OF NH-29 FROM 88.00 148.00 KM 4- LANNING OF VARANASI GORAKHPU NHAI,UTTAR PRADESH","[N24000662],NHAI,PUNJAB",NHAI,UTTAR PRADESH,2022-06,2024-09,14,16,1.14
N24001226,"REHABILITATION AND UPGRADATION OF NH 216 FROM KM 3.800 TO 90.460 RAIGARH TO SARAIPALLI SECTION MoRTH,CHHATTISGARH",Ministry Of Road Transport And Highways (State Pwds),MoRTH,CHHATTISGARH,2023-04,2025-03,14,16,1.14
N24001409,"4L+PS OF RAS-BEAWAR SECTION (KM 0.00 TO KM 30.00) OF NH-158 (GNHCP) WORLD BANK. PKG-I. MoRTH,RAJASTHAN","[N24001289],MoRTH,ARUNACHAL PRADESH",MoRTH,RAJASTHAN,2023-04,2024-09,14,16,1.14
N24000305,"FOUR LANING OF NUMALIGARH TO JORHAT SECTION FROM KM. 402.500 TO KM. 453.000 (DESIGN KM 403.200 TO KM NHIDCL,ASSAM","[N24000967],MoRTH,ANDHRA PRADESH",NHIDCL,ASSAM,2022-06,2024-09,13,22,1.69
N16000349,"SUSTAINED EVACUATION OF GAS FROM GANDHAR FIELDS BY INSTALLING A GAS COMPRESSOR AND PIPELINE CONNECTI GAIL,GUJARAT",Gas Authority Of India Limited,GAIL,GUJARAT,2022-06,2024-06,13,19,1.46
N24000662,"CONSTRUCTION OF PARTIALLY ACESS CONTROLLED FOUR LANE ELEVATED HIGHWAY BETWEEN SAMRALA CHOWK (DESIGN NHAI,PUNJAB","[N24000739],NHAI,ODISHA",NHAI,PUNJAB,2022-06,2024-09,13,19,1.46
N24001199,"CONSTRUCTION OF EIGHT LANE ACCESS CONTROLLED EXPRESSWAY CARRIAGEWAY FROM BARDAWADI VILLAGE TO MANDSA NHAI,MADHYA PRADESH","[N24001719],NHAI,TAMIL NADU",NHAI,MADHYA PRADESH,2022-06,2024-06,13,19,1.46
N04000102,"PRAYAGRAJ AIRPORT - CONSTRUCTION OF NEW TERMINAL BUILDING, SECOND LINK TAXI TRACK, APRON EXPANSION, (AAI )",CIVIL AVIATION,AAI,UTTAR PRADESH,2023-09,2025-03,13,18,1.38
N04000103,RAJAHMUNDRY AIRPORT: CONSTRUCTION OF NEW DOMESTIC TERMINAL BUILDING AND MISCELLANEOUS WORKS INCLUD (AAI ),Airport Authority Of India Limited,AAI,ANDHRA,2023-10,2025-03,13,18,1.38
N06000265,URDHAN OC (WCL ),Western Coal Fields Limited,WCL,MADHYA,2023-10,2025-03,13,18,1.38
N06000266,SHARDA UG (WCL ),Western Coal Fields Limited,WCL,MADHYA,2023-10,2025-03,13,18,1.38
N06000267,KOLGAON EXPANSION (DEEP) OC (WCL ),Western Coal Fields Limited,WCL,MAHARASHTRA,2023-10,2025-03,13,18,1.38
N12000129,REVAMPING OF OLD SUB SYSTEM OF BLAST FURNACE 3 AT BOKARO STEEL PLANT (SAIL ),Steel Authority Of India Limited (Sail),SAIL,JHARKHAND,2023-10,2025-03,13,18,1.38
N16000496,"CGD PROJECT IN TONK, SAWAI MADHOPUR, DAUSA, KARAULI (HPCL )",PETROLEUM,HPCL,RAJASTHAN,2023-09,2025-03,13,18,1.38
N16000500,SETTING UP A COMMON USER PETROLEUM TERMINAL AT JAMMU FOR RE- SITEMENT OF EXISTING DEPOTS OF PSU OMCS (BPCL ),PETROLEUM,BPCL,JAMMU AND,2023-09,2025-03,13,18,1.38
N16000503,ANDHERI RESIDENTIAL TOWERS MUMBAI (IOCL ),Indian Oil Corporation Limited,IOCL,MAHARASHTRA,2023-10,2025-03,13,18,1.38
N16000506,"GRASS-ROOT TERMINAL AT MIRZAPUR UTTAR PRADESH IOCL,UTTAR PRADESH",Costing Rs. 150 Crore and above (November 2023),IOCL,UTTAR PRADESH,2023-11,2025-03,13,18,1.38
N18000262,"TRANSMISSION SYSTEM FOR EVACUTION OF POWER FROM NEYVELI LIGNITE CORP LTD TS - I (REPLACEMENT) IN NEY PGCIL,TAMIL NADU","[N18000331],PGCIL,MULTI STATE",PGCIL,TAMIL NADU,2022-06,2024-09,13,18,1.38
N22000533,QUADRUPLING BETWEEN GANDHIDHAM - ADIPUR WITH Y CONNECTION AT ADIPUR FOR PROVIDING DIRECT ENTRY TOWAR (WR ),Western Railway,WR,GUJARAT,2023-08,2025-03,13,18,1.38
N22000556,"MALUGUR-PALASAMUDRAM (17.98 KM) (PB#29/NR/2022-23) SWR,ANDHRA PRADESH",RAILWAYS,SWR,ANDHRA,2023-09,2025-03,13,18,1.38
N22000622,MODASA- SHAMLAJI NEW LINE ( MM OF AHMEDABAD- HIMMATNAGAR- UDAIPUR (299.2 KM)) (WR ),Western Railway,WR,GUJARAT,2023-10,2025-03,13,18,1.38
N24000828,"TWO LANING WITH PAVED SHOULDER OF MEENSURUTTI (KM. 98.433) TO CHIDAMBARM (KM. 129.965.) SECTION OF N NHAI,TAMIL NADU","[N24000556],NHAI,UTTAR PRADESH",NHAI,TAMIL NADU,2022-06,2024-06,13,18,1.38
N24001860,CONSTRUCTION OF BYPASS TO NAYAGARH TOWN FROM KM 235.469 TO 252.482 OF NH-57 INCLUDING LAND ACQUISITI (MoRTH ),"[N24001454],MoRTH,TAMIL NADU",MoRTH,ODISHA,2023-08,2025-03,13,18,1.38
N24001885,REHABILITATION AND UP- GRADATION OF JINTUR- SHIRAD SHAHAPUR SECTION KM 258.300 TO KM 306.300 [DESIGN (MoRTH ),PRADESH,MoRTH,MAHARASHTRA,2023-09,2025-03,13,18,1.38
N24001890,REHABILITATION AND UPGRADATION OF PARLI TO SIRSALA SECTION OF NH- 361F (KM 136+700 TO 115+000) (LENGT (MoRTH ),PRADESH,MoRTH,MAHARASHTRA,2023-09,2025-03,13,18,1.38
N24001897,REHABILITATION AND UPGRADATION TO 2 LANE WITH PAVED SHOULDER FROM EXISTING CHAINAGE KM 102 TO KM 13 (BRO ),ROAD TRANSPORT AND HIGHWAYS,BRO,JAMMU AND,2023-09,2025-03,13,18,1.38
N24001898,REHABILITATION AND UPGRADATION TO 2 LANE WITH PAVED SHOULDER FROM EXISTING CHAINAGE KM 30.000 TO K (BRO ),Border Road Organisation,BRO,JAMMU AND,2023-10,2025-03,13,18,1.38
N24001906,UP-GRADATION TO 4 LANING OF DAULTABAD T-POINT TO MALIWADA [FROM DESIGN KM.0.000 TO KM 4.000] AND UPG (MoRTH ),ROAD TRANSPORT AND HIGHWAYS,MoRTH,MAHARASHTRA,2023-09,2025-03,13,18,1.38
N24001908,UPGRADATION OF EXHISTING 2 LANE FLEXIBLE PAVEMENT TO 2 LANE PAVED SHOULDERS RIGID PAVEMENT FROM DESI (MoRTH ),PRADESH,MoRTH,MAHARASHTRA,2023-09,2025-03,13,18,1.38
N24001916,IMPROVEMENT/CONST RUCTION OF EXISTING CLASS 5 ROAD TO NH INTERMEDIATE LANE SPECIFICATION WITH HARD SH (BRO ),Border Road Organisation,BRO,HIMACHAL,2023-10,2025-03,13,18,1.38
N24001917,UP GRADATION OF NH 930 SHERPAR TO KOHKA FROM KM 67.880 TO KM 114.860 TO TWO LANE WITH PAVED SHOULDER (MoRTH ),"[N24000988],MoRTH,TELANGANA",MoRTH,CHHATTISGARH,2023-10,2025-03,13,18,1.38
N24001920,UPGRADATION OF NH 130A MUNGELI TO PONDI FROM NH KM. 51.600 TO KM. 77.870 KM. 80.970 TO 96.970 TO 2 (MoRTH ),"[N24000988],MoRTH,TELANGANA",MoRTH,CHHATTISGARH,2023-10,2025-03,13,18,1.38
N24001923,WIDENING AND STRENGTHENING OF EXISTING PAVEEMNT TO TWO LANE WITH PAVED SHOULDERS FROM KM 116.00 TO K (MoRTH ),"[N24001386],MoRTH,ANDHRA PRADESH",MoRTH,JHARKHAND,2023-10,2025-03,13,18,1.38
N24001924,(N24001924 ) WIDENING AND STRENGTHENING/REC ONSTRUCTION TO TWO LANE WITH PAVED SHOULDER/ TWO LANE WITH PAVED SHOUL (MoRTH ),"[N24000988],MoRTH,TELANGANA",MoRTH,JHARKHAND,2023-10,2025-03,13,18,1.38
N24001926,CONSTRUCTION OF TWIN TUBE TUNNELS ON JAMMU KASHMIR RING ROAD (NH- 244A) BETWEEN DESIGN CH. 50+600 TO (NHAI ),"[N24001821],NHAI,ANDHRA PRADESH",NHAI,JAMMU AND,2023-10,2025-03,13,18,1.38
N24001927,UP-GRADATION TO 2 LANE WITH PAVED SHOULDER FROM CHARBHUJA AT DESIGN KM 0.00 (EXISTING KM 150.00) TO (MoRTH ),"[N24001386],MoRTH,ANDHRA PRADESH",MoRTH,RAJASTHAN,2023-10,2025-03,13,18,1.38
N24001928,CONSTRUCTION OF 2 LANE WITH PAVED SHOULDER NORTHERN BYPASS PHASE- II OF KOTA CITY FROM DESIGN CHAINAG (MoRTH ),"[N24000988],MoRTH,TELANGANA",MoRTH,RAJASTHAN,2023-10,2025-03,13,18,1.38
N24001929,CONSTRUCTION OF 4- LANE GREEN FIELD HIGHWAY FROM KM. 35.000 TO KM. 49.155 OF NH-731A WITH PAVED SHOUL (MoRTH ),"[N24001386],MoRTH,ANDHRA PRADESH",MoRTH,UTTAR,2023-10,2025-03,13,18,1.38
N24001931,4 LANING OF BATHALAPALLI TO MUDIGUBBA SECTION (DESIGN CHAINAGE KM. 96.300 TO 129.300) INCLUDING BATH (MoRTH ),"[N24001386],MoRTH,ANDHRA PRADESH",MoRTH,ANDHRA,2023-10,2025-03,13,18,1.38
N24001932,2L+PS FROM KM. 0+000 TO KM. 32+000 (MUDIGUBBA TO PUTTAPARTHI) OF NH- 342 (MoRTH ),"[N24000988],MoRTH,TELANGANA",MoRTH,ANDHRA,2023-10,2025-03,13,18,1.38
N24001934,NH440 RAYACHOTY TOVEMPALLI 2LPS (MoRTH ),"[N24001386],MoRTH,ANDHRA PRADESH",MoRTH,ANDHRA,2023-10,2025-03,13,18,1.38
N24001935,4 LANE WITH PAVED SHOULDER FROM KM 0.000 TO KM 51.119 OF TADIPATRI TO MUDDANUR OF NH67 (MoRTH ),"[N24001386],MoRTH,ANDHRA PRADESH",MoRTH,ANDHRA,2023-10,2025-03,13,18,1.38
N24001938,"CONSTRUCTION OF ELEVATED CORRIDOR FROM KM. 135.650 TO 136.300 ON 63, FROM KM. 249 TO KM. 250.050 ON (MoRTH )","[N24001386],MoRTH,ANDHRA PRADESH",MoRTH,KARNATAKA,2023-10,2025-03,13,18,1.38
N24001940,WIDENING TO 2 LANE WITH PAVED SHOULDERS FROM DESIGN KM 103.200 (EXISTING KM 103.200) TO DESIGN KM 11 (MoRTH ),"[N24001386],MoRTH,ANDHRA PRADESH",MoRTH,KARNATAKA,2023-10,2025-03,13,18,1.38
N24001941,WIDENING TO 4 LANE FROM KM. 133.00 TO 158.04 (DESIGN CHAINAGE KM. 130.88 TO 155.145) (SHIRUR CROSS T (MoRTH ),"[N24001386],MoRTH,ANDHRA PRADESH",MoRTH,KARNATAKA,2023-10,2025-03,13,18,1.38
N24001942,2LPS FROM KM36.400 TO KM. 107.224 OF NH167BG FROM DUTTALUR TO KAVALI SECTION (MoRTH ),"[N24001386],MoRTH,ANDHRA PRADESH",MoRTH,ANDHRA,2023-10,2025-03,13,18,1.38
N24001943,"WIDENING TO TWO LANE WITH PAVED SHOULDERS FROM KM. 33.13 TO KM. 40.23 AND KM. 52.00 TO KM. 71.00 (EX MoRTH,KARNATAKA",PRADESH,MoRTH,KARNATAKA,2023-10,2025-03,13,18,1.38
N24001944,"WIDENING TO INTERMEDIATE/TWO LANE TO 2 LANE WITH PAVED SHOULDER FROM EXISTING CHANAGES KM 112.750 TO MoRTH,KARNATAKA","[N24001386],MoRTH,ANDHRA PRADESH",MoRTH,KARNATAKA,2023-10,2025-03,13,18,1.38
N24001946,"WIDENING TO 2 LANES WITH PAVED SHOULDERS FROM KM 24.400 TO 27.270, 40.500 TO 41.900, 84.300 TO 88.20 (MoRTH )","[N24001386],MoRTH,ANDHRA PRADESH",MoRTH,KARNATAKA,2023-10,2025-03,13,18,1.38
N24001947,WIDENING TO EXISTING 2 LANE WITH PAVED SHOULDER TO 4 LANE WITH PAVED SHOULDER FROM DESIGN KM 153.00 (MoRTH ),"[N24000988],MoRTH,TELANGANA",MoRTH,KARNATAKA,2023-10,2025-03,13,18,1.38
N24001948,WIDENING TO 4 LANE FROM KM 51.60 TO 76.20 (HEBRI TO PARKALA) AND FROM KM 85.20 TO 88.90 (KARAVALI JU (MoRTH ),"[N24001216],MoRTH,JHARKHAND",MoRTH,KARNATAKA,2023-10,2025-03,13,18,1.38
N24001949,NH167B FROM KM 99.103 CS PURAM TO KM 143.320 MALAKONDA TO 2LPS (MoRTH ),"[N24001386],MoRTH,ANDHRA PRADESH",MoRTH,ANDHRA,2023-10,2025-03,13,18,1.38
N24001950,NH167B FROM KM.143.320 MALAKONDA TO 189.050 SINGARAYAKONDA ON NH 16 TO TWO LANE WITH PAVED SHOULDERS (MoRTH ),"[N24001216],MoRTH,JHARKHAND",MoRTH,ANDHRA,2023-10,2025-03,13,18,1.38
N24001952,NH 167 B KADAPA NELLORE BORDER TO CSPURAM I.E. FROM KM 58.635 TO KM 99.409 (MoRTH ),"[N24001216],MoRTH,JHARKHAND",MoRTH,ANDHRA,2023-10,2025-03,13,18,1.38
N24001953,NH-30- BHADRACHALAM TO KONTA SECTION 2LPS (MoRTH ),"[N24001386],MoRTH,ANDHRA PRADESH",MoRTH,ANDHRA,2023-10,2025-03,13,18,1.38
N24001954,WIDENING TO 2LPS OF RAMPACHODAVARAM - KOYYURU SECTION OF NH516E FROM KM.43.700 TO KM 113.820 (MoRTH ),"[N24001386],MoRTH,ANDHRA PRADESH",MoRTH,ANDHRA,2023-10,2025-03,13,18,1.38
N24001955,GUDIWADA TOWN 2 LANE ROB AND ROAD IMPROVEMENT OF NH165 IN REPLACEMENT OF LC NO 3ESPL3 AT KM 231.700 (MoRTH ),"[N24001386],MoRTH,ANDHRA PRADESH",MoRTH,ANDHRA,2023-10,2025-03,13,18,1.38
N24001957,2LPS OF KOYYURU TO CHAPRATHIPALEM SECTION OF NH 516E (MoRTH ),"[N24001216],MoRTH,JHARKHAND",MoRTH,ANDHRA,2023-10,2025-03,13,18,1.38
N24001958,2LPS OF CHAPRATHIPALEM TO LAMBASINGI SECTION OF NH 516E (MoRTH ),"[N24001216],MoRTH,JHARKHAND",MoRTH,ANDHRA,2023-10,2025-03,13,18,1.38
N24001959,4 LANE FROM KM 56.400 TO KM 120.300 FROM B.KOTHAPALLI JUNCTION TO GORANTLA OF NH 716G (MoRTH ),PRADESH,MoRTH,ANDHRA,2023-10,2025-03,13,18,1.38
N24001960,"UP-GRADATION TO TWO LANE WITH PAVED SHOULDER CONFIGURATION OF NH-354 SECTION ARIFKES-FEROZEPUR- MUKTS MoRTH,PUNJAB",Costing Rs. 150 Crore and above (November 2023),MoRTH,PUNJAB,2023-11,2025-03,13,18,1.38
N24001966,"BALANCE WORK FOR REHABILITATION AND UP- GRADATION OF SIDHI- SINGRAULI FROM KM 82.400 TO KM 187.993 SEC MoRTH,MADHYA PRADESH",Costing Rs. 150 Crore and above (November 2023),MoRTH,MADHYA,2023-11,2025-03,13,18,1.38
N24001985,BANGALORE CHENNAI EXPRESSWAY (PHASE- II PKG-II) FROM KM.96.000 TO KM 127.000 (BAIREDDYPALLE TO BANGAR (NHAI ),(November 2023),NHAI,ANDHRA PRADESH,2023-11,2025-03,13,18,1.38
N24001988,6L OF CHITTOOR TO THATCHUR FROM KUMARAJAPET TO VEERA KAVERI RAJA PURAM FROM KM 43.800 TO KM 61.380 O (NHAI ),(November 2023),NHAI,ANDHRA PRADESH,2023-11,2025-03,13,18,1.38
N24001994,"4/6L OF BANGALORE - PUNE SECTION OF BYPASS CONNECTING DHARWAD - HUBLI FROM KM. 403.80 TO KM. 433.20 NHAI,KARNATAKA",Costing Rs. 150 Crore and above (November 2023),NHAI,KARNATAKA,2023-11,2025-03,13,18,1.38
N24002006,"ONSTRUCTION OF 4-LANE FLYOVER AT AMBERPET-X ROAD, HYDERABAD ON NH-202 IN THE STATE OF TELANGANA MoRTH,TELANGANA",Ministry Of Road Transport And Highways (State Pwds),MoRTH,TELANGANA,2023-11,2025-03,13,18,1.38
220100205,"SOUTH CENTRAL RAILWAY MUNEERABAD-MAHABOOBNAGAR(NL),SCR",South Central Railway,SCR,MULTI STATE,2022-06,2024-06,13,17,1.31
N16000482,CONSTRUCTION OF TWO PRODUCED WATER TREATMENT PLANTS (PWTP) AT BECHARAJI AND SOBHASAN INSTALLATION OF (ONGC ),"[N16000451],IOCL,TAMIL NADU",ONGC,GUJARAT,2023-05,2024-12,13,17,1.31
N18000314,"TRANSMISSION SYSTEM FOR PROVIDING CONNECTIVITY TO RE PROJECTS AT BIKANER (PG), FATEHGARH-II AND BHAD PGCIL,RAJASTHAN",Power Grid Corporation Of India Limited,PGCIL,RAJASTHAN,2023-04,2024-09,13,17,1.31
N22000412,BANASPANI- JAKHPURA - DOUBLING 155 196.43 km lengt,Rail Vikas Nigam Ltd.,RVNL,ODISHA,2022-06,2024-06,13,17,1.31
N24001247,"2-LANING FROM MANU-SIMLUNG ( PKG I) NHIDCL,TRIPURA","[N24000967],MoRTH,ANDHRA PRADESH",NHIDCL,TRIPURA,2022-06,2024-06,13,17,1.31
N24001367,"TULUNGIA-JOGIGHOPA-PAIKAN PKG-5 NHIDCL,ASSAM","[N24000967],MoRTH,ANDHRA PRADESH",NHIDCL,ASSAM,2022-06,2024-06,13,17,1.31
N24001435,"4-LANING OF DERGAON TOWN NHIDCL,ASSAM","[N24000967],MoRTH,ANDHRA PRADESH",NHIDCL,ASSAM,2022-06,2024-06,13,17,1.31
N24001560,"SANGARIYA (NEAR CHAUTALA)-RASISAR (NEAR BIKANER) (PHASE-I) (AJ/SR-PACKAGE-2) NHAI,RAJASTHAN","[N24001691],NHAI,KARNATAKA",NHAI,RAJASTHAN,2023-05,2024-09,13,17,1.31
N24001951,NH167AD FROM MACHERLA TO DACHEPALLI FROM KM.0.000 TO 43.659 TO 2LPS (MoRTH ),"[N24001386],MoRTH,ANDHRA PRADESH",MoRTH,ANDHRA,2023-10,2025-03,13,17,1.31
N24001961,"WORK OF WIDENING/UPGRADATION OF 2- LANE WITH PAVED SHOULDER OF SRI MUKTSAR SAHIB TO MALOUT ROAD FROM MoRTH,PUNJAB",Costing Rs. 150 Crore and above (November 2023),MoRTH,PUNJAB,2023-11,2025-03,13,17,1.31
N28000089,"C/O OF 152 NOS TYPE-II,304 NOS,TYPE-III,76 NOS, TYPE-IV QTRS. FOR INCOME TAX DEPARTMENT AT CHENNAI CPWD FOR FINANC,TAMIL NADU",Cpwd For Finance,"CPWD FOR
FINANC",TAMIL NADU,2022-06,2024-06,13,17,1.31
N16000329,"CITY GAS DISTRIBUTION (CGD) NETWORK, RANCHI GAIL,JHARKHAND",Gas Authority Of India Limited,GAIL,JHARKHAND,2022-06,2024-06,13,16,1.23
N16000502,"UPGRADING IPSHEM TO WORLD CLASS FACILITY OF ONGC, GOA (ONGC )","[N16000213],ONGC,MAHARASHTRA",ONGC,GOA,2023-10,2025-03,13,16,1.23
N18000303,"TRANSMISSION SYSTEM STRENGTHENING SCHEME FOR EVACUATION OF POWER FROM SOLAR ENERGY ZONES IN RAJASTHA PGCIL,RAJASTHAN","[N18000331],PGCIL,MULTI STATE",PGCIL,RAJASTHAN,2022-06,2024-09,13,16,1.23
N18000304,"TRANSMISSION SYSTEM STRENGTHENING SCHEME FOR EVACUATION OF POWER FROM SOLAR ENERGY ZONES IN RAJASTHA PGCIL,RAJASTHAN",Power Grid Corporation Of India Limited,PGCIL,RAJASTHAN,2022-06,2024-09,13,16,1.23
N18000339,"RELIABLE COMMUNICATION SCHEME UNDER CENTRAL SECTOR FOR SOUTHERN REGION PGCIL,MULTI STATE",Power Grid Corporation Of India Limited,PGCIL,MULTI STATE,2023-04,2024-09,13,16,1.23
N18000372,TRANSMISSION SYSTEM FOR EVACUATION OF POWER FROM RAJASTHAN REZ PHASE-IV PART- I (BIKANER COMPLEX) PAR (PGCIL ),Power Grid Corporation Of India Limited,PGCIL,RAJASTHAN,2023-10,2025-03,13,16,1.23
N24000566,"4 LANNING OF MUKKOLA JUNCTION TO KERALA/ TAMIL NADU BORDER FROM KM 26.500 TO KM 43.000 OF NH-47 IN T NHAI,KERALA",KASHMIR,NHAI,KERALA,2022-06,2024-06,13,16,1.23
N24000687,"FOUR LANING OF DIMAPUR KOHIMA ROAD FROM DESIGN KM 138.775 TO KM 152.490 (EXISTING KM 140.000 TO KM 1 NHIDCL,NAGALAND","[N24000967],MoRTH,ANDHRA PRADESH",NHIDCL,NAGALAND,2022-06,2024-06,13,16,1.23
N24000970,"REHABILITAITON AND UPGRADATION OF REPALLE TO EEPPURPALEM SECTION FROM KM 128/927 TO KM 195/000 OF NH MoRTH,ANDHRA PRADESH","[N24001289],MoRTH,ARUNACHAL PRADESH",MoRTH,ANDHRA PRADESH,2022-06,2024-06,13,16,1.23
N24001232,"PACKAGE-24 CONSTRUCTION OF EIGHTLANE ACCESS- CONTROLLED EXPRESSWAY CARRIAGEWAY FROM RANNI VILLAGE TO NHAI,MADHYA PRADESH","[N24001560],NHAI,RAJASTHAN",NHAI,MADHYA PRADESH,2022-06,2024-06,13,16,1.23
N24001234,"PACKAGE-25 CONSTRUCTION OF EIGHTLANE ACCESS- CONTROLLED EXPRESSWAY CARRIAGEWAY FROM MIYATI VILLAGE T NHAI,MADHYA PRADESH",KASHMIR,NHAI,MADHYA PRADESH,2022-06,2024-06,13,16,1.23
N24001285,"2 LANING OF KOHIMA - JESSAMI SECTION (PACKAGE IV) NHIDCL,NAGALAND","[N24000967],MoRTH,ANDHRA PRADESH",NHIDCL,NAGALAND,2022-06,2024-06,13,16,1.23
N24001413,"2L+PS FROM KM 148/170 TO 211 /100 (DEVAL- DUNGARPUR-HIRATA - VARDA-SAGWARA) SECTION OF NH-927A. PKG- MoRTH,RAJASTHAN","[N24001289],MoRTH,ARUNACHAL PRADESH",MoRTH,RAJASTHAN,2023-04,2024-09,13,16,1.23
N24001460,CONSTRUCTION OF 4 LANE ELEVATED VIADUCT AT KM. 7.500 MUNSHI PULIA OF NH-24A (MoRTH ),"[N24000967],MoRTH,ANDHRA PRADESH",MoRTH,UTTAR,2023-04,2024-09,13,16,1.23
N24001572,"DELHI-VADODARA GREENFIELD ALIGNMENT (NH-148N) (PKG-16) (CH. 427.300 TO CH.452.420) [MAJOR BRIDGE OVE NHAI,RAJASTHAN",PRADESH,NHAI,RAJASTHAN,2023-05,2024-09,13,16,1.23
N28000118,"CONSTRUCTION OF ATAL AKSHAY URJA BHAWAN CGO COMPLEX LODHI ROAD NEW DELHI CPWD R ENERGY,DELHI",Cpwd For Renewable Energy,"CPWD R
ENERGY",DELHI,2022-06,2024-06,13,16,1.23
N06000173,SRP OC-II EXPANSION PROJECT 65 Coal Production ach,Singareni Colliers Company Limitted,SCCL,TELANGANA,2022-06,2024-06,13,15,1.15
N16000289,"CITY GAS DISTRIBUTION (CGD) NETWORK BHUBANESHWAR GAIL,ODISHA",Gas Authority Of India Limited,GAIL,ODISHA,2022-06,2024-06,13,15,1.15
N16000327,"CITY GAS DISTRIBUTION (CGD) NETWORK PATNA GAIL,BIHAR",Gas Authority Of India Limited,GAIL,BIHAR,2022-06,2024-06,13,15,1.15
N16000389,"CITY GAS DISTRIBUTION, JAMSHEDPUR 30 ¿ Laying of s",Gas Authority Of India Limited,GAIL,JHARKHAND,2022-06,2024-06,13,15,1.15
N16000406,RUF PITCH LOADING GANTRY 44 Equipment erection – 3,Hindustan Petroleum Corporation Limited,HPCL,ANDHRA PRADESH,2022-06,2024-06,13,15,1.15
N16000415,"CGD PROJECT AT AURANGABAD, KAIMUR AND ROHTAS DISTRICTS IOCL,BIHAR",Indian Oil Corporation Limited,IOCL,BIHAR,2022-06,2024-06,13,15,1.15
N16000417,CGD PROJECT AT REWA DISTRICT 84 The project involv,Indian Oil Corporation Limited,IOCL,MADHYA PRADESH,2022-06,2024-06,13,15,1.15
N16000421,"CGD PROJECT AT ARARIA, PURNIA, KATIHAR AND KISHANGANJ DISTRICTS IOCL,BIHAR",Indian Oil Corporation Limited,IOCL,BIHAR,2022-06,2024-06,13,15,1.15
N16000422,"CGD PROJECT AT ARWAL, JEHANABAD, BHOJPUR AND BUXAR DISTRICTS IOCL,BIHAR",Indian Oil Corporation Limited,IOCL,BIHAR,2022-06,2024-06,13,15,1.15
N16000424,"CGD PROJECT AT LAKHISARAI, MUNGER AND BHAGALPUR DISTRICTS IOCL,BIHAR",Indian Oil Corporation Limited,IOCL,BIHAR,2022-06,2024-06,13,15,1.15
N16000427,"CGD PROJECT AT SHEIKHPURA, JAMUI AND DEOGHAR DISTRICTS IOCL,MULTI STATE",Indian Oil Corporation Limited,IOCL,MULTI STATE,2022-06,2024-06,13,15,1.15
N22000278,"SHIMOGA-HARIHAR NL 214 ""1)As per the Railway Board",South Western Railway,SWR,KARNATAKA,2022-06,2024-06,13,15,1.15
N22000301,"MONIGRAM- NIMTITA 76 ""Section: Boinchi ¿ Rasulpur",Eastern Railways,ER,MULTI STATE,2022-06,2024-06,13,15,1.15
N22000405,MAU-GHAZIPUR-TARIGHAT NEW LINE 173 Work assigned t,Rail Vikas Nigam Ltd.,RVNL,UTTAR PRADESH,2022-06,2024-06,13,15,1.15
N22000435,"VIRAR SURAT ROAD OVER BRIDGE IN LIEU OF LEVEL CROSSING NOS 42 46A 48 52 55 102 106 108 130 AND 137 A WR,MAHARASHTRA",Western Railway,WR,MAHARASHTRA,2022-06,2024-06,13,15,1.15
N22000436,"VIRAR SURAT ROAD OVER BRIDGE IN LIEU OF LEVEL CROSSING NOS 60 64 66 68 69 71 74 75 77 81 AND 82 ALON WR,GUJARAT",Western Railway,WR,GUJARAT,2022-06,2024-06,13,15,1.15
N22000449,"MANIYACHI - NAGERCOIL (102 KM) DOUBLING RVNL,TAMIL NADU",Rail Vikas Nigam Ltd.,RVNL,TAMIL NADU,2022-06,2024-06,13,15,1.15
N24000883,"DEVELOPMENT OF 4-LANING SECTION OF NH-31 FROM KM 551.36 (GHOSHPUKUR) TO KM 563.26 (BIHAR MORE, BAGDO MoRTH,WEST BENGAL","[N24001289],MoRTH,ARUNACHAL PRADESH",MoRTH,WEST BENGAL,2022-06,2024-06,13,15,1.15
N24000933,"CONSTRUCTION OF 4-LANE BYPASS TO VIJAYANAGARAM TOWN ON NH43 (NEW NH26) FROM 537/6 TO 552/0 (RAIPUR-V MoRTH,ANDHRA PRADESH","[N24001289],MoRTH,ARUNACHAL PRADESH",MoRTH,ANDHRA PRADESH,2022-06,2024-06,13,15,1.15
N24000940,"REHABILITATION AND UPGRADATION OF KARNATATKA/AP BORDER-GOOTY SECTION FROM KM 368.920 TO KM 424.225 O MoRTH,ANDHRA PRADESH","[N24000967],MoRTH,ANDHRA PRADESH",MoRTH,ANDHRA PRADESH,2022-06,2024-06,13,15,1.15
N24001004,PATRADEVI TO KARASWADA 4L 182 Physical progress fo,"[N24001289],MoRTH,ARUNACHAL PRADESH",MoRTH,GOA,2022-06,2024-06,13,15,1.15
N24001005,KARASWADA TO BAMBOLIM 145 Physical progress for th,"[N24001289],MoRTH,ARUNACHAL PRADESH",MoRTH,GOA,2022-06,2024-06,13,15,1.15
N24001224,"REHABILITATION AND UPGRADATION OF NH 78 FROM KM 531.250 TO KM 597.946 KUNKURI TO CG JH BORDER SECTIO MoRTH,CHHATTISGA RH","[N24001289],MoRTH,ARUNACHAL PRADESH",MoRTH,CHHATISGARH,2022-06,2024-06,13,15,1.15
N24001242,"REHABILATION AND UPGRADATION TO 2 LANE WITH PAVED SHPULDERS CONFIGURATION OF BEAWAR- ASIND SECTION (K MoRTH,RAJASTHAN","[N24001289],MoRTH,ARUNACHAL PRADESH",MoRTH,RAJASTHAN,2022-06,2024-06,13,15,1.15
N24001265,"REHABILITATION AND UPGRADATION OF ROAD FROM DESIGN KM 0.00 TO KM 11.800 OF KAILASHAHAR-KURTI BRIDGE NHIDCL,TRIPURA","[N24000967],MoRTH,ANDHRA PRADESH",NHIDCL,TRIPURA,2022-06,2024-06,13,15,1.15
N24001385,"WIDENING AND STRENGTHENING TO TWO LANE WITH PAVED SHOULDERS FROM KM 491/000 TO KM 525/200 OF RAIPUR MoRTH,ANDHRA PRADESH","[N24001289],MoRTH,ARUNACHAL PRADESH",MoRTH,ANDHRA PRADESH,2022-06,2024-06,13,15,1.15
N24001410,"4L+PS OF BEAWAR-ASIND SECTION (KM 30.00 TO KM 74.00) OF NH-158 (GNHCP) WORLD BANK. PKG-II MoRTH,RAJASTHAN","[N24001289],MoRTH,ARUNACHAL PRADESH",MoRTH,RAJASTHAN,2022-06,2024-06,13,15,1.15
N06000106,"NORTH TISRA AND SOUTH TISRA EXPANSION OCP (6MTY) BCCL,JHARKHAND",Bharat Coking Coal Limited,BCCL,JHARKHAND,2022-06,2024-06,13,14,1.08
N16000374,"Setting up of Integated 2G and 1G Bio-Ethanol Refinery at Bargarh, Odisha BPCL,ODISHA",Bharat Petroleum Corporation Limited,BPCL,ODISHA,2022-06,2024-06,13,14,1.08
N24000630,"4-LANNING OF KODEBAD- DHAMTARI SECTION OF NH-43 (FROM KM. 43.400 TO KM. 82.209) IN THE STATE OF CHHAT NHAI,MAHARASHTR A","[N24001719],NHAI,TAMIL NADU",NHAI,MAHARASHTRA,2022-06,2024-06,13,14,1.08
N24000934,"REHABILITATION AND UPGRADATION OF NH326A FROM KM 0/0 TO 41/979 (EXCLUDING KM 2/255 TO 3/372 AND KM 3 MoRTH,ANDHRA PRADESH","[N24001289],MoRTH,ARUNACHAL PRADESH",MoRTH,ANDHRA PRADESH,2022-06,2024-06,13,14,1.08
N24001197,"UP GRADATION OF NEWLY DECLARED NH 341 TO TWO LANE WITH PAVED SHOULDER CONFIGURATION BETWEEN KM. 65.4 MoRTH,GUJARAT","[N24001289],MoRTH,ARUNACHAL PRADESH",MoRTH,GUJARAT,2022-06,2024-06,13,14,1.08
N24001231,"PACKAGE-21 CONSTRUCTION OF EIGHTLANE ACCESS- CONTROLLED EXPRESSWAY CARRIAGEWAY FROM KAMLIYA VILLAGE NHAI,MADHYA PRADESH","[N24000662],NHAI,PUNJAB",NHAI,MADHYA PRADESH,2022-06,2024-06,13,14,1.08
N16000510,POWER RECOVERY TURBINE IN PFCCU (NRL ),"[N16000400],IOCL,GUJARAT",NRL,ASSAM,2024-01,2025-03,12,30,2.5
N16000511,DCU REVAMP PROJECT (NRL ),"[N16000400],IOCL,GUJARAT",NRL,ASSAM,2024-01,2025-03,12,30,2.5
N24001969,WIDENING AND UPGRADATION TO TWO LANES WITH PAVED SHOULDERS ROAD FROM TAMENGLONG TO MAHUR (NH- 137) I (NHIDCL ),PRADESH,NHIDCL,ASSAM,2024-01,2025-03,12,30,2.5
N24001970,WIDENING AND UPGRADATION TO TWO LANES WITH PAVED SHOULDERS ROAD FROM TAMENGLONG TO MAHUR (NH- 137) IN (NHIDCL ),"[N24001297],MoRTH,ARUNACHAL PRADESH",NHIDCL,ASSAM,2024-01,2025-03,12,30,2.5
N24001971,WIDENING AND UPGRADATION TO TWO LANES WITH PAVED SHOULDERS ROAD FROM TAMENGLONG TO MAHUR (NH- 137) IN (NHIDCL ),"[N24001297],MoRTH,ARUNACHAL PRADESH",NHIDCL,ASSAM,2024-01,2025-03,12,30,2.5
N24001972,WIDENING/IMPROVEMENT TO 4- LANE WITH PAVED SHOULDER FROM KM 0+800 (KANDULIJAN GAON) TO KM 27+701 (SI (NHIDCL ),PRADESH,NHIDCL,ASSAM,2024-01,2025-03,12,30,2.5
N24001973,WIDENING/IMPROVEMENT TO 4- LANE WITH PAVED SHOULDER FROM KM 27+701 (SIMEN CHAPORI) TO KM 55+000 (NAG (NHIDCL ),"[N24001297],MoRTH,ARUNACHAL PRADESH",NHIDCL,ASSAM,2024-01,2025-03,12,30,2.5
N24001975,UP-GRADATION TO 2- LANE WITH PAVED SHOULDERS OF NGOPA - PAWLRANG SECTION OF NH 102B OF AIZAWL - IMPHA (NHIDCL ),PRADESH,NHIDCL,MIZORAM,2024-01,2025-03,12,30,2.5
N24001976,WIDENING TO 2 LANE WITH HARD SHOULDER OF AKEGWO- AVANGKHU SECTION OF NH- 202K FOR PACKAGE-I (DESIGN CH (NHIDCL ),"[N24001297],MoRTH,ARUNACHAL PRADESH",NHIDCL,NAGALAND,2024-01,2025-03,12,30,2.5
N24001977,WIDENING TO 2 LANE WITH HARD SHOULDER OF AKEGWO- AVANGKHU SECTION OF NH- 202K FOR PACKAGE-II (DESIGN C (NHIDCL ),"[N24000765],NHIDCL,NAGALAND",NHIDCL,NAGALAND,2024-01,2025-03,12,30,2.5
N24002021,BILASIPURA- GUWAHATI ROAD PKG- 8 (NHIDCL ),"[N24001262],NHIDCL,SIKKIM",NHIDCL,ASSAM,2024-01,2025-03,12,30,2.5
N24002022,BILASIPURA- GUWAHATI ROAD PKG- 9 (NHIDCL ),"[N24000765],NHIDCL,NAGALAND",NHIDCL,ASSAM,2024-01,2025-03,12,30,2.5
N24002024,DABOKA BYPASS OF DABOKA - PAROKHAOWA PKG -1 (NHIDCL ),"[N24001297],MoRTH,ARUNACHAL PRADESH",NHIDCL,ASSAM,2024-01,2025-03,12,30,2.5
N24002025,2 LANE WITH PAVED SHOULDER FROM KM 16+900 (BOGAPANI) TO KM 27+150 (GOLAI GAON) ON EXISTING DIBRUGARH (NHIDCL ),"[N24001297],MoRTH,ARUNACHAL PRADESH",NHIDCL,ASSAM,2024-01,2025-03,12,30,2.5
N24002026,2 LANE WITH PAVED SHOULDER FROM KM 27+150 (GOLAI GAON) TO KM 47+682 (LEDO) ON EXISTING DIBRUGARH TO (NHIDCL ),"[N24001262],NHIDCL,SIKKIM",NHIDCL,ASSAM,2024-01,2025-03,12,30,2.5
N24002027,KEIFANG - TUVAI PKG- 3 (NHIDCL ),"[N24001262],NHIDCL,SIKKIM",NHIDCL,MIZORAM,2024-01,2025-03,12,30,2.5
N24002028,LMPHAL TO JIRIBAM PKG-7 (NHIDCL ),PRADESH,NHIDCL,MANIPUR,2024-01,2025-03,12,30,2.5
N24002030,"DEVELOPMENT OF EXTERNAL TRUNK CONNECTIVITY AND INTERNAL INFRASTRUCTURE WORKS AT MULTI MODEL LOGISTIC NHIDCL,ASSAM",PRADESH,NHIDCL,ASSAM,2024-01,2025-03,12,30,2.5
N24001978,WIDENING TO 2 LANE WITH HARD SHOULDER OF AKEGWO- AVANGKHU SECTION OF NH- 202K FOR PACKAGE-III (DESIGN (NHIDCL ),"[N24000765],NHIDCL,NAGALAND",NHIDCL,NAGALAND,2024-01,2025-03,12,29,2.42
N24002023,BILASIPURA- GUWAHATI ROAD PKG- 10 (NHIDCL ),"[N24001262],NHIDCL,SIKKIM",NHIDCL,ASSAM,2024-01,2025-03,12,29,2.42
N24000944,"CONSTRUCTION OF 2 LANING OF EXISTING HUNLI-ANINI ROAD ON EPC BASIS FROM DESIGN KM 106.200 TO KM 120. NHIDCL,ARUNACHAL PRADESH","[N24000967],MoRTH,ANDHRA PRADESH",NHIDCL,ARUNACHAL,2023-04,2024-09,12,19,1.58
N16000513,"RAJASTHAN REFINERY PROJECT HPCLRRL(JV),RAJASTHAN",PETROLEUM,HPCLRRL(JV),RAJASTHA,2024-01,2025-03,12,18,1.5
N22000347,"ROSA-SITAPUR CANTT- BURHWAL DOUBLING NER,UTTAR PRADESH",North Eastern Railway,NER,UTTAR PRADESH,2023-04,2024-06,12,18,1.5
N22000404,"LUCKNOW- PILIBHIT VIA SITAPUR, LAKHIMPUR GC RVNL,UTTAR PRADESH",Rail Vikas Nigam Ltd.,RVNL,UTTAR PRADESH,2023-04,2024-06,12,18,1.5
N22000628,"EAST WEST METRO CORRIDOR KOLKATA KOMRCL,WEST BENGAL",RAILWAYS,KOMRCL,WEST,2024-01,2025-03,12,18,1.5
N24001992,"BALANCE WORKS OF 4-LANNING OF RAMPUR- KATHGODAM SECTION OF NH-87 (NEW NH NO. 09) FROM KM. 0.000 (KM 1 NHAI,UTTAR PRADESH","[N24000765],NHIDCL,NAGALAND",NHAI,UTTAR PRADESH,2024-01,2025-03,12,18,1.5
N04000104,UDAIPUR AIRPORT- CONSTRUCTION OF NEW INTEGRATED PASSENGER TERMINAL BUILDING (AAI ),CIVIL AVIATION,AAI,RAJASTHAN,2024-01,2025-03,12,17,1.42
N06000270,NLC TALABIRA THERMAL POWER PROJECT (PHASE-1: 3 X 800 MW) (NLC ),COAL,NLC,ODISHA,2024-01,2025-03,12,17,1.42
N12000130,"CONSTRUCTION OF RESIDENTIAL TOWERS AT BIOM KIRANDUL COMPLEX NMDC,CHHATTISGARH",STEEL,NMDC,CHHATTISGARH,2024-01,2025-03,12,17,1.42
N16000507,INSTALLATION OF INDEPENDENT DE- AROMATIZED SOLVENTS PRODUCTION FACILITIES AT MUMBAI REFINERY (BPCL ),PETROLEUM,BPCL,MAHARASHTRA,2024-01,2025-03,12,17,1.42
N16000508,REPLACEMENT AND EXTENSION OF JETTY PIPELINES AT KOCHI REFINERY (BPCL ),PETROLEUM,BPCL,KERALA,2024-01,2025-03,12,17,1.42
N16000509,POWER SYSTEM UPGRADATION PROJECT (MANGALORE REFIN ),"[N16000400],IOCL,GUJARAT","MANGALORE
REFIN",KARNATAKA,2024-01,2025-03,12,17,1.42
N16000512,SETTING UP OF PETROCHEMICAL EVACUATION MARKETING TERMINAL (PEMT) AT BARMER (HPCL ),PETROLEUM,HPCL,RAJASTHAN,2024-01,2025-03,12,17,1.42
N16000514,"REVAMPING OF SV STATIONS, GAS TERMINAL AND KRIBHCO TERMINAL (ONGC )","[N16000400],IOCL,GUJARAT",ONGC,GUJARAT,2024-01,2025-03,12,17,1.42
N21000032,"ALL INDIA INSTITUTE OF MEDICAL SCIENCES AT MANETHI, HARYANA. HITES,HARYANA","[N28000127],CPWD FOR HEALTH,HIMACHAL PRADESH",HITES,HARYANA,2024-01,2025-03,12,17,1.42
N22000627,"MUMBAI URBAN TRANSPORT PROJECT IIIA MRVC,MAHARASHTRA",RAILWAYS,MRVC,MAHARASHTRA,2024-01,2025-03,12,17,1.42
N22000629,NAGPUR- NAGBHIR RAILWAY LINE GAUGE CONVERSION PROJECT (MRIDC ),RAILWAYS,MRIDC,MAHARASHTRA,2024-01,2025-03,12,17,1.42
N24000701,JUNAGADH BYPASS 742 Cumulative Physical Progress a,"[N24001691],NHAI,KARNATAKA",NHAI,GUJARAT,2022-06,2024-06,12,17,1.42
N24000922,"DEVELOPMENT OF CHILODA GANDHINAGAR SARKHEJ OF NH 147 OLD NH 8C FROM KM 0/0 TO KM 44/042 IN THE STATE MoRTH,GUJARAT",Ministry Of Road Transport And Highways (State Pwds),MoRTH,GUJARAT,2023-04,2024-06,12,17,1.42
N24000926,"CONSTRUCTION OF SIGNATURE BRIDGE BETWEEN DWARKA AND BEY DWARKA AND ITS APPROACHES IN THE STATE OF GU MoRTH,GUJARAT",Ministry Of Road Transport And Highways (State Pwds),MoRTH,GUJARAT,2022-06,2024-06,12,17,1.42
N24001151,"BALANCE WORK FOR REHABILITATION AND UPGRADATION OF SATNA-BELA SECTION OF NH-75 FROM KM. 155.0 TO KM. MoRTH,MADHYA PRADESH","[N24001289],MoRTH,ARUNACHAL PRADESH",MoRTH,MADHYA,2023-04,2024-06,12,17,1.42
N24001829,FOUR LANING OF OTTANCHATRAM TO PALANI SECTION FROM KM 30/700 TO KM 55/000 OF NH 209(NEW NH- 83) INCLU (MoRTH ),PRADESH,MoRTH,TAMIL NADU,2023-05,2025-03,12,17,1.42
N24001875,WIDENING AND STRENTHENING FROM KM 70.15 TO KM 121.025 OF NH- 80 (MoRTH ),"[N24001222],MoRTH,CHHATTISGARH",MoRTH,BIHAR,2023-09,2025-03,12,17,1.42
N24001896,"UPGRADATIOBN AND REHABILITATION OF SECTION OF NH 361 F FROM PARLI (00/000) TO GANGAKHED (30/400) TO MoRTH,MAHARASHT RA",Costing Rs. 150 Crore and above (November 2023),MoRTH,MAHARASHTRA,2023-11,2025-03,12,17,1.42
N24001915,IMPROVEMENT/CONST RUCTION OF EXISTING CLASS-5 ROAD TO NH INTERMEDIATE LANE SPECIFICATION WITH HARD SH (BRO ),Border Road Organisation,BRO,HIMACHAL,2023-10,2025-03,12,17,1.42
N24001919,"UP GRADATION OF NH 130C ABHANPUR TO PAUND FROM NK KM 0.000 TO KM. 40.380 TO TWO LANE WITH PAVED SHOU MoRTH,CHHATTISGARH","[N24000988],MoRTH,TELANGANA",MoRTH,CHHATTISGARH,2023-10,2025-03,12,17,1.42
N24001921,2- LANE WITH PAVED SHOULDERS OF HINOTIYA TO MEHULWA FROM DESIGN KM 27+000 9OF EXISTING SH- 19 KM 26+5 (NHAI ),"[N24000765],NHIDCL,NAGALAND",NHAI,MADHYA,2024-01,2025-03,12,17,1.42
N24001956,"2LPS FROM GONDIGUDA TO ARAKU BHALLAGUDA KM 27.480 TO KM 51.772 SECTION OF NH 516E MoRTH,ANDHRA PRADESH","[N24001386],MoRTH,ANDHRA PRADESH",MoRTH,ANDHRA,2023-10,2025-03,12,17,1.42
N24001962,"CONSTRUCTION OF MIHONA BYPASS, LAHAR BYPASS, DABOH BYPASS and BHANDER BYPASS (TOTAL LENGTH 20.60 KM) (MoRTH )","[N24002013],MoRTH,KARNATAKA",MoRTH,MADHYA,2024-01,2025-03,12,17,1.42
N24001963,UPGRADATION OF NASRULLAGANI- REHTI-BUDHNI SCCTION TO 2- LANE WITH PAVED SHOULDER FROM KM 0+150 TO KM (MoRTH ),"[N24001464],MoRTH,UTTAR PRADESH",MoRTH,MADHYA,2024-01,2025-03,12,17,1.42
N24001967,4L GREENFIELD RUDHI TO DESHGAON (PKG V OF BETUL- KHANDWA/DESHGAON ) - N/04015/06003/MP (NHAI ),"[N24001418],NHAI,PUNJAB",NHAI,MADHYA,2024-01,2025-03,12,17,1.42
N24001968,CONSTRUCTION OF STRR (WEST SIDE)- NH948A- BALAGONDAPALLI (TAMIL NADU) TO KARNATAKA/TAMIL NADU BORDER F (NHAI ),"[N24000835],NHAI,HARYANA",NHAI,TAMIL NADU,2024-01,2025-03,12,17,1.42
N24001979,4L GREENFIELD ROAD CONNECTING NORTH AND SOUTH INDUSTRIAL CLUSTER OF KHANDALERU CREEK NEAR KRISHNAPAT (NHAI ),"[N24001418],NHAI,PUNJAB",NHAI,ANDHRA PRADESH,2024-01,2025-03,12,17,1.42
N24001980,4 LANING OF NH 544D FROM EXISTING KM 346.300 OF NH 44 (DESIGN CHAINAGE KM 0.000) TO KM 39.380 (DESIG (NHAI ),"[N24001418],NHAI,PUNJAB",NHAI,ANDHRA PRADESH,2024-01,2025-03,12,17,1.42
N24001986,4L OF PILERU TO KALUR SECTION FROM KM 55.900 TO KM 92.800 AND KM 94.500 TO KM 95.717 (NHAI ),"[N24001418],NHAI,PUNJAB",NHAI,ANDHRA PRADESH,2024-01,2025-03,12,17,1.42
N24001987,"CONSTRUCTION OF 1 NOS ROB, 2 NOS VUPS, SERVICE ROADS, PROVISION OF LIGHTING AND CONSTRUCTION OF OTHE (NHAI )","[N24001418],NHAI,PUNJAB",NHAI,ANDHRA PRADESH,2024-01,2025-03,12,17,1.42
N24001989,FOUR LANING OF LEFT OVER WORKS OF HOSPET BELLARY KARNATAKA/ AP BORDER FROM KM.280.080 TO KM. 375.450 (NHAI ),"[N24001418],NHAI,PUNJAB",NHAI,KARNATAKA,2024-01,2025-03,12,17,1.42
N24001990,4L POANTA SAHEB?MEDNIPUR FROM KM. 435.65 TO KM. 458.65 OF NH- 07(PKG-1) (NHAI ),"[N24001418],NHAI,PUNJAB",NHAI,UTTARAKHAND,2024-01,2025-03,12,17,1.42
N24001991,ACCESS ROAD/BRIDGE CONNECTIVITY FROM NH-09 AT KM.40 NEAR JAGBUDA BRIDGE (INDIA) TO BOUNDARY PILLAR (NHAI ),"[N24001418],NHAI,PUNJAB",NHAI,UTTARAKHAND,2024-01,2025-03,12,17,1.42
N24001993,DEVELOPMENT OF 6 LANE ACCESS CONTROLLED GREENFIELD HIGHWAY FROM KM. 97.000 TO KM. 162.500 MARADGI S (NHAI ),"[N24001418],NHAI,PUNJAB",NHAI,KARNATAKA,2024-01,2025-03,12,17,1.42
N24001996,CONSTRUCTION OF TWO LANE WITH PAVED SHOULDER HIGHWAY FROM DESIGN CH.0.000 TO CH.49.2OO OF NH- 731B ON (MoRTH ),"[N24001297],MoRTH,ARUNACHAL PRADESH",MoRTH,UTTAR,2024-01,2025-03,12,17,1.42
N24001997,CONSTRUCTION OF SHOHRATGARH BYPASS ON NH- 730 UNDER EPC MODE IN THE STATE OF UTTAR PRADESH (MoRTH ),"[N24001464],MoRTH,UTTAR PRADESH",MoRTH,UTTAR,2024-01,2025-03,12,17,1.42
N24001998,"CONSTRUCTION OF 4 LANE WITH PAVED SHOULDER FROM (DESIGN CH. 14+200 TO 24+400), (DESIGN CH. 35+300 TO (BRO )",ROAD TRANSPORT AND HIGHWAYS,BRO,JAMMU,2024-01,2025-03,12,17,1.42
N24001999,CONSTRUCTION OF REALIGNMENT BETWEEN PANDRASS- PASHKYUN (TOTAL LENGTH 27.10 KM) ON ROAD ZOZILA- KARGIL (BRO ),ROAD TRANSPORT AND HIGHWAYS,BRO,LADAKH,2024-01,2025-03,12,17,1.42
N24002000,WIDENING AND STRENGTHENING OF EXISTING 2 LANE WITH PAVED SHOULDER TO 4 LANE WITH PAVED SHOULDER FRO (MoRTH ),"[N24001297],MoRTH,ARUNACHAL PRADESH",MoRTH,TELANGANA,2024-01,2025-03,12,17,1.42
N24002002,WIDENING AND IMPROVEMENT OF EXISTING CARRIAGE WAY TO 2 LANE WITH PAVED SHOULDERS FROM KM. 86/160 TO (MoRTH ),"[N24001464],MoRTH,UTTAR PRADESH",MoRTH,TELANGANA,2024-01,2025-03,12,17,1.42
N24002003,REHABILITATION AND UP- GRADATION OF VALIGONDA TO THORRUR SECTION TO TWO LANE WITH PAVED SHOULDERS FRO (MoRTH ),"[N24001464],MoRTH,UTTAR PRADESH",MoRTH,TELANGANA,2024-01,2025-03,12,17,1.42
N24002007,WIDENING TO TWO LANE WITH PAVED SHOULDERS FROM KM 0/000 TO KM 79/300 OF KALWAKURTHY - KOLLAPUR SECTI (MoRTH ),"[N24001464],MoRTH,UTTAR PRADESH",MoRTH,TELANGANA,2024-01,2025-03,12,17,1.42
N24002009,WIDENING AND STRENGTHENING TO 2/4 LANE WITH PAVED SHOULDERS OF MAHABUBNAGAR ? CHINCHOLI SECTION FROM (MoRTH ),"[N24001919],MoRTH,CHHATTISGARH",MoRTH,TELANGANA,2024-01,2025-03,12,17,1.42
N24002010,WIDENING AND STRENGTHENING TO 4 LANE / 2-LANE WITH PAVED SHOULDERS OF MAHABUBNAGAR- CHINCHOLI SECTION (MoRTH ),"[N24002013],MoRTH,KARNATAKA",MoRTH,TELANGANA,2024-01,2025-03,12,17,1.42
N24002012,WIDENING TO TWO LANE WITH PAVED SHOULDERS FROM KM 40.00 TO KM 75.00 (EXISTING CHAINAGES) OF MANGALOR (MoRTH ),"[N24001464],MoRTH,UTTAR PRADESH",MoRTH,KARNATAKA,2024-01,2025-03,12,17,1.42
N24002014,"UPGRADATION AND STRENGTHENING TO 2 LANE PS FROM KM 95/500 TO KM 129/775 OF NH 168 G IDAR BHILODA SA MoRTH,GUJARAT","[N24002013],MoRTH,KARNATAKA",MoRTH,GUJARAT,2024-01,2025-03,12,17,1.42
N24002015,IMPROVEMENT AND UPGRADATION TO TWO LANE WITH PAVED SHOULDER CONFIGURATION FROM EXISTING KM 90.00 TO (MoRTH ),"[N24001297],MoRTH,ARUNACHAL PRADESH",MoRTH,UTTAR,2024-01,2025-03,12,17,1.42
N24002017,DEVELOPMENT OF SIX LANE BASANWAHI- MARANGPURI OF NH 130 CD FROM KM.99+500 TO 124+661 UNDER RAIPUR VIS (NHAI ),"[N24000827],NHAI,TAMIL NADU",NHAI,CHHATTISGARH,2024-01,2025-03,12,17,1.42
N24002019,UPGRADATION OF DINDORI-SAGARTOLA- KABICHABUTRA (MP- CG BORDER) SECTION OF NH -45 FROM KM 0+00(DESIGN) (MoRTH ),"[N24001464],MoRTH,UTTAR PRADESH",MoRTH,MADHYA,2024-01,2025-03,12,17,1.42
N24002020,"CONSTRUCTION OF KAITHI- PADARIA KALA BYPASS, PATNA- TAMOLI BYPASS, JASO BYPASS , NAGOD BYPASS (TOTAL L (MoRTH )","[N24001464],MoRTH,UTTAR PRADESH",MoRTH,MADHYA,2024-01,2025-03,12,17,1.42
N24002029,WIDENING TO FOUR LANE WITH PAVED SHOULDER FROM DESIGN KM.49.200 TO KM.89.285 OF NH- 731B ON EPC MODE (MoRTH ),"[N24001464],MoRTH,UTTAR PRADESH",MoRTH,UTTAR,2024-01,2025-03,12,17,1.42
N28000156,"REDEVELOPMENT OF GPRA AT NETAJI NAGAR NEW DELHI PACKAGE 2 NBCC,DELHI",URBAN DEVELOPMENT,NBCC,DELHI,2024-01,2025-03,12,17,1.42
N12000131,"REPLACEMENT OF CONVERTER VESSELS, TRUNNION RINGS, SUPPORT SYSTEM AND INSTALLATION OF SECONDARY EMISS (SAIL )",STEEL,SAIL,CHHATTISGARH,2024-01,2025-03,12,16,1.33
N16000381,"LPG BP PROJECT CHITTOOR 104 ""LSTK Tender awarded t",Indian Oil Corporation Limited,IOCL,ANDHRA PRADESH,2022-06,2024-03,12,16,1.33
N16000515,PART REPLACEMENT PIPELINE PROJECT (PRPP) (ONGC ),"[N16000400],IOCL,GUJARAT",ONGC,MAHARASHTRA,2024-01,2025-03,12,16,1.33
N18000373,"TS FOR EVACUATION OF POWER FROM REZ IN RAJASTHAN (20GW) UNDER PHASE- III, PART E1 (PGCIL )",Power Grid Corporation Of India Limited,PGCIL,RAJASTHAN,2023-10,2025-03,12,16,1.33
N24000493,"FOUR LANING OF SULTANPUR TO VARANASI (PKG-I) NHAI,UTTAR PRADESH",KASHMIR,NHAI,UTTAR PRADESH,2022-06,2024-03,12,16,1.33
N24001267,"REHABILITATION AND UP-GRADATION OF ROAD FROM DESIGN KM 11.800 TO KM 25.250 OF KAILASHAHAR-KURTI BRID NHIDCL,TRIPURA","[N24000678],NHIDCL,ARUNACHAL PRADESH",NHIDCL,TRIPURA,2022-06,2024-06,12,16,1.33
N24001376,WIDENING OF EXISTING ROAD TO 2 LANE WITH PAVED SHOULDER FROM HUKANJURI TO KHONSA SECTION OF NH- 315A (MoRTH ),"[N24001289],MoRTH,ARUNACHAL PRADESH",MoRTH,ARUNACHAL PRADESH,2022-06,2024-09,12,16,1.33
N24001925,WIDENING AND STRENGTHENING/RECONSTRUC TION TO TWO LANE WITH PAVED SHOULDER/ TWO LANE WITH PAVED SHOUL (MoRTH ),"[N24001386],MoRTH,ANDHRA PRADESH",MoRTH,JHARKHAND,2023-10,2025-03,12,16,1.33
N24001933,MULAKALACHERUVU TO MADANAPALLE SECTION OF NH42 FROM KM 202.050 TO KM 245.640 EXCLUDING RETAINED STRE (MoRTH ),"[N24000988],MoRTH,TELANGANA",MoRTH,ANDHRA,2023-10,2025-03,12,16,1.33
N24001965,"REHABILITATION AND UPGRADATION OF KURWAI?MUNGAOLI?C HANDERI ROAD SECTION OF NH-346, FROM DESIGN CHAIN (MoRTH )","[N24002013],MoRTH,KARNATAKA",MoRTH,MADHYA,2024-01,2025-03,12,16,1.33
N24001982,4L PS FROM KURNOOL (EXISTING KM. 5.400 OF NH- 40/DESIGN KM.0.000) TO MANDLEM (EXISTING KM.38.000/DESI (NHAI ),"[N24001418],NHAI,PUNJAB",NHAI,ANDHRA PRADESH,2024-01,2025-03,12,16,1.33
N24001984,4L PS FROM MANDLEM (EXISTING KM. 38.000/DESIGN KM.30.600) TO ATMAKUR (EXISTING KM.73.000/DESIGN KM 6 (NHAI ),"[N24001418],NHAI,PUNJAB",NHAI,ANDHRA PRADESH,2024-01,2025-03,12,16,1.33
N24002004,REHABILITATION AND UPGRADATION OF LB- NAGAR TO MALKAPUR SECTION TO 6-LANE MAIN CARRIAGEWAY WITH SERVI (MoRTH ),"[N24001464],MoRTH,UTTAR PRADESH",MoRTH,TELANGANA,2024-01,2025-03,12,16,1.33
N24002011,BALANCE WORK OF CONSTRUCTION OF TWO/FOUR LANE WITH PAVED SHOULDER FROM KM 422.000 TO 523.600 ( CHITR (MoRTH ),"[N24002013],MoRTH,KARNATAKA",MoRTH,KARNATAKA,2024-01,2025-03,12,16,1.33
N06000207,"BATURA WEST OC PROJECT (0.80 MTY) SECL,MADHYA PRADESH",Singareni Colliers Company Limitted,SECL,MADHYA PRADESH,2022-06,2024-09,12,15,1.25
N12000126,UP GRADATION OF AUTOMATION SYSTEM OF HOT STRIP MILL AT BOKARO STEEL PLANT (SAIL ),Steel Authority Of India Limited (Sail),SAIL,JHARKHAND,2023-04,2024-09,12,15,1.25
N16000249,"KOYALI AHMEDNAGAR SOLAPUR PIPELINE IOCL,MAHARASHTRA",Indian Oil Corporation Limited,IOCL,MAHARASHTRA,2022-06,2024-03,12,15,1.25
N18000341,"POWERGRID NEEMUCH TRANSMISSION SYSTEM LIMITED PGCIL,MULTI STATE","[N18000331],PGCIL,MULTI STATE",PGCIL,MULTI STATE,2023-04,2024-09,12,15,1.25
N22000493,"INDORE-DEWAS-UJJAIN (80 KMS) 259 ""The Detailed Est",Western Railway,WR,MADHYA PRADESH,2022-06,2024-06,12,15,1.25
N22000534,MEHSANA-PALANPUR (65.1 KM) (WR ),Western Railway,WR,GUJARAT,2023-08,2024-12,12,15,1.25
N22000549,KALOL-KADI- KATOSAN ROAD (37.23 KM) (WR ),Western Railway,WR,GUJARAT,2023-08,2024-12,12,15,1.25
N22000578,BARABANKI AKBARPUR DOUBLING (NR ),Northern Railway,NR,UTTAR PRADESH,2023-08,2024-12,12,15,1.25
N22000582,JAUNPUR AKBARPUR (TANDA) DOUBLING (NR ),Northern Railway,NR,UTTAR PRADESH,2023-08,2024-12,12,15,1.25
N24000870,"UPGRADATION OF REWA-SIRMOUR ROAD TO 2L + PS MoRTH,MADHYA PRADESH","[N24001289],MoRTH,ARUNACHAL PRADESH",MoRTH,MADHYA,2023-04,2024-09,12,15,1.25
N24000939,"REHABILITATION AND UPGRADATION OF NEW NH-544E FROM KM. 0.000 TO KM 56.803 OF KODIKONDA - MADAKASIRA MoRTH,ANDHRA PRADESH","[N24001289],MoRTH,ARUNACHAL PRADESH",MoRTH,ANDHRA PRADESH,2022-06,2024-06,12,15,1.25
N24000967,"REHABILITATION AND UPGRADATION OF LOSARI-MACHAVARAM SECTION FROM KM34/230 TO KM84/550 OF NH214(NH216 MoRTH,ANDHRA PRADESH","[N24001467],MoRTH,NAGALAND",MoRTH,ANDHRA PRADESH,2022-06,2024-06,12,15,1.25
N24001347,"KARGIL-ZANSKR PACKAGE-7 NHIDCL,LADAKH","[N24000967],MoRTH,ANDHRA PRADESH",NHIDCL,LADAKH,2022-06,2024-06,12,15,1.25
N24001485,(N24001485 ) TUNNEL AT KHAMBATAKI GHAT SECTION AND ITS APPROACHES FROM EXISTING KM. 771.730 TO EXISTING KM. 782.0 (NHAI ),KASHMIR,NHAI,MAHARASHTRA,2023-04,2024-09,12,15,1.25
N24001531,UPGRADATION AND REHABILITATION TO TWO LANE WITH PAVED SHOULDER OF BARMER GHAGARIYA SECTION FROM KM 0 (MoRTH ),"[N24001289],MoRTH,ARUNACHAL PRADESH",MoRTH,RAJASTHAN,2023-04,2024-09,12,15,1.25
N16000283,LPG BP PROJECT KHORDHA 59 Works in full swing for,Indian Oil Corporation Limited,IOCL,ODISHA,2022-06,2024-03,12,14,1.17
N16000385,CITY GAS DISTRIBUTION PROJECT IN GEOGRAPHICAL AREA OF SONIPAT (EAAA) AND JIND DISTRICTS (HPCL ),Hindustan Petroleum Corporation Limited,HPCL,HARYANA,2022-06,2024-06,12,14,1.17
N16000416,"CGD PROJECT AT BOKARO, HAZARIBAGH AND RAMGARH DISTRICTS IOCL,JHARKHAND",Indian Oil Corporation Limited,IOCL,JHARKHAND,2022-06,2024-06,12,14,1.17
N16000418,CGD PROJECT AT COIMBATORE DISTRICT 83 The project,Indian Oil Corporation Limited,IOCL,TAMIL NADU,2022-06,2024-06,12,14,1.17
N16000420,"CGD PROJECT AT SRIKAKULAM, VISAKHAPATNAM AND VIZIANAGARAM DISTRICTS IOCL,ANDHRA PRADESH",Indian Oil Corporation Limited,IOCL,ANDHRA PRADESH,2022-06,2024-06,12,14,1.17
N18000313,"NORTH EASTERN REGION STRENGTHENING SCHEME - III PGCIL,MULTI STATE","[N18000331],PGCIL,MULTI STATE",PGCIL,MULTI STATE,2022-06,2024-03,12,14,1.17
N24000628,"4-LANNING OF TARSOD- FAGNE(FROM KM 422.700- 510.00) NHAI,MAHARASHTR A","[N24001625],NHAI,TELANGANA",NHAI,MAHARASHTRA,2022-06,2024-06,12,14,1.17
N24000692,"4-LANNING OF END OF PANDOH BYPASS TAKOLI IN H.P NHAI,HIMACHAL PRADESH","[N24000662],NHAI,PUNJAB",NHAI,HIMACHAL,2023-04,2024-06,12,14,1.17
N24000764,"CONSTRUCTION OF TWO LANE WITH HARD SHOULDERS OF MERANGKONG-TAMLU-MON ROAD FROM EXISTING KM 41.065 TO NHIDCL,NAGALAND","[N24000967],MoRTH,ANDHRA PRADESH",NHIDCL,NAGALAND,2022-06,2024-06,12,14,1.17
N24000968,"REHABILITATION AND UPGRADATION OF MACHILIPATNAM TO AVANIGADDA SECTION FROM KM84/550 - 124/200 OF NH2 MoRTH,ANDHRA PRADESH","[N24001289],MoRTH,ARUNACHAL PRADESH",MoRTH,ANDHRA PRADESH,2022-06,2024-06,12,14,1.17
N24001213,"CONSTRUCTION OF EIGHT LANE ACCESS CONTROLLED EXPRESSWAY CARRIAGEWAY FROM JODMI VILLAGE TO BANI VILLA NHAI,MADHYA PRADESH","[N24001719],NHAI,TAMIL NADU",NHAI,MADHYA,2023-04,2024-06,12,14,1.17
N24001233,"PACKAGE-23 CONSTRUCTION OF DELHI-VADODARA EIGHT LANE ACCESS- CONTROLLED EXPRESSWAY FROM BAWDI VILLAG NHAI,MADHYA PRADESH","[N24001719],NHAI,TAMIL NADU",NHAI,MADHYA PRADESH,2022-06,2024-06,12,14,1.17
N24001384,"REHABILITATION AND UP GRADATION OF NH-544E FROM KM 56/803 TO KM 99/179 OF MADAKASIRA TO SIRA SECTION MoRTH,ANDHRA PRADESH","[N24001289],MoRTH,ARUNACHAL PRADESH",MoRTH,ANDHRA,2023-04,2024-06,12,14,1.17
N24001695,"8L OF GUDUVANCHERY (KM 38.00) - MARAIMALAI NAGAR (KM 42.00) - SINGAPERUMAL KOIL (47.00) - CHETTIPU NHAI,TAMIL NADU","[N24001719],NHAI,TAMIL NADU",NHAI,TAMIL,2023-04,2024-06,12,14,1.17
N24001724,"BALANCE WORK OF 2L PS OF TINDIVANAM KRISHNAGIRI FROM KM 37.600 TO 219.782 NHAI,TAMIL NADU","[N24001560],NHAI,RAJASTHAN",NHAI,TAMIL NADU,2023-04,2024-06,12,14,1.17
N24001742,"4L OF SHAMLI TO MUZAFFARNAGAR SECTION OF NH-709AD, PKG-II NHAI,UTTAR PRADESH",KASHMIR,NHAI,UTTAR PRADESH,2023-04,2024-06,12,14,1.17
N28000075,CPWD OF HIGHER EDUCATION CONSTRUCTION OF MEGA HOSTEL II FOR NIT CALICUT KERALA 2,Cpwd Of Higher Education,"CPWD
EDUCATION",KERALA,2022-06,2024-06,12,14,1.17
N16000323,"INFRASTRUCTURE DEVELOPMENT TO FACILITATE BULK IMPORT OF GRID POWER AT 220 KV AT MATHURA REFINERY IOCL,UTTAR PRADESH",Indian Oil Corporation Limited,IOCL,UTTAR PRADESH,2022-06,2024-03,12,13,1.08
N16000351,"GRASS ROOT TERMINAL AT MALKAPUR 90 ""Procurement /t",Indian Oil Corporation Limited,IOCL,TELANGANA,2022-06,2024-03,12,13,1.08
N16000395,"INFRASTRUCTURE DEVELOPMENT FOR UTILIZATION OF NATURAL GAS AT PARADIP REFINERY IOCL,ODISHA",Indian Oil Corporation Limited,IOCL,ODISHA,2022-06,2024-03,12,13,1.08
N16000425,"CGD PROJECT AT MUZAFFARPUR, VAISHALI, SARAN AND SAMASTIPUR DISTRICTS IOCL,BIHAR",Indian Oil Corporation Limited,IOCL,BIHAR,2022-06,2024-06,12,13,1.08
N24000378,"BARELA-MANDLA SECTION OF NH-12A IN MADHYA PRADESH KM 22/8 TO KM 89/6 OF NH-12A MoRTH,MADHYA PRADESH","[N24000967],MoRTH,ANDHRA PRADESH",MoRTH,MADHYA PRADESH,2022-06,2024-12,12,13,1.08
N24000891,"UPGRADATION OF DABOH-UP BORDER ROAD TO 2L + PS MoRTH,MADHYA PRADESH","[N24001289],MoRTH,ARUNACHAL PRADESH",MoRTH,MADHYA PRADESH,2022-06,2024-03,12,13,1.08
N28000103,"RESIDENTIAL QUATERS FOR HAL,BANGLORE CPWD FOR DEFENC,KARNATAKA",Cpwd For Defence,"CPWD FOR
DEFENC",KARNATAKA,2022-06,2024-06,12,13,1.08
N24001974,CONSTRUCTION OF 2-LANING WITH HARD SHOULDER ROAD OF UKHRUL - TOLOI - TADUBI SECTION OF NH- 102A FROM (NHIDCL ),"[N24000763],NHIDCL,NAGALAND",NHIDCL,MANIPUR,2024-02,2025-03,11,29,2.64
N24002073,"GARHMUKTESHWAR (KM. 83.200 OF NH-24) TO MEERUT (KM. 9.860 OF NH-235) INCLUDING CONNECTOR TO NH-119 NHAI,UTTAR PRADESH","[N24002078],NHAI,ODISHA",NHAI,UTTAR,2024-02,2025-03,11,17,1.55
N24002117,"UPGRADATION OF DHORAJI JAMKANDORNA KALAVAD SECTION OF NH 927D FROM DESIGN CHAINAGE KM 00 TO KM 58.11 MoRTH,GUJARAT",PRADESH,MoRTH,GUJARAT,2024-02,2025-03,11,17,1.55
N24002118,"UPGRADATION TO TWO LANE WITH PAVED SHULDER CONFIGUARATION FROM KM 00 TO 47 OF NH 351 MAHUVA TO BADHA MoRTH,GUJARAT",ROAD TRANSPORT AND HIGHWAYS,MoRTH,GUJARAT,2024-02,2025-03,11,17,1.55
N04000105,BELAGAVI AIRPORT- EXPANSION OF TERMINAL BUILDING AND ASSOCIATED WORKS (AAI ),"[N04000102],AAI,UTTAR PRADESH",AAI,KARNATAKA,2024-02,2025-03,11,16,1.45
N04000106,KADAPPA AIRPORT- CONSTRUCTION OF NEW DOMESTIC TERMINAL BUILDING AND MISCELLANEOUS WORKS INCLUDING MA (AAI ),"[N04000102],AAI,UTTAR PRADESH",AAI,ANDHRA PRADESH,2024-02,2025-03,11,16,1.45
N04000107,JAMMU - CONSTRUCTION OF NEW CIVIL ENCLAVE (AAI ),"[N04000102],AAI,UTTAR PRADESH",AAI,JAMMU AND,2024-02,2025-03,11,16,1.45
N04000108,HUBBALI AIRPORT - CONSTRUCTION OF NEW DOMESTIC TERMINAL BUILDING AND MISCELLANEOUS WORKS (AAI ),CIVIL AVIATION,AAI,KARNATAKA,2024-02,2025-03,11,16,1.45
N04000109,"NSCBI AIRPORT KOLKATA: RE- CONSTRUCTION OF RIGID POSITIONS OF SECONDARY RUNWAY, 'K' AND 'A' TAXIWAY (AAI )","[N04000102],AAI,UTTAR PRADESH",AAI,WEST BENGAL,2024-02,2025-03,11,16,1.45
N06000269,NLCIL 300 MW SOLAR POWER PROJECT (PART OF 510 MW CPSU SCHEME) (NLC ),COAL,NLC,RAJASTHAN,2024-02,2025-03,11,16,1.45
N12000132,REBUILDING OF COKE OVEN BATTERY NO.4 OF DURGAPUR STEEL PLANT (SAIL ),STEEL,SAIL,WEST BENGAL,2024-02,2025-03,11,16,1.45
N12000133,REBUILDING OF COKE OVEN BATTERY NO.6 OF BOKARO STEEL PLANT (SAIL ),STEEL,SAIL,JHARKHAND,2024-02,2025-03,11,16,1.45
N12000134,REBUILDING OF COKE OVEN BATTERY NO.7 AND 8 OF BHILAI STEEL PLANT (SAIL ),STEEL,SAIL,CHHATTISGARH,2024-02,2025-03,11,16,1.45
N18000375,TS FOR EVACUATION POWER FROM REZ IN RAJASTHAN (20GW) UNDER PHASE-III PART C1 (PGCIL ),POWER,PGCIL,RAJASTHAN,2024-02,2025-03,11,16,1.45
N18000376,TS FOR EVACUATION POWER FROM REZ IN RAJASTHAN (20GW) UNDER PHASE-III PART B1 (PGCIL ),POWER,PGCIL,RAJASTHAN,2024-02,2025-03,11,16,1.45
N18000377,TS FOR EVACUATION OF 7GW RE INJECTION AT KHAVDA PS UNDER PHASE- IV PART E4 (PGCIL ),POWER,PGCIL,MAHARASHTRA,2024-02,2025-03,11,16,1.45
N18000378,TS FOR EVACUATION POWER FROM REZ IN RAJASTHAN (20GW) UNDER PHASE-III PART J (PGCIL ),POWER,PGCIL,RAJASTHAN,2024-02,2025-03,11,16,1.45
N18000379,TS FOR EVACUATION POWER FROM REZ IN RAJASTHAN (20GW) UNDER PHASE-III PART E2 (PGCIL ),POWER,PGCIL,RAJASTHAN,2024-02,2025-03,11,16,1.45
N22000213,"MULTI MODAL TRANSPORT SYSTEM(MMTS) PHASE- II HYDERABAD RVNL,TELANGANA",Rail Vikas Nigam Ltd.,RVNL,TELANGANA,2022-06,2024-06,11,16,1.45
N24001806,"CHAKUR LOHA SECTION OF NH- 361 FROM KM 114.600 TO KM 187.80 NHAI,MAHARASHTR A","[N24001762],NHAI,MADHYA PRADESH",NHAI,MAHARASHTRA,2023-05,2024-06,11,16,1.45
N24001981,(N24001981 ) 4L PS FROM KURNOOL (EXISTING KM. 5.400 OF NH- 40/DESIGN KM.0.000) TO MANDLEM (EXISTING KM.38.000/DESI (NHAI ),"[N24002078],NHAI,ODISHA",NHAI,ANDHRA PRADESH,2024-02,2025-03,11,16,1.45
N24002005,WIDENING TO TWO LANE WITH PAVED SHOULDERS OF 'BODHAN BASAR BHAINSA ' SECTION FROM KM 38/900 TO 95/3 (MoRTH ),PRADESH,MoRTH,TELANGANA,2024-02,2025-03,11,16,1.45
N24002008,WIDENING TO 2 LANE WITH PAVED SHOULDERS OF SIDDIPET- ELKATHURTHY SECTION FROM KM 69/978 TO KM 133/6 (MoRTH ),"[N24001464],MoRTH,UTTAR PRADESH",MoRTH,TELANGANA,2024-01,2025-03,11,16,1.45
N24002013,"CONSTRUCTION OF TWO LANE WITH PAVED SHOULDER FROM KM.0 TO KM. 80 ON NH 548B (VIJAYAPURA-SANKESWAR SE MoRTH,KARNATAKA",ROAD TRANSPORT AND HIGHWAYS,MoRTH,KARNATAKA,2024-02,2025-03,11,16,1.45
N24002016,CONSTRUCTION OF PRATAPGARH BYPASS (EXTENSION) CONNECTING NH- 31 TO NH-330 (MoRTH ),"[N24001464],MoRTH,UTTAR PRADESH",MoRTH,UTTAR,2024-01,2025-03,11,16,1.45
N24002018,REHABILITATION AND UPGRADATION TO 2- LANE WITH PAVED SHOULDER CONFIGURATION OF JIRAPUR-SUSNER-MP- RJ B (MoRTH ),PRADESH,MoRTH,MADHYA,2024-02,2025-03,11,16,1.45
N24002031,CONSTRUCTION OF TWO LANE WITH PAVED SHOULDER FROM EXISTING KM.0.000 TO KM.55.610 (DESIGN KM. 0.000 T (MoRTH ),"[N24000780],MoRTH,UTTARAKHAND",MoRTH,UTTAR,2024-02,2025-03,11,16,1.45
N24002032,CONSTRUCTION OF 4- LANE HIGHWAY WITH PAVED SHOULDERS FROM KM 49.155 TO KM 74.700 OF NH- 731A ON HYBRID (MoRTH ),"[N24000780],MoRTH,UTTARAKHAND",MoRTH,UTTAR,2024-02,2025-03,11,16,1.45
N24002033,(N24002033 ) COMPLETION OF BALANCE WORKS PENDING IN BIT AND PIECES (INCOMPLETE STRETCH AT 7 LOCATIONS) AND LISTED (NHAI ),"[N24000771],NHIDCL,MEGHALAYA",NHAI,ANDHRA PRADESH,2024-02,2025-03,11,16,1.45
N24002034,UPGRADATION TO 4L PS DIVIDED CARRIAGEWAY FROM PATAN (NEAR RAJPUR) TO GOJARIYA FROM KM 52.000 TO KM 1 (NHAI ),"[N24001588],NHAI,CHHATTISGARH",NHAI,GUJARAT,2024-02,2025-03,11,16,1.45
N24002035,WIDENING TO 6L OF EXISTING 4L JETPUR - GONDAL - RAJKOT SECTION FROM KM. 117.600 TO KM. 185.00 ON NH-,"[N24000771],NHIDCL,MEGHALAYA",NHAI,GUJARAT,2024-02,2025-03,11,16,1.45
N24002036,DEVELOPMENT OF SIX- LANE ACCESS CONTROLLED HIGHWAY FROM GOGWAN JALALPUR (SHAMLI DISTRICT) TO RANIPUR (NHAI ),"[N24000771],NHIDCL,MEGHALAYA",NHAI,UTTAR PRADESH,2024-02,2025-03,11,16,1.45
N24002037,UPGRADATION OF EXISTING 4 LANE ISMAILABAD-AMBALA SECTION (KM. 0+000 TO KM 42+500) (PART OF AMBALA- KO (NHAI ),"[N24002078],NHAI,ODISHA",NHAI,HARYANA,2024-02,2025-03,11,16,1.45
N24002038,CONSTRUCTION OF 6- LANE GREENFIELD KARNAL RING ROAD STARTING FROM NH- 44 NEAR VILLAGE SHAMGARH (DESIGN (NHAI ),"[N24002078],NHAI,ODISHA",NHAI,HARYANA,2024-02,2025-03,11,16,1.45
N24002039,CONSTRUCTION OF 6- LANE GREENFIELD AMBALA RING ROAD STARTING FROM JUNCTION WITH SHAMLI-AMBALA SECTION (NHAI ),"[N24001588],NHAI,CHHATTISGARH",NHAI,HARYANA,2024-02,2025-03,11,16,1.45
N24002040,(N24002040 ) DEVELOPMENT OF SIX- LANE ACCESS CONTROLLED HIGHWAY FROM ADHOYA MUSALMANA (AMBALA DISTRICT) TO SADOPUR (NHAI ),"[N24001588],NHAI,CHHATTISGARH",NHAI,HARYANA,2024-02,2025-03,11,16,1.45
N24002042,CONSTRUCTION OF 4- LANING OF BHIWANI HANSI ROAD SECTION OF NH 148B (DESIGN LENGTH 42.934 KM) UNDER BH (NHAI ),"[N24000771],NHIDCL,MEGHALAYA",NHAI,HARYANA,2024-02,2025-03,11,16,1.45
N24002043,CONSTRUCTION OF 4- LANE GREENFIELD JALBEHRA - SHAHBAD SECTION OF NH ? 152G FROM KM 0+000 TO KM 22+850 (NHAI ),"[N24001588],NHAI,CHHATTISGARH",NHAI,HARYANA,2024-02,2025-03,11,16,1.45
N24002044,4L AMBALA - KALAAMB FROM KM. - 0.800 TO KM. 33.015 OF OLD NH-72 (NHAI ),"[N24002078],NHAI,ODISHA",NHAI,HARYANA,2024-02,2025-03,11,16,1.45
N24002045,CONSTRUCTION OF 6 LANE DURG RAIPUR ARANG BYPASS PKG 1 SECTION OF NH 53 FROM CH 0.000 TO CH 44.50 (NHAI ),"[N24000771],NHIDCL,MEGHALAYA",NHAI,CHHATTISGARH,2024-02,2025-03,11,16,1.45
N24002046,CONSTRUCTION OF 6 LANE DURG RAIPUR ARANG BYPASS PKG 2 SECTION OF NH 53 FROM CH 44+500 TO CH.92+230 I (NHAI ),"[N24000771],NHIDCL,MEGHALAYA",NHAI,CHHATTISGARH,2024-02,2025-03,11,16,1.45
N24002049,PKG NAME: 4L OF KATHLIGHAT TO SHAKRAL VILLAGE FROM KM 128.835 TO KM 146.300 OF NH- 5 (SHIMLA BYPASS (NHAI ),"[N24000771],NHIDCL,MEGHALAYA",NHAI,HIMACHAL,2024-02,2025-03,11,16,1.45
N24002050,REHABILITATION AND UPGRADATION TO 4L CONFIGURATION and STRENGTHENING OF SIHUNI TO RAJOL FROM KM 51.0 (NHAI ),"[N24001588],NHAI,CHHATTISGARH",NHAI,HIMACHAL,2024-02,2025-03,11,16,1.45
N24002051,CONSTRUCTION OF NEW 2 LANE WITH PAVED SHOULDER OF HAMIRPUR BYPASS (PACKAGE IVA) OF NH- 88 (NEW NH-103 (NHAI ),"[N24000771],NHIDCL,MEGHALAYA",NHAI,HIMACHAL,2024-02,2025-03,11,16,1.45
N24002052,REHABILITATION AND UP- GRADATION OF EXISTING ROAD TO 2L PS FROM END OF HAMIRPUR BYPASS (NEAR CHILBAHA (NHAI ),"[N24002078],NHAI,ODISHA",NHAI,HIMACHAL,2024-02,2025-03,11,16,1.45
N24002053,FOUR LANING OF KHAJURI TO WYNDHAMGANJ FROM KM 219.600 TO KM 260.483 ON NH-75 PKG SEC- V ON HAM (NHAI ),"[N24000771],NHIDCL,MEGHALAYA",NHAI,JHARKHAND,2024-02,2025-03,11,16,1.45
N24002054,FOUR LANING OF BHOGU TO SANKHA FROM KM 147.450 TO KM 196.870 ON NH- 75 PKG SEC-III (NHAI ),"[N24000771],NHIDCL,MEGHALAYA",NHAI,JHARKHAND,2024-02,2025-03,11,16,1.45
N24002055,FOUR LANING OF BASUKINATH- DEOGHAR SECTION OF NH-114A FROM KM 85.081 TO KM 130.240 UNDER NHDP PHASE-I (NHAI ),"[N24000771],NHIDCL,MEGHALAYA",NHAI,JHARKHAND,2024-02,2025-03,11,16,1.45
N24002056,BHARATMALA PARIYOJANA OF BOKARO JAINA MORE - GOLA SECTION OF NH- 320 FROM KM. 21.110 TO KM. 53.600 IN (NHAI ),"[N24001588],NHAI,CHHATTISGARH",NHAI,JHARKHAND,2024-02,2025-03,11,16,1.45
N24002057,FOUR LANING OF MEHGAMA HANSDIHA SECTION OF NH-33 FROM EXISTING KM 41.900 TO 93.000 IN THE STATE OF J (NHAI ),"[N24000771],NHIDCL,MEGHALAYA",NHAI,JHARKHAND,2024-02,2025-03,11,16,1.45
N24002058,ADDITIONAL STRUCTURES ON 6LGURGAON-JAIPUR SECTION OF NH- 48 BETWEEN KM 42.700 TO KM 273.00 (NHAI ),"[N24000771],NHIDCL,MEGHALAYA",NHAI,RAJASTHAN,2024-02,2025-03,11,16,1.45
N24002059,2L NH-1 FROM KM 8.660 TO KM 33.775 (SUMBAL TO WAYUL) TO 4L DUAL CARRIAGEWAY NH STANDARD AS PART OF S (NHAI ),"[N24000771],NHIDCL,MEGHALAYA",NHAI,JAMMU AND,2024-02,2025-03,11,16,1.45
N24002060,DELHI AMRITSAR KATRA EXPRESSWAY (PHASE-II PKG XVIII) DEVELOPMENT AND UPGRADATION OF FOUR LANE ACCESS (NHAI ),"[N24000771],NHIDCL,MEGHALAYA",NHAI,JAMMU AND,2024-02,2025-03,11,16,1.45
N24002061,4/6L ACCESS CONTROL EXPRESSWAY FROM DESIGN CHAINAGE KM 515.000 TO 528.300 (KUNJWANI TO SIDHRA SECTIO (NHAI ),"[N24000771],NHIDCL,MEGHALAYA",NHAI,JAMMU AND,2024-02,2025-03,11,16,1.45
N24002062,CONSTRUCTION OF 6- LANE BRIDGE AND ITS APPROACHES ACROSS RIVER GANGA AS PART OF PATNA RING ROAD (NH-,"[N24001588],NHAI,CHHATTISGARH",NHAI,BIHAR,2024-02,2025-03,11,16,1.45
N24002063,"BALANCE WORK - WB-10 (GANDAK BRIDGE) KM 402.00 TO KM 440.00 (DEVANPUR - KOTWA) NHAI,BIHAR","[N24000771],NHIDCL,MEGHALAYA",NHAI,BIHAR,2024-02,2025-03,11,16,1.45
N24002064,PERMANENT RECTIFICATION OF 3 NOS. OF BLACK SPOTS IN PROJECT HIGHWAY NH-27 OF U.P BORDER - DEWAPUR -,"[N24002078],NHAI,ODISHA",NHAI,BIHAR,2024-02,2025-03,11,16,1.45
N24002066,4L GREENFIELD ALIGNMENT OF SHIVRAMPUR TO RAMNAGAR FROM KM. 55.002 TO KM. 109.300 OF NH 119 D (PKG- I (NHAI ),"[N24002078],NHAI,ODISHA",NHAI,BIHAR,2024-02,2025-03,11,16,1.45
N24002067,"BALANCE WORK OF 4L OF NAURADEHI SANCTUARY DE-SCOPED STRETCH OF HIRAN RIVER TO SINDOOR RIVER FROM KM. NHAI,MADHYA PRADESH","[N24000771],NHIDCL,MEGHALAYA",NHAI,MADHYA,2024-02,2025-03,11,16,1.45
N24002068,CONSTRUCTION OF 4- LANE FROM BARELA TO MANEGAON SECTION OF NH-30 FROM DESIGN CH. 2.900 TO DESIGN CH. (NHAI ),"[N24002078],NHAI,ODISHA",NHAI,MADHYA,2024-02,2025-03,11,16,1.45
N24002070,INDORE - EDLABAD (PKG-II) [TEJAJINAGAR TO BALWARA] (NHAI ),"[N24001588],NHAI,CHHATTISGARH",NHAI,MADHYA,2024-02,2025-03,11,16,1.45
N24002071,4L OF INDORA CHOWK TO PACHPAOLI AND AGRASEN CHOWK - ASHOKA CHOWK (NHAI ),"[N24002078],NHAI,ODISHA",NHAI,MAHARASHTRA,2024-02,2025-03,11,16,1.45
N24002072,IMPROVEMENT OF EXISTING ALIGNMENT OF PANDHARPUR TOWN PART BYPASSED SECTION FROM WAKHARI TO LORD VITT (NHAI ),"[N24000771],NHIDCL,MEGHALAYA",NHAI,MAHARASHTRA,2024-02,2025-03,11,16,1.45
N24002074,WIDENING/DEVELOPM ENT OF EXISTING NH- 85 FROM KM 0.000 TO KM 124.636 SECTION TO 2L/@L+PS SECTION IN TH (NHAI ),"[N24002078],NHAI,ODISHA",NHAI,KERALA,2024-02,2025-03,11,16,1.45
N24002075,6L OF JODHPUR ROMANA (BATHINDA) - MANDI DABWALI (PUNJAB HARYANA BORDER) SECTION OF NH-54 FROM KM. 0. (NHAI ),"[N24002078],NHAI,ODISHA",NHAI,PUNJAB,2024-02,2025-03,11,16,1.45
N24002076,6L AMRITSAR- BATHINDA GREENFIELD SECTION FROM JN. WITH BHAGTA BHAI KA- BHADAUR ROAD NEAR DYALPURA BHAI (NHAI ),"[N24001588],NHAI,CHHATTISGARH",NHAI,PUNJAB,2024-02,2025-03,11,16,1.45
N24002077,CONSTRUCTION OF (I) 4-LANE HIGHWAY FROM VIDISHA TO HINOTIYA FROM KM. 0.000 TO KM. 27.000 (LENGTH=27 (NHAI ),"[N24000771],NHIDCL,MEGHALAYA",NHAI,MADHYA,2024-02,2025-03,11,16,1.45
N24002079,REHABILITATION AND UP GRADATION FROM 4 TO 8 LANING OF CHANDIKHOLE PARADIP SECTION OF NH 53 FROM KM (NHAI ),"[N24002078],NHAI,ODISHA",NHAI,ODISHA,2024-02,2025-03,11,16,1.45
N24002080,REHABILITATION AND UP GRADATION FROM 4 TO 8 LANING OF CHANDIKHOLE PARADIP SECTION OF NH 53 FROM KM (NHAI ),"[N24000771],NHIDCL,MEGHALAYA",NHAI,ODISHA,2024-02,2025-03,11,16,1.45
N24002081,3L MAJOR BRIDGE OVER RIVER BRAHMANI AT KM. 401.250 (DUBURI CHANDIKHOLE SECTION) OF NH 200 (NEW NH 5 (NHAI ),"[N24000771],NHIDCL,MEGHALAYA",NHAI,ODISHA,2024-02,2025-03,11,16,1.45
N24002082,IMPROVEMENT OF GEOMETRICS OF THONDUPALLY TO KOTHUR FROM KM 22.300 TO KM 34.14 OF NH-44- RCW (NHAI ),"[N24000771],NHIDCL,MEGHALAYA",NHAI,TELANGANA,2024-02,2025-03,11,16,1.45
N24002083,FOUR LANING OF KARIMNAGAR- WARANGAL SECTION OF NH-563 FROM DESIGN CH.48.860 KM NEAR SH-1 CH.170.400 K (NHAI ),"[N24000771],NHIDCL,MEGHALAYA",NHAI,TELANGANA,2024-02,2025-03,11,16,1.45
N24002084,4L OF THIRUMANGALAM TO VADUGAPATTI SECTION FROM KM 0.000 TO KM 36.000 OF NH- 744 (NHAI ),"[N24000771],NHIDCL,MEGHALAYA",NHAI,TAMIL NADU,2024-02,2025-03,11,16,1.45
N24002085,WIDENING OF RAEBARELI TO PRAYAGRAJ SECTION FROM KM. 82.650 TO KM. 161.450 OF NH- 30 AND LINK ROAD FRO (NHAI ),"[N24000771],NHIDCL,MEGHALAYA",NHAI,UTTAR PRADESH,2024-02,2025-03,11,16,1.45
N24002086,CONSTRUCTION OF FOUR LANE HIGHWAY FORM GHAZIPUR BALLIA UP BIHAR STATE BORDER (GREENFIELD) SECTION OF (NHAI ),"[N24002078],NHAI,ODISHA",NHAI,UTTAR PRADESH,2024-02,2025-03,11,16,1.45
N24002087,CONSTRUCTION OF FOUR LANE HIGHWAY FROM GHAZIPUR BALLIA UP BIHAR STATE BORDER (GREENFIELD) SECTION OF (NHAI ),"[N24001588],NHAI,CHHATTISGARH",NHAI,UTTAR PRADESH,2024-02,2025-03,11,16,1.45
N24002088,CONSTRUCTION OF FOUR LANE HIGHWAY FROM GHAZIPUR BALLIA UP BIHAR STATE BORDER (GREENFIELD) SECTION OF (NHAI ),"[N24000771],NHIDCL,MEGHALAYA",NHAI,UTTAR PRADESH,2024-02,2025-03,11,16,1.45
N24002089,CONSTRUCTION OF FOUR LANE HIGHWAY FROM GHAZIPUR BALLIA UP BIHAR STATE BORDER GREENFIELD SECTION OF N (NHAI ),"[N24002078],NHAI,ODISHA",NHAI,UTTAR PRADESH,2024-02,2025-03,11,16,1.45
N24002090,CONSTRUCTION OF FOUR-LANE ?WESTERN SIDE SPUR OF RAMPUR- RUDRAPUR SECTION CONNECTING NH- 24 TO NH-87 BY (NHAI ),"[N24002078],NHAI,ODISHA",NHAI,UTTAR PRADESH,2024-02,2025-03,11,16,1.45
N24002091,6L ACCESS CONTROLLED LUDHIANA- BATHINDA GREENFIELD HIGHWAY FROM JN. WITH AMRITSAR- BATHANDA GREENFIELD (NHAI ),"[N24000771],NHIDCL,MEGHALAYA",NHAI,PUNJAB,2024-02,2025-03,11,16,1.45
N24002092,6-LANE AMRITSAR- BATHINDA GREENFIELD SECTION OF NH-754A FROM JUNCTION WITH MOGA JALANDHAR ROAD (NH-70 (NHAI ),"[N24001588],NHAI,CHHATTISGARH",NHAI,PUNJAB,2024-02,2025-03,11,16,1.45
N24002093,"IMPROVEMENT , UP- GRADATION OF NH- 734 SECTION OF MORADABAD - THAKURDWARA - KASHIPUR: ?PACKAGE- I: MORA (NHAI )","[N24000771],NHIDCL,MEGHALAYA",NHAI,UTTAR PRADESH,2024-02,2025-03,11,16,1.45
N24002094,"IMPROVEMENT AND UP- GRADATION OF EXISTING ROAD TO 4L PS FROM KM 123.650 TO 175.080, FROM START OF SHA (NHAI )","[N24000771],NHIDCL,MEGHALAYA",NHAI,UTTAR,2024-02,2025-03,11,16,1.45
N24002095,FOUR LANING OF SONAULI GORAKHPUR SECTION OF NH 29E (NEW NH 24) FROM DESIGN CH. 0.000 TO DESIGN CH. 7 (NHAI ),"[N24000771],NHIDCL,MEGHALAYA",NHAI,UTTAR PRADESH,2024-02,2025-03,11,16,1.45
N24002096,CONSTRUCTION OF 4 LANE GREEN FIELD NORTHERN EAST SIDE GORAKHPUR BYPASS (26.616 KMS) STARTING FROM NH (NHAI ),"[N24000771],NHIDCL,MEGHALAYA",NHAI,UTTAR PRADESH,2024-02,2025-03,11,16,1.45
N24002097,STRENGTHENING OF EXISTING 4L AYODHYA BYPASS SECTION FROM DESIGN KM.121.600 TO KM. 144.020 OF NH 28 ( (NHAI ),"[N24000771],NHIDCL,MEGHALAYA",NHAI,UTTAR,2024-02,2025-03,11,16,1.45
N24002098,6L OF AMBALA- CHANDIGARH GREENFIELD SECTION FROM KM. 0.000 TO KM. 25.000 WITH 4L SPUR TO LALRU FROM K (NHAI ),"[N24000771],NHIDCL,MEGHALAYA",NHAI,PUNJAB,2024-02,2025-03,11,16,1.45
N24002100,4L OF EXISTING BEAS ? BABA BAKALA - DERA BABA NANAK SECTION FROM START OF BATALA BYPASS TILL INTERSE (NHAI ),"[N24002078],NHAI,ODISHA",NHAI,PUNJAB,2024-02,2025-03,11,16,1.45
N24002101,4L OF BEAS-MEHTA- BATALA-DERA BABA NANAK FROM INTERSECTION WITH JALANDHAR- AMRITSAR HIGHWAY (NH-3) NEA (NHAI ),"[N24000771],NHIDCL,MEGHALAYA",NHAI,PUNJAB,2024-02,2025-03,11,16,1.45
N24002104,CONSTRUCTION OF RING ROAD AROUND KANPUR FROM KM.000 TO KM. 23.325 (CHACHENDI SACHENDI I TO MAHARAJPU (NHAI ),"[N24001588],NHAI,CHHATTISGARH",NHAI,UTTAR PRADESH,2024-02,2025-03,11,16,1.45
N24002105,CONSTRUCTION OF NEW 4 LANE PRAYAGRAJ SOUTHERN BYPASS (PHASE-I) FROM DESIGN KM 43+200 (AT MAHUWARI VI (NHAI ),"[N24000771],NHIDCL,MEGHALAYA",NHAI,UTTAR PRADESH,2024-02,2025-03,11,16,1.45
N24002106,CONSTRUCTION OF NEW 4 LANE PRAYAGRAJ SOUTHERN BYPASS FROM DESIGN KM 50.860 (NABABA URF NIBI KALA UPA (NHAI ),"[N24002078],NHAI,ODISHA",NHAI,UTTAR PRADESH,2024-02,2025-03,11,16,1.45
N24002108,CONSTRUCTION OF NEW DOUBLE TIER 4L ELEVATED CORRIDOR FROM CHENNAI PORT TO MADURAVOYAL IN CHENNAI DIS (NHAI ),"[N24000771],NHIDCL,MEGHALAYA",NHAI,TAMIL NADU,2024-02,2025-03,11,16,1.45
N24002109,CONSTRUCTION OF NEW DOUBLE TIER 4L ELEVATED CORRIDOR FROM CHENNAI PORT TO MADURAVOYAL IN CHENNAI DIS (NHAI ),"[N24002078],NHAI,ODISHA",NHAI,TAMIL NADU,2024-02,2025-03,11,16,1.45
N24002110,CONSTRUCTION OF NEW DOUBLE TIER 4L ELEVATED CORRIDOR FROM CHENNAI PORT TO MADURAVOYAL IN CHENNAI DIS (NHAI ),"[N24002078],NHAI,ODISHA",NHAI,TAMIL NADU,2024-02,2025-03,11,16,1.45
N24002111,FOUR LANING OF MUGAIYUR TO MARAKKANAM SECTION OF NH- 332A FROM KM 31.000 TO KM 62.000 (NHAI ),"[N24000771],NHIDCL,MEGHALAYA",NHAI,TAMIL NADU,2024-02,2025-03,11,16,1.45
N24002112,SIX LANING OF TUTICORIN PORT ROAD SECTION OF NH- 7A (NEW NH-138) FROM KM 0.000 TO KM 6.140 [EFFECTIVE (NHAI ),"[N24001588],NHAI,CHHATTISGARH",NHAI,TAMIL NADU,2024-02,2025-03,11,16,1.45
N24002113,4L OF LEFT-OVER WORKS INCLUDING ADDITIONAL STRUCTURES FROM KERALA/TAMIL NADU BORDER TO KANYAKUMARI S (NHAI ),"[N24000771],NHIDCL,MEGHALAYA",NHAI,TAMIL NADU,2024-02,2025-03,11,16,1.45
N24002114,4L OF VADUGAPATTI TO THERKUVENGANALLU R (RAJAPALYAM) SECTION FROM KM 36.000 TO KM 71.600 OF NH744 UND (NHAI ),"[N24002078],NHAI,ODISHA",NHAI,TAMIL NADU,2024-02,2025-03,11,16,1.45
N24002115,CONSTRUCTION OF MARIAHU BYPASS WITH FOUR LANE PAVED SHOULDER CONFIGURATION (KM.53.540 TO KM.59.200) (MoRTH ),"[N24000780],MoRTH,UTTARAKHAND",MoRTH,UTTAR,2024-02,2025-03,11,16,1.45
N24002116,REHABILITATION AND UPGRADATION FROM KM 51.600 TO KM 75.700 OF NH- 321G (NUHKHAS TO ETAH SECTION) TO T (MoRTH ),ROAD TRANSPORT AND HIGHWAYS,MoRTH,UTTAR,2024-02,2025-03,11,16,1.45
N24002119,REHABILITATION AND UPGRADATION TO 2 LANE WITH PAVED SHOULDER FROM DESIGN CHAINAGE KM 162.800 TO KM (BRO ),ROAD TRANSPORT AND HIGHWAYS,BRO,JAMMU AND,2024-02,2025-03,11,16,1.45
N16000314,"KOCHI SALEM LPG PIPELINE PROJECT 2 ""1. Project was",Bharat Petroleum Corporation Limited,BPCL,KERALA,2022-06,2024-06,11,15,1.36
N18000374,TS FOR EVACUATION POWER FROM REZ IN RAJASTHAN (20GW) UNDER PHASE-III PART H (PGCIL ),POWER,PGCIL,RAJASTHAN,2024-02,2025-03,11,15,1.36
N24001294,CONSTRUCTION OF 2 LANE ROAD OF POTIN TO PANGIN SECTION OF NH 13 FROM KM 247.05 TO KM 284.92 (PACKAGE (MoRTH ),"[N24000967],MoRTH,ANDHRA PRADESH",MoRTH,ARUNACHAL PRADESH,2022-06,2024-06,11,15,1.36
N24001964,"(N24001964 ) REHABILITATION AND UPGRADATION OF KURWAI?MUNGAOLI? CHANDERI ROAD SECTION OF NH-346, FROM DESIGN CHAIN (MoRTH )",PRADESH,MoRTH,MADHYA,2024-02,2025-03,11,15,1.36
N24001983,4 LANING FROM EXISTING KM 39.380 (DESIGN CH. 37.000) TO KM 74.450 (DESIGN CH. 69.000) OF MUCHUKOTA ? (NHAI ),"[N24000835],NHAI,HARYANA",NHAI,ANDHRA PRADESH,2024-01,2025-03,11,15,1.36
N24002041,DEVELOPMENT OF SIX- LANE ACCESS CONTROLLED HIGHWAY FROM ADHOYA MUSALMANA (AMBALA DISTRICT) TO SADOPUR (NHAI ),"[N24000771],NHIDCL,MEGHALAYA",NHAI,HARYANA,2024-02,2025-03,11,15,1.36
N24002048,CONSTRUCTION OF GREENFIELD CONNECTIVITY TO JEWAR INTERNATIONAL AIRPORT FROM DND FARIDABAD BALLABHGAR (NHAI ),"[N24000771],NHIDCL,MEGHALAYA",NHAI,HARYANA,2024-02,2025-03,11,15,1.36
N24002102,DELHI-AMRITSAR- KATRA EXPRESSWAY (PHASE-I SPUR-I) FROM JN. WITH KAPURTHALA - SULTANPUR LODHI ROAD (NH (NHAI ),"[N24000771],NHIDCL,MEGHALAYA",NHAI,PUNJAB,2024-02,2025-03,11,15,1.36
N24002103,COMPLETION OF BALANCE WORKS PENDING IN BIT AND PIECES (INCOMPLETE STRETCH AT 7 LOCATIONS) AND LISTED (NHAI ),"[N24001588],NHAI,CHHATTISGARH",NHAI,ANDHRA PRADESH,2024-02,2025-03,11,15,1.36
N16000321,"CATALYST MANUFACTURING UNIT OF 1500 MTPA CAPACITY AT PANIPAT REFINERY IOCL,HARYANA",Indian Oil Corporation Limited,IOCL,HARYANA,2022-06,2024-03,11,14,1.27
N22000552,POWARKHEDA - JUJHARPUR - SINGLE LINE FLYOVER IN UP DIRECTION (15.89 KM) (WCR ),West Central Railway,WCR,MADHYA,2023-08,2024-12,11,14,1.27
N22000567,Chinnasalem- Kallakurichi New Line (MM of cuddalore- Salem 191 KM) (SR ),Southern Railway,SR,TAMIL NADU,2023-08,2024-12,11,14,1.27
N24000499,"FOUR LANING OF GHAGHRA BRIDGE TO VARANASI (PKG-II) NHAI,UTTAR PRADESH","[N24000556],NHAI,UTTAR PRADESH",NHAI,UTTAR PRADESH,2022-06,2024-03,11,14,1.27
N24000966,"REHABILITATION UPGRADATION OF NH214(NH216) FROM KM41.161 TO KM59.800(GURJANAPALLI TO POLEKURU SECT MoRTH,ANDHRA PRADESH","[N24001467],MoRTH,NAGALAND",MoRTH,ANDHRA,2023-05,2024-06,11,14,1.27
N24001346,"KARGIL-ZANSKR PACKAGE-6 NHIDCL,LADAKH","[N24000967],MoRTH,ANDHRA PRADESH",NHIDCL,LADAKH,2023-04,2024-06,11,14,1.27
N06000159,NORTHERN COAL FIELDS LIMITED JAYANT EXPANSION OCP 10 TO 20,COAL,NCL,MADHYA,2023-05,2024-06,11,13,1.18
N16000328,"CITY GAS DISTRIBUTION (CGD) NETWORK, CUTTACK GAIL,ODISHA",Gas Authority Of India Limited,GAIL,ODISHA,2023-04,2024-06,11,13,1.18
N16000332,"30 INCH CRUDE OIL PIPELINE IN HALDIA-BARAUNI SECTION OF PHBPL AND CONVERSION OF EXISTING 18 INCH HAL IOCL,WEST BENGAL",Indian Oil Corporation Limited,IOCL,WEST BENGAL,2023-04,2024-06,11,13,1.18
N16000419,"CGD PROJECT AT SALEM DISTRICT 76 ""Cumulative Achi",Indian Oil Corporation Limited,IOCL,TAMIL NADU,2023-04,2024-06,11,13,1.18
N16000472,CITY GAS DISTRIBUTION NETWORK PROJECT AT SATNA AND SHAHDOL (BPCL ),Bharat Petroleum Corporation Limited,BPCL,MADHYA,2023-04,2024-06,11,13,1.18
N22000623,NATHDWARA-NEW NATHDWARA NEW LINE ( MM OF AJMER- CHITTAURGARH- UDAIPUR) (WR ),Western Railway,WR,GUJARAT,2023-08,2024-12,11,13,1.18
N24000203,4-LANING OF BRAHAMPORE-FARAKA 580 This Project was,"[N24001560],NHAI,RAJASTHAN",NHAI,WEST BENGAL,2022-06,2024-03,11,13,1.18
N24000823,"FOUR LANING OF NH-52 FROM END OF BISWANATH CHARIALI BY- PASS (KM 208.00) TO GOHPUR (KM 265.50) (TOTAL NHIDCL,ASSAM","[N24000967],MoRTH,ANDHRA PRADESH",NHIDCL,ASSAM,2022-06,2024-03,11,13,1.18
N24000965,"REHABILITATION AND UPGRADATION OF DHINDI-DIGAMARRU SECTION FROM KM126/510 TO KM135/740 OF NH214(NH21 MoRTH,ANDHRA PRADESH","[N24000306],MoRTH,MIZORAM",MoRTH,ANDHRA PRADESH,2022-06,2024-06,11,13,1.18
N24001489,4L OF EXISTING 2/4L STRETCH FROM LONAND TO DIVE GHAT (KM 166.400 TO KM 220.900 ) OF MOHOL ? ALANDI S (NHAI ),KASHMIR,NHAI,MAHARASHTRA,2023-04,2024-06,11,13,1.18
N24001591,"4 LANING OF CHAMPA-KORBA- CHHURI-KATGHORA SECTION OF NH 149B FROM KM.0.000 TO KM.38.200 NHAI,CHHATTISGAR H","[N24001621],NHAI,JAMMU AND KASHMIR",NHAI,CHHATTISGARH,2023-04,2024-06,11,13,1.18
N24001839,6L KORLAM-KANTAKAPALLE SECTION OF NH-130CD ROAD FROM KM 421.100 TO KM 445.100 (PKG-3) - PPP BOT,PRADESH,NHAI,ANDHRA,2023-06,2024-06,11,13,1.18
N16000324,"DEVLEOPMENT OF GRID INFRASTRUCTURE FOR IMPORTING GRID POWER AT 220 KV AT BARAUNI REFINERY IOCL,BIHAR",Indian Oil Corporation Limited,IOCL,BIHAR,2022-06,2024-03,11,12,1.09
N16000383,"COMPRESSED BIO GAS PLANT AT GORAKHPUR IOCL,HARYANA",Indian Oil Corporation Limited,IOCL,HARYANA,2023-04,2024-03,11,12,1.09
N16000387,"CITY GAS DISTRIBUTION IN UP AND UK 38 "" Cavern -Po",Hindustan Petroleum Corporation Limited,HPCL,UTTAR PRADESH,2022-06,2024-06,11,12,1.09
N16000399,MUZAFFARPUR-MOTIHARI LPG PIPELINE 103 1. Trenching,Indian Oil Corporation Limited,IOCL,BIHAR,2022-06,2024-03,11,12,1.09
N18000336,GUJRAI SOLAR POWER PROJECT 91 - Work awarded to M/,Satluj Jal Vidyut Nigam Limited,SJVN,UTTAR PRADESH,2023-04,2024-03,11,12,1.09
N24000629,"4-LANNING OF RAIPUR-KODEBAD SECTION OF NH-43 (FROM KM. 10.200 TO KM. 43.400) IN THE STATE OF CHHATTI NHAI,MAHARASHTRA","[N24001719],NHAI,TAMIL NADU",NHAI,MAHARASHTRA,2022-06,2024-03,11,12,1.09
N24000886,"CONSTRUCTION OF ROAD FROM KM. 1 TO KM. 49/4 OF NH-26A IN THE STATE OF MADHYA PRADESH. MoRTH,MADHYA PRADESH","[N24001289],MoRTH,ARUNACHAL PRADESH",MoRTH,MADHYA,2023-04,2024-03,11,12,1.09
N24001321,"DEMBUEN - BRUNI NHIDCL,ARUNACHAL PRADESH","[N24000967],MoRTH,ANDHRA PRADESH",NHIDCL,ARUNACHAL PRADESH,2022-06,2024-03,11,12,1.09
N24001497,"AHMEDNAGAR BYPASS NHAI,MAHARASHTR A","[N24001625],NHAI,TELANGANA",NHAI,MAHARASHTRA,2023-04,2024-03,11,12,1.09
N24001807,"MEDSHI (KM 47.700) TO WASHIM (KM 92.200) OF NH-161 IN MAHARASHTRA NHAI,MAHARASHTRA",PRADESH,NHAI,MAHARASHTRA,2023-05,2024-06,11,12,1.09
N16000393,"INSTALLATION OF SECOND CATALYTIC DEWAXING UNIT (CDW-II) AT HALDIA REFINERY IOCL,WEST BENGAL",Indian Oil Corporation Limited,IOCL,WEST BENGAL,2022-06,2024-03,11,11,1.0
N24001328,"JIA BHARALI BRIDGE ALONG WITH ITS APPROACH ROAD NHIDCL,ASSAM","[N24000967],MoRTH,ANDHRA PRADESH",NHIDCL,ASSAM,2022-06,2024-03,11,11,1.0
N24001805,"4L OF AUSA-CHAKUR SECTION FROM KM 55.835 TO KM 114.345 OF NH-361 NHAI,MAHARASHTR A",PRADESH,NHAI,MAHARASHTRA,2023-05,2024-06,10,15,1.5
N24002001,WIDENING TO 2 LANE WITH PAVED SHOULDERS OF MEDAK - SIDDIPET SECTION FROM KM 0/0 TO KM 69/978 OF NH-,"[N24000941],MoRTH,PUNJAB",MoRTH,TELANGANA,2024-03,2025-03,10,15,1.5
N24002065,4L GREENFIELD ALIGNMENT OF AMAS TO SHIVRAMPUR FROM 0.000 KM. TO 55.002 KM. OF NH 119 D (PKG- I) (NHAI ),"[N24001573],NHAI,RAJASTHAN",NHAI,BIHAR,2024-03,2025-03,10,15,1.5
N24002069,CONSTRUCTION OF ADDITIONAL 3 LANE WITH PAVED SHOULDER (DESIGN LENGTH 8.87 KM) AS REALIGNMENT OF BAKA (NHAI ),"[N24001264],NHIDCL,JAMMU AND KASHMIR",NHAI,MADHYA,2024-03,2025-03,10,15,1.5
N24002078,REHABILITATION AND UP GRADATION FROM 4 TO 8 LANING OF CHANDIKHOLE PARADIP SECTION OF NH 53 FROM KM. (NHAI ),"[N24001983],NHAI,ANDHRA PRADESH",NHAI,ODISHA,2024-03,2025-03,10,15,1.5
N24002107,CONSTRUCTION OF NEW DOUBLE TIER 4 LANE ELEVATED CORRIDOR FROM CHENNAI PORT TO MADURAVOYAL IN CHENNAI (NHAI ),"[N24001573],NHAI,RAJASTHAN",NHAI,TAMIL NADU,2024-03,2025-03,10,15,1.5
N24002120,CONSTRUCTION OF JASRA BYPASS WITH FOUR LANE PAVED SHOULDER CONFIGURATION FROM KM. 379.670 ON NH- 76 ( (MoRTH ),"[N24001883],MoRTH,MAHARASHTRA",MoRTH,UTTAR,2024-03,2025-03,10,15,1.5
N24002121,IMPROVEMENT AND UP- GRADATION TO TWO LANE WITH PAVED SHOULDER CONFIGURATION FROM EXISTING KM. 420.00 (MoRTH ),KASHMIR,MoRTH,UTTAR,2024-03,2025-03,10,15,1.5
N26000118,OPTICAL TRANSPORT NETWORK (OTN) PH- 4 IN BSNL (BSNL ),TELECOMMUNICATIONS,BSNL,MULTI STATE,2024-03,2025-03,10,15,1.5
N12000123,"REBUILDING OF COKE OVEN BATTERY NO. 7 and 8 AT BSP SAIL,CHHATTISGAR H",Steel Authority Of India Limited (Sail),SAIL,CHHATISGARH,2022-06,2024-03,10,14,1.4
N18000265,SATLUJ JAL VIDYUT NIGAM LIMITED NAITWAR MORI HEP 81,Satluj Jal Vidyut Nigam Limited,SJVN,UTTARAKHAND,2022-06,2024-03,10,14,1.4
N18000380,"TRANSMISSION SCHEME FOR SOLAR ENERGY ZONE IN ANANTHPURAM (2500MW) AND KURNOOL (1000MW) PGCIL,ANDHRA PRADESH",POWER,PGCIL,ANDHRA,2024-02,2025-03,10,14,1.4
N24000138,"HUNGUND-SURATHKAL AND MANGALORE- KNT/KERALA BORDER NHAI,KARNATAKA","[N24000556],NHAI,UTTAR PRADESH",NHAI,KARNATAKA,2022-06,2024-03,10,14,1.4
N24001743,"LUCKNOW RING ROAD PKG-1 (SULTANPUR ROAD TO BEHTA ROAD) [BYPASS CONNECTING NH-56 AT KM. 17.40 AND TER NHAI,UTTAR PRADESH","[N24000662],NHAI,PUNJAB",NHAI,UTTAR PRADESH,2023-04,2024-03,10,14,1.4
N24001454,"WIDENING FROM TWO LANE TO TWO LANE WITH PAVED SHOULDER FROM KM 34/000 TO 49/000 AND TWO LANE TO FOUR MoRTH,TAMIL NADU","[N24001467],MoRTH,NAGALAND",MoRTH,TAMIL NADU,2023-05,2024-06,10,13,1.3
N24001881,REHABLITATION AND UPGRADATION OF AMBOLI JUNCTION (DESIGN CH. 71+530) TO AJARA (DESIGN CH.100+835) SE (MoRTH ),PRADESH,MoRTH,MAHARASHTRA,2023-09,2024-12,10,13,1.3
N24001893,"SHEWALI (SAKRI) - NANDURBAR MoRTH,MAHARASHTRA",PRADESH,MoRTH,MAHARASHTRA,2023-09,2024-12,10,13,1.3
N24001995,"4L OF DUDHADHARI ELEVATED FLYOVER (MUZAFFARNAGAR – HARIDWAR SECTION) FROM KM 356.450 TO KM 353.800 OF NHAI,UTTARAKHAND",Costing Rs. 150 Crore and above (November 2023),NHAI,UTTARAKHAND,2023-11,2024-12,10,13,1.3
N24000825,"FOUR LANING OF NH-363 FROM REPALLEWADA (DESIGN KM 40.000/EXISTING KM 288.510) TO TELANGANA/MAHARASHT NHAI,TELANGANA","[N24001445],NHAI,GUJARAT",NHAI,TELANGANA,2022-06,2024-03,10,12,1.2
N24001478,(N24001478 ) WIDENING AND UPGRADATION TO FOUR LANE CONFIGURATION FROM KM.34.900 (BHADOHI) TO KM.73.134 (JAUNPUR) (MoRTH ),"[N24001289],MoRTH,ARUNACHAL PRADESH",MoRTH,UTTAR,2023-04,2024-06,10,12,1.2
N24001513,"CONSTRUCTION OF FOUR LANE PINJORE BYPASS FROM KM 0.00 TO 7.70 ON EPC MODE. MoRTH,HARYANA","[N24001289],MoRTH,ARUNACHAL PRADESH",MoRTH,HARYANA,2023-04,2024-03,10,12,1.2
N24001740,"ALIGARH-KANPUR SECTION PACKAGEV FROM MITRASEN- KANPUR NHAI,UTTAR PRADESH","[N24001719],NHAI,TAMIL NADU",NHAI,UTTAR PRADESH,2023-04,2024-03,10,12,1.2
N24001782,"CONSTRUCTION OF 8LANE DIVIDED CARRIAGEWAY STARTING AT SOHNA GURUGRAM ROAD NE 4 NEAR ALIPUR VILLAGE A NHAI,HARYANA","[N24001762],NHAI,MADHYA PRADESH",NHAI,HARYANA,2023-05,2024-06,10,12,1.2
N24001787,"4L OF DHROL-BHADRA-PATIYA SECTION FROM 0.000 TO KM 13.600 AND BHADRA PATIYA - PIPALIYA SECTION FROM NHAI,GUJARAT","[N24001569],NHAI,RAJASTHAN",NHAI,GUJARAT,2023-05,2024-06,10,12,1.2
N06000145,"BITHNOK LIGNITE MINE PROJECT (2.25 MTPA) NLC,RAJASTHAN",Neyveli Lignite Corporation,NLC,RAJASTHAN,2022-06,2024-03,10,11,1.1
N06000187,"BARSINGSAR THERMAL POWER STATION EXTENSION NLC,RAJASTHAN",Neyveli Lignite Corporation,NLC,RAJASTHAN,2022-06,2024-03,10,11,1.1
N06000188,"BITHNOK LIGNITE THERMAL POWER STATION NLC,RAJASTHAN",Neyveli Lignite Corporation,NLC,RAJASTHAN,2022-06,2024-03,10,11,1.1
N16000340,"NAPHTHA CRACKER EXPANSION PROJECT AT PANIPAT IOCL,HARYANA",Indian Oil Corporation Limited,IOCL,HARYANA,2022-06,2024-03,10,11,1.1
N16000376,PX-PTA REVAMP AT PANIPAT REFINERY 105 All works in,Indian Oil Corporation Limited,IOCL,HARYANA,2022-06,2024-03,10,11,1.1
N16000400,"REPLACEMENT OF EXISTING TWIN 42” OFFSHORE PIPELINES AT VADINAR ALONG WITH TWO EXISTING PIPELINE END IOCL,GUJARAT",Indian Oil Corporation Limited,IOCL,GUJARAT,2023-04,2024-03,10,11,1.1
N16000447,"NEW LPG PLANT AT VARANASI 42 ""- Commissioning of R",Hindustan Petroleum Corporation Limited,HPCL,UTTAR PRADESH,2022-06,2024-03,10,11,1.1
N16000459,CITY GAS DISTRIBUTION NETWORK PROJECT AT AHMEDNAGAR AND AURANGABAD,Bharat Petroleum Corporation Limited,BPCL,MAHARASHTRA,2023-04,2024-03,10,11,1.1
N16000460,CITY GAS DISTRIBUTION NETWORK PROJECT AT SANGLI AND SATARA,Bharat Petroleum Corporation Limited,BPCL,MAHARASHTRA,2023-04,2024-03,10,11,1.1
N16000461,CITY GAS DISTRIBUTION NETWORK PROJECT AT BALLARI AND GADAG,Bharat Petroleum Corporation Limited,BPCL,KARNATAKA,2023-04,2024-03,10,11,1.1
N16000462,CITY GAS DISTRIBUTION NETWORK PROJECT AT JAJPUR AND KENDUJHAR,Bharat Petroleum Corporation Limited,BPCL,ODISHA,2023-04,2024-03,10,11,1.1
N16000467,"CITY GAS DISTRIBUTION NETWORK PROJECT AT BILASPUR, HAMIRPUR AND UNA",Bharat Petroleum Corporation Limited,BPCL,HIMACHAL,2023-04,2024-03,10,11,1.1
N16000473,CITY GAS DISTRIBUTION NETWORK PROJECT AT ROHTAK 5,Bharat Petroleum Corporation Limited,BPCL,HARYANA,2023-04,2024-03,10,11,1.1
N16000474,CITY GAS DISTRIBUTION NETWORK PROJECT AT CHATRA AND PALAMU,Bharat Petroleum Corporation Limited,BPCL,JHARKHAND,2023-04,2024-03,10,11,1.1
N18000340,RAGHANESDA SOLAR POWER PROJECT 92 Work awarded to,Satluj Jal Vidyut Nigam Limited,SJVN,GUJARAT,2023-04,2024-03,10,11,1.1
N24000757,"CONSTRUCTION OF TWO LANE WITH HARD SHOULDERS OF CHAKABAMA-ZUNHEBOTO ROAD FROM EXISTING KM 79.040 TO NHIDCL,NAGALAND","[N24000967],MoRTH,ANDHRA PRADESH",NHIDCL,NAGALAND,2022-06,2024-03,10,11,1.1
N24000881,"UPGRADATION OF PACHORE- SHUJALPUR ROAD TO 2L + PS MoRTH,MADHYA PRADESH","[N24001289],MoRTH,ARUNACHAL PRADESH",MoRTH,MADHYA PRADESH,2022-06,2024-03,10,11,1.1
N24001038,MAHAD TO RAIGAD FORT 304 Project approved in May’1,"[N24001289],MoRTH,ARUNACHAL PRADESH",MoRTH,MAHARASHTRA,2022-06,2024-03,10,11,1.1
N24001051,NALDURG TO AKKALKOT 238 Physical progress for the,"[N24001289],MoRTH,ARUNACHAL PRADESH",MoRTH,MAHARASHTRA,2022-06,2024-03,10,11,1.1
N24001210,"REHABILITATION AND UPGRADATION OF EXISTING PAVEMENT TO FOUR LANE WITH PAVED SHOULDER FROM KM 135.230 MoRTH,UTTAR PRADESH","[N24001289],MoRTH,ARUNACHAL PRADESH",MoRTH,UTTAR PRADESH,2022-06,2024-03,10,11,1.1
N24001268,"IMPROVEMENT/WIDENING TO 2 LANING OF STRETCH FROM KHONGSANG TO TAMENGLONG OF NH-137 NHIDCL,MANIPUR","[N24000967],MoRTH,ANDHRA PRADESH",NHIDCL,MANIPUR,2022-06,2024-03,10,11,1.1
N24001330,"KARGIL-ZANSKR PACKAGE-5 NHIDCL,LADAKH","[N24000967],MoRTH,ANDHRA PRADESH",NHIDCL,LADAKH,2023-04,2024-03,10,11,1.1
N24001751,"BALANCE 4 LANING WORK OF RAIGANJ DALKHOLA SECTION OF NH34 FROM KM 398.000 TO KM 452.750 (PACKAGE V) NHAI,WEST BENGAL","[N24000736],NHAI,ODISHA",NHAI,WEST BENGAL,2023-04,2024-03,10,11,1.1
N24001803,"4L OF AKOLA - MEDSHI FROM KM. 0.00 TO KM. 47.70 OF NH-161 INCLUDING BYPASSES AT PATUR AND MEDSHI NHAI,MAHARASHTRA","[N24000662],NHAI,PUNJAB",NHAI,MAHARASHTRA,2023-05,2024-06,10,11,1.1
N24001816,"FOUR LANNING OF JAGDISHPUR-FAIZABAD SECTION FROM KM 47.930 TO KM 107.680 OF NH-330A NHAI,UTTAR PRADESH","[N24001569],NHAI,RAJASTHAN",NHAI,UTTAR PRADESH,2023-05,2024-06,10,11,1.1
N16000464,"CITY GAS DISTRIBUTION NETWORK PROJECT AT BARGARH, DEBGARH AND SAMBALPUR",Bharat Petroleum Corporation Limited,BPCL,ODISHA,2023-04,2024-03,10,10,1.0
N16000468,CITY GAS DISTRIBUTION NETWORK PROJECT AT SIDHI AND SANGRAULI,Bharat Petroleum Corporation Limited,BPCL,MADHYA,2023-04,2024-03,10,10,1.0
N24001509,"4L OF KM 0.00 TO KM 42.00 OF OFDOBBASPET TO DODDABALLAPURA BYPASS SECTION NH 648 OLD NH 207 BANGALO NHAI,KARNATAKA","[N24000662],NHAI,PUNJAB",NHAI,KARNATAKA,2023-04,2024-03,10,10,1.0
N28000139,"CONST OF 152 QTRS 240 BOYS 240 GIRLS 150 NURSES HOSTEL AND OTHER BUILDINGS INCLUDING DEVELOPMENT CPWD FOR HEALTH,PUDUCHERRY","[N28000112],CPWD FOR HEALTH,KERALA","CPWD
FOR HEALTH",PUDUCHERRY,2023-04,2024-03,10,10,1.0
N04000110,PAKYONG AIRPORT- WIDENING OF BASIC STRIP AT WESTERN SIDE OF RUNWAY CHAINAGE 80M TO 920M I/C SLOPE ST (AAI ),CIVIL AVIATION,AAI,SIKKIM,2024-06,2025-03,9,26,2.89
N16000528,PIPELINE NETWORK PROJECT RUDRASAGAR (ONGC ),PETROLEUM,ONGC,ASSAM,2024-06,2025-03,9,26,2.89
N16000529,"AUGMENTATION OF DIMAPUR DEPOT, DIMAPUR (IOCL )",PETROLEUM,IOCL,NAGALAND,2024-06,2025-03,9,26,2.89
N24002127,SILCHAR VAIRENGTE SAIRANG ROAD PKG- 1 (NHIDCL ),DABOKA BYPASS OF DABOKA - PAROKHAOWA PKG -1 (NHIDCL ) (N24002024 ),NHIDCL,HIGHWAYS,2024-06,2025-03,9,26,2.89
N24002128,SILCHAR VAIRENGTE SAIRANG ROAD PKG- 2 (NHIDCL ),DABOKA BYPASS OF DABOKA - PAROKHAOWA PKG -1 (NHIDCL ) (N24002024 ),NHIDCL,HIGHWAYS,2024-06,2025-03,9,26,2.89
N24002129,FOUR LANNING OF BADARPUR BYPASS FROM DESIGN CHAINAGE KM 27+300 AT CROSSING WITH NH- 6 (NHIDCL ),DABOKA BYPASS OF DABOKA - PAROKHAOWA PKG -1 (NHIDCL ) (N24002024 ),NHIDCL,HIGHWAYS,2024-06,2025-03,9,26,2.89
N24002130,TAMENGLONG- MAHUR ROAD PKG- 7 (NHIDCL ),DABOKA BYPASS OF DABOKA - PAROKHAOWA PKG -1 (NHIDCL ) (N24002024 ),NHIDCL,HIGHWAYS,2024-06,2025-03,9,26,2.89
N24002131,UKHRUL TOLOI TADUBI PKG-2 (NHIDCL ),ROAD TRANSPORT AND,NHIDCL,MANIPUR,2024-06,2025-03,9,26,2.89
N24002132,4 LANE WITH PAVED SHOULDER AGARTALA BYPASS (WESTERN SIDE) CONNECTING NH- 8 (NHIDCL ),HIGHWAYS,"WESTERN
SIDE",TRIPURA,2024-06,2025-03,9,26,2.89
N04000111,CALICUT AIRPORT - DEVELOPMENT OF ADDITIONAL RESA ON EITHER END ON RUNWAY 10-28 AT CALICUT AIRPORT (AAI ),CIVIL AVIATION,AAI,KERALA,2024-06,2025-03,9,13,1.44
N06000271,AMALGAMATED GAURI PAUNI EXPANSION OC (WCL ),KOLGAON EXPANSION (DEEP) OC (WCL ) (N06000267 ),WCL,MAHARASHT RA,2024-06,2025-03,9,13,1.44
N12000135,REPLACEMENT OF REMAINING 04 NOS. OF BATTERY CYCLONES WITH 04 NOS. OF ESPS IN SINTER PLANT-1 AT BSL (BOKARO STEEL PL ),STEEL,BOKARO STEEL PL,HIGHWAYS,2024-06,2025-03,9,13,1.44
N16000518,ETHYLENE CRACKER PROJECT AT BINA REFINERY INCLUDING DOWNSTREAM PETROCHEMICAL PLANTS AND EXPANSION OF (BPCL ),TAWA III UG MINE (WCL ) (N06000250 ),BPCL,PETROLEUM,2024-06,2025-03,9,13,1.44
N16000519,POL AND LOBS INSTALLATIONS WITH RECEIPT PIPELINES AT RASAYANI (BPCL ),CONSTRUCTION OF ADDITIONAL TANKAGES AND ALLIED FACILITIES AT JNPT TERMINAL (IOCL ) (N16000504 ),BPCL,PETROLEUM,2024-06,2025-03,9,13,1.44
N16000520,CGD PROJECTS AT FAZILKA (EXCEPT AREA ALREADY AUTHORIZED) GANGANAGAR AND HANUMANGARH DISTRICTS (BPCL ),COAL,"EXCEPT
AREA ALREADY
AUTHORIZED",PETROLEUM,2024-06,2025-03,9,13,1.44
N16000521,CGD PROJECTS AT THE NILGIRIS AND ERODE DISTRICTS (BPCL ),CGD PROJECT AT DHARMAPURI AND KRISHNAGIRI DISTRICTS (IOCL ) (N16000486 ),BPCL,PETROLEUM,2024-06,2025-03,9,13,1.44
N16000522,CITY GAS DISTRIBUTION PROJECTS AT ALIPURDUAR AND COOCH BEHAR (BPCL ),CIVIL AVIATION,BPCL,PETROLEUM,2024-06,2025-03,9,13,1.44
N16000523,"(N16000523 ) CITY GAS DISTRIBUTION PROJECTS AT DARBHANGA, MADHUBANI, SUPAUL, SITAMARHI AND SHEOHAR DISTRICTS (BPCL )",HIGHER EDUCATION,BPCL,PETROLEUM,2024-06,2025-03,9,13,1.44
N16000525,"CITY GAS DISTRIBUTION PROJECTS AT LAKHIMPUR KHERI , SITAPUR, BAHRAICH, SHRAVASTI,BALRAMPU R, (BPCL )",CIVIL AVIATION,BPCL,PETROLEUM,2024-06,2025-03,9,13,1.44
N16000526,MHN TCPP PGC BGC PROJECT (MTPBP) (ONGC ),CONSTRUCTION OF ADDITIONAL TANKAGES AND ALLIED FACILITIES AT JNPT TERMINAL (IOCL ) (N16000504 ),MTPBP,PETROLEUM,2024-06,2025-03,9,13,1.44
N16000527,CGD PROJECT AT JAMMU DISTRICTS (IOCL ),HEALTH AND FAMILY WELFARE,IOCL,PETROLEUM,2024-06,2025-03,9,13,1.44
N16000530,SETTING UP POLYPROPYLENE UNIT AT KOCHI REFINERY (BPCL ),HEALTH AND FAMILY WELFARE,BPCL,PETROLEUM,2024-06,2025-03,9,13,1.44
N18000381,"LARA SUPER THERMAL POWER PROJECT, STAGE-II (2X800 MW) (BHEL )",JAMPALI OCP RCE (SECL ) (N06000198 ),2X800 MW,POWER,2024-06,2025-03,9,13,1.44
N18000382,"SINGRAULI SUPER THERMAL POWER PROJECT, STAGE-III (2X800 MW) (BHEL )",CIVIL AVIATION,2X800 MW,POWER,2024-06,2025-03,9,13,1.44
N18000383,TS FOR EVACUATION OF POWER FROM POTENTIAL RE ZONE IN KHAVDA AREA OF GUJARAT UNDER PH- IV PART E3 (PGCIL ),"KHAVDA PHASE-II- PART B, GUJARAT- TRANSMISSION SCHEME FOR EVACUATION OF 4.5 GW RE INJECTION AT KHAVDA (PGCIL ) (N18000360 )",PGCIL,POWER,2024-06,2025-03,9,13,1.44
N18000384,TS FOR EVACUATION OF ADDITIONAL 7GW RE POWER FROM KHAVDA RE PARK UNDER PHASE-III PART B [VATAMAN TRA (PGCIL ),"KHAVDA PHASE-II- PART B, GUJARAT- TRANSMISSION SCHEME FOR EVACUATION OF 4.5 GW RE INJECTION AT KHAVDA (PGCIL ) (N18000360 )",PGCIL,POWER,2024-06,2025-03,9,13,1.44
N18000385,TS FOR INTRGRATION OF RE ZONE (PHASE II) IN KOPPAL II (PHASE A&B) AND GADAG II (PHASE A) IN KARNATAK (PGCIL ),PETROLEUM,"PHASE
II",POWER,2024-06,2025-03,9,13,1.44
N18000386,TS FOR EVACUATION OF POWER FROM RAJASTHAN REZ PH- IV (PART-1) [BIKANER COMPLEX] PART A [BIKANER III N (PGCIL ),TS FOR EVACUATION POWER FROM REZ IN RAJASTHAN (20GW) UNDER PHASE-III PART C1 (PGCIL ) (N18000375 ),PART-1,POWER,2024-06,2025-03,9,13,1.44
N18000387,TS FOR EVACUATION OF POWER FROM RAJASTHAN REZ PH- IV (PART-1) [BIKANER COMPLEX] PART D [NEEMRANA II B (PGCIL ),TS FOR EVACUATION POWER FROM REZ IN RAJASTHAN (20GW) UNDER PHASE-III PART C1 (PGCIL ) (N18000375 ),PART-1,POWER,2024-06,2025-03,9,13,1.44
N18000388,"TS FOR SOLAR ENERGY ZONE IN BIDAR (2500MW), KARNATAKA [BIDAR TRANSMISSION LTD] (PGCIL )",PETROLEUM,2500MW,POWER,2024-06,2025-03,9,13,1.44
N18000389,TS FOR EVACUATION OF POWER FROM REZ IN RAJASTHAN (20GW) UNDER PH- III PART D [SIKAR KHETRI TRANSMISSI (MEGA ),TS FOR EVACUATION POWER FROM REZ IN RAJASTHAN (20GW) UNDER PHASE-III PART C1 (PGCIL ) (N18000375 ),20GW,POWER,2024-06,2025-03,9,13,1.44
N24002122,(N24002122 ) 6L ACCESS CONTROLLED GREENFIELD HIGHWAY FROM CHANDRASEKHARAPUR AM (CH. 228+000) TO POLAVARAM (CH. 260 (NHAI ),(N24002122 ) 6L ACCESS CONTROLLED GREENFIELD HIGHWAY FROM CHANDRASEKHARAPUR AM (CH. 228+000) TO POLAVARAM (CH. 260 (NHAI ) (N24002123 ),NHAI,HIGHWAYS,2024-06,2025-03,9,13,1.44
N24002124,(N24002124 ) 6L ACCESS CONTROLLED GREENFIELD HIGHWAY FROM MARRIPUDI (CH. 285+500) TO SOMAVARAPPADU (CH. 314+600),(N24002124 ) 6L ACCESS CONTROLLED GREENFIELD HIGHWAY FROM MARRIPUDI (CH. 285+500) TO SOMAVARAPPADU (CH. 314+600) (NHAI ),NHAI,HIGHWAYS,2024-06,2025-03,9,13,1.44
N24002125,(N24002125 ) 6L ACCESS CONTROLLED GREENFIELD HIGHWAY FROM SOMAVARAPPADU (CH.314.600) TO MUPPAVARAM (CH.343+240) O,(N24002125 ) 6L ACCESS CONTROLLED GREENFIELD HIGHWAY FROM SOMAVARAPPADU (CH.314.600) TO MUPPAVARAM (CH.343+240) O (NHAI ),CH.314.600,HIGHWAYS,2024-06,2025-03,9,13,1.44
N24002126,(N24002126 ) 4-LANE WITH PAVED SHOULDERS FROM KM 32/0 TO KM 79/650 (DESIGN CHAINAGE KM 32+000 TO KM 78+760) PUTTA (MoRTH ),(N24002126 ) 4-LANE WITH PAVED SHOULDERS FROM KM 32/0 TO KM 79/650 (DESIGN CHAINAGE KM 32+000 TO KM 78+760) PUTTA (MoRTH ) (N24002139 ),MoRTH,HIGHWAYS,2024-06,2025-03,9,13,1.44
N24002133,IMPROVEMENT OF 2 LANE WITH PAVED SHOULDER OF STRETCH FROM BIKRAMGANJ DAWATH MELAYABAGH NAWANAGR -DUM (MoRTH ),IMPROVEMENT OF 2 LANE WITH PAVED SHOULDER OF STRETCH FROM BIKRAMGANJ DAWATH MELAYABAGH NAWANAGR -DUM (MoRTH ) (N24002133 ),MoRTH,HIGHWAYS,2024-06,2025-03,9,13,1.44
N24002134,REHABILITATION AND UP- GRADATION FROM KM. 0.000 TO KM. 40.390 OF NH-730S (MAHARAJGANJ ? NICHLOUL ? TH (MoRTH ),REHABILITATION AND UP-GRADATION FROM KM. 0.000 TO KM. 40.390 OF NH-730S (MAHARAJGANJ ? NICHLOUL ? TH (MoRTH ) (N24002134 ),MoRTH,HIGHWAYS,2024-06,2025-03,9,13,1.44
N24002135,WIDENING AND STRENGTHENLNG TO 2L+PS FROM KM 0.000 TO 40.000 (DHAUGAON- PODAMARI SECTION) OF NH 326 I (MoRTH ),WIDENING AND STRENGTHENLNG TO 2L+PS FROM KM 0.000 TO 40.000 (DHAUGAON- PODAMARI SECTION) OF NH 326 I (MoRTH ) (N24002135 ),"DHAUGAON-
PODAMARI SECTION",HIGHWAYS,2024-06,2025-03,9,13,1.44
N24002136,WIDENING AND STRENGTHENING TO 4L+PS/2L+PS FROM KM 0.000 TO 35.800 (KUAKHIA - MANGALPUR SECTION) OF N (MoRTH ),WIDENING AND STRENGTHENING TO 4L+PS/2L+PS FROM KM 0.000 TO 35.800 (KUAKHIA - MANGALPUR SECTION) OF N (MoRTH ) (N24002136 ),"KUAKHIA -
MANGALPUR
SECTION",HIGHWAYS,2024-06,2025-03,9,13,1.44
N24002137,STRENGTHENING OF 6-LANE PIMPALGAON- NASHIK-GONDE (KM. 380 - KM. 440) SECTION OF NH-3 IN MAHARASHTRA U (NHAI ),STRENGTHENING OF 6-LANE PIMPALGAON- NASHIK-GONDE (KM. 380 - KM. 440) SECTION OF NH-3 IN MAHARASHTRA U (NHAI ) (N24002137 ),"KM.
380 - KM. 440",HIGHWAYS,2024-06,2025-03,9,13,1.44
N24002138,CONSTRUCTION OF FOUR LANE HIGHWAY WITH PAVED SHOULDER FROM KM.74.700 TO KM.112.950 OF NH- 731A (I/C Y (MoRTH ),CONSTRUCTION OF FOUR LANE HIGHWAY WITH PAVED SHOULDER FROM KM.74.700 TO KM.112.950 OF NH- 731A (I/C Y (MoRTH ) (N24002138 ),MoRTH,HIGHWAYS,2024-06,2025-03,9,13,1.44
N24002140,SOMAYAJULAPALLI ? DHONE SECTION OF NH ? 340B FROM KM.0/0 TO 56/200 [DESIGN CH. KM 0/00 TO KM 53/33] (MoRTH ),SOMAYAJULAPALLI ? DHONE SECTION OF NH ? 340B FROM KM.0/0 TO 56/200 [DESIGN CH. KM 0/00 TO KM 53/33] (MoRTH ) (N24002140 ),MoRTH,HIGHWAYS,2024-06,2025-03,9,13,1.44
N24002141,(N24002141 ) 2-LANE WITH PAVED SHOULDER CONFIGURATION OF LAMBASINGI TO PADERU SECTION (KM 205+000 TO KM 253+974) (MoRTH ),2 LANE WITH PAVED SHOULDER CONFIGURATION FROM SEETHARAMAPURAM TO DUTTALURU SECTION OF NH-167 BG FROM (MoRTH ) (N24002141 ),MoRTH,HIGHWAYS,2024-06,2025-03,9,13,1.44
N24002143,BYPASS ROAD TO ADONI TOWN CONNECTING NH-167 (HAGARI - JADCHARLA ROAD) FROM KM.62/700 TO 71/400 IN KU (MoRTH ),BYPASS ROAD TO ADONI TOWN CONNECTING NH-167 (HAGARI - JADCHARLA ROAD) FROM KM.62/700 TO 71/400 IN KU (MoRTH ) (N24002143 ),"HAGARI -
JADCHARLA ROAD",HIGHWAYS,2024-06,2025-03,9,13,1.44
N24002144,VODAREVU- CHILAKALURIPET SECTION (DESIGN CHAINAGE 0+00 TO 47+000) OF NH-167A (PACKAGE-I) (MoRTH ),VODAREVU- CHILAKALURIPET SECTION (DESIGN CHAINAGE 0+00 TO 47+000) OF NH-167A (PACKAGE-I) (MoRTH ) (N24002144 ),PACKAGE-I,HIGHWAYS,2024-06,2025-03,9,13,1.44
N24002145,TADIPATRI BYPASS (KM 0+000 TO KM 6+285) OF 4-LANE ON NH- 67 IN ANANTAPURAMU (MoRTH ),TADIPATRI BYPASS (KM 0+000 TO KM 6+285) OF 4-LANE ON NH-67 IN ANANTAPURAMU (MoRTH ) (N24002145 ),MoRTH,HIGHWAYS,2024-06,2025-03,9,13,1.44
N24002146,KURNOOL/KADAPA BORDER- JAMMALAMADUGU SECTION OF NH- 167K I.E. DESIGN CH. KM 248+010 TO KM 269+900 (MoRTH ),KURNOOL/KADAPA BORDER- JAMMALAMADUGU SECTION OF NH-167K I.E. DESIGN CH. KM 248+010 TO KM 269+900 (MoRTH ) (N24002146 ),MoRTH,HIGHWAYS,2024-06,2025-03,9,13,1.44
N24002147,DORNALA TO KUNTA JUNCTION FROM DESIGN CHAINAGE KM 244+000 TO 267+990 SECTION OF NH-765 (PACKAGE- 2) (MoRTH ),DORNALA TO KUNTA JUNCTION FROM DESIGN CHAINAGE KM 244+000 TO 267+990 SECTION OF NH-765 (PACKAGE-2) (MoRTH ) (N24002147 ),PACKAGE-2,HIGHWAYS,2024-06,2025-03,9,13,1.44
N24002148,PADERU BYPASS (KM 0+000 TO KM 13+000) OF 2- LANE WITH PAVED SHOULDER ON NH- 516E (MoRTH ),PADERU BYPASS (KM 0+000 TO KM 13+000) OF 2- LANE WITH PAVED SHOULDER ON NH- 516E (MoRTH ) (N24002148 ),MoRTH,HIGHWAYS,2024-06,2025-03,9,13,1.44
N24002149,DAVUALAPALLY TO MALLAPALEM SECTION {DESIGN CH. KM 133+922 TO KM 154+216 (EXISTING CH. KM 133+922 TO (MoRTH ),DAVUALAPALLY TO MALLAPALEM SECTION {DESIGN CH. KM 133+922 TO KM 154+216 (EXISTING CH. KM 133+922 TO (MoRTH ) (N24002149 ),MoRTH,HIGHWAYS,2024-06,2025-03,9,13,1.44
N28000157,PCMC NIGDI PROJECT EXTENSION OF CORRIDOR 1 OF PUNE METRO PHASE 1 (MMRC ),6L OF WAINGANGA BRIDGE - BHANDARA (INCLUDING BHANDARA BYPASS) SECTION FROM KM 485.000 TO KM 499.800 (NHAI ) (N24001797 ),MMRC,URBAN DEVELOPMENT,2024-06,2025-03,9,13,1.44
N16000524,"CITY GAS DISTRIBUTION PROJECTS AT DARBHANGA, MADHUBANI, SUPAUL, SITAMARHI AND SHEOHAR DISTRICTS (BPCL )",PETROLEUM,BPCL,BIHAR,2024-06,2025-03,9,12,1.33
N22000459,"NANPARA - NEPALGANJ GAUGE CONVERSION. NER,UTTAR PRADESH",North Eastern Railway,NER,UTTAR PRADESH,2022-06,2024-03,9,12,1.33
N22000597,RAJPURA-BHATINDA (172.64 KM) (MEGA ),RAILWAYS,MEGA,PUNJAB,2023-09,2024-12,9,12,1.33
N24002142,2-LANE WITH PAVED SHOULDER CONFIGURATION OF LAMBASINGI TO PADERU SECTION (KM 205+000 TO KM 253+974) (MoRTH ),2-LANE WITH PAVED SHOULDER CONFIGURATION OF LAMBASINGI TO PADERU SECTION (KM 205+000 TO KM 253+974) (MoRTH ) (N24002142 ),MoRTH,HIGHWAYS,2024-06,2025-03,9,12,1.33
N06000263,Location: MAHARASHTRA N06000263 Capatity:,COAL,WCL,MAHARASHTRA,2023-06,2024-06,9,11,1.22
N24001487,"BALANCE WORK UNDER PHASE-I FOR 4L OF KHED SINNER SECTION COMPRISING OF THE STRETCHES (I) KHED BYPASS NHAI,MAHARASHTRA",KASHMIR,NHAI,MAHARASHTRA,2023-04,2024-03,9,11,1.22
N24001757,4L OF KHEDAKHAJURIYA TO SUHAGADI FROM KM. 41.400 TO KM. 89.200 OF NH-148NG (PKG-II) - PPP BOT,"[N24001691],NHAI,KARNATAKA",NHAI,MADHYA,2023-05,2024-06,9,11,1.22
N24001918,"UPGRADATION OF NH 930 JHALMALA TO SHERPER FROM NH KM 30.600 TO KM 67.800 TO TWOFOUR LANE WITH PAVED MoRTH,CHHATTISGARH",Ministry Of Road Transport And Highways (State Pwds),MoRTH,CHHATTISGARH,2023-10,2024-09,9,11,1.22
N06000095,"NEYVELI NEW THERMAL POWER PROJECT(2X500 MW) NLC,TAMIL NADU",Neyveli Lignite Corporation,NLC,TAMIL NADU,2023-04,2024-03,9,10,1.11
N06000138,"EXPANSION OF MINE-I (LEASE AREA) AND MINE-I A (3.0 TO 7.0 MTPA) NLC,TAMIL NADU",Neyveli Lignite Corporation,NLC,TAMIL NADU,2022-06,2024-03,9,10,1.11
N06000144,"HADLA LIGNITE MINE PROJECT(1.90 MTPA) NLC,RAJASTHAN",Neyveli Lignite Corporation,NLC,RAJASTHAN,2023-04,2024-03,9,10,1.11
N06000212,"RCE-II OF JALAGAM VENGALRAO OPENCAST PROJECT-II SCCL,TELANGANA",Singareni Colliers Company Limitted,SCCL,TELANGANA,2022-06,2023-11,9,10,1.11
N06000215,RCE OF KISTARAM OPENCAST PROJECT 67 Coal productio,Singareni Colliers Company Limitted,SCCL,TELANGANA,2022-06,2023-11,9,10,1.11
N16000241,"Field Development Plan of Madanam NELP-IV Block CY-ONN- 2002 ONGC,TAMIL NADU",Oil & Natural Gas Corporation Limited,ONGC,TAMIL NADU,2022-06,2023-11,9,10,1.11
N16000360,"HEERA REDEVELOPMENT - PHASE III 141 ""¿ NOA placed",Oil & Natural Gas Corporation Limited,ONGC,MAHARASHTRA,2022-06,2023-11,9,10,1.11
N16000363,"INFRASTRUCTURE DEVELOPMENT TO FACILITATE IMPORT OF GRID POWER AT 220 KV, PANIPAT IOCL,HARYANA",Indian Oil Corporation Limited,IOCL,HARYANA,2022-06,2024-03,9,10,1.11
N16000463,CITY GAS DISTRIBUTION NETWORK PROJECT AT ANGUL AND DHENKANAL,Bharat Petroleum Corporation Limited,BPCL,ODISHA,2023-04,2024-03,9,10,1.11
N16000466,"CITY GAS DISTRIBUTION NETWORK PROJECT AT AMETHI, RAEBARELI AND PRATAPGARH","[N16000465],BPCL,ODISHA",BPCL,UTTAR PRADESH,2023-05,2024-03,9,10,1.11
N18000334,GURHAH SOLAR POWER PROJECT 90 - Work awarded to M/,Satluj Jal Vidyut Nigam Limited,SJVN,UTTAR PRADESH,2023-04,2024-03,9,10,1.11
N24000514,"WIDENING TO 4/6 LANES OF EXISTING NH-17 FROM KM 531/934 (AFTER ZUARI BR.) TO KM 536/250 JN. WITH VER MoRTH,GOA","[N24001289],MoRTH,ARUNACHAL PRADESH",MoRTH,GOA,2022-06,2023-11,9,10,1.11
N24000758,"CONSTRUCTION OF TWO LANE WITH HARD SHOULDERS OF CHAKABAMA-ZUNHEBOTO ROAD FROM EXISTING KM100.345 TO NHIDCL,NAGALAND","[N24000967],MoRTH,ANDHRA PRADESH",NHIDCL,NAGALAND,2023-04,2024-03,9,10,1.11
N24000875,"REHABILITATION AND UP- GRADATION OF EXISTING INTERMEDIATE LANE FLEXIBLE PAVEMENT TO 2L+PS FLEXIBLE PA MoRTH,MADHYA PRADESH","[N24001380],MoRTH,TAMIL NADU",MoRTH,MADHYA PRADESH,2022-06,2023-11,9,10,1.11
N24000888,"UPGRADATION OF PAWAI- SALEHA-JASSO-NAGOD ROAD TO 2L + PS MoRTH,MADHYA PRADESH","[N24001289],MoRTH,ARUNACHAL PRADESH",MoRTH,MADHYA PRADESH,2022-06,2023-11,9,10,1.11
N24001033,MANTHA TALUKAS BORDER TO PARTUR 147 Physical progr,"[N24000967],MoRTH,ANDHRA PRADESH",MoRTH,MAHARASHTRA,2022-06,2023-11,9,10,1.11
N24001034,PARTUR TO MAJALGAON 97 Physical progress for the m,"[N24001289],MoRTH,ARUNACHAL PRADESH",MoRTH,MAHARASHTRA,2022-06,2023-11,9,10,1.11
N24001055,HELWAK TO KARAD 171 Physical progress for the mont,Ministry Of Road Transport And Highways (State Pwds),MoRTH,MAHARASHTRA,2022-06,2023-11,9,10,1.11
N24001064,"DHANGIPIMPRI TO JALNA AND AMBAD CHOWK TO MANTH CHOWK MoRTH,MAHARASHTRA","[N24001289],MoRTH,ARUNACHAL PRADESH",MoRTH,MAHARASHTRA,2022-06,2023-11,9,10,1.11
N24001088,JALGAON TO NANDURA 261 Physical progress for the m,"[N24000967],MoRTH,ANDHRA PRADESH",MoRTH,MAHARASHTRA,2022-06,2023-11,9,10,1.11
N24001104,MALEWADA TO CHIMUR 88 Physical progress for the mo,"[N24001289],MoRTH,ARUNACHAL PRADESH",MoRTH,MAHARASHTRA,2022-06,2023-11,9,10,1.11
N24001499,4L OF AHMEDNAGAR - MIRAJGAON - KARMALA - TEMBHURNI (PKG-II) [GHOGARGAON TO AHMEDNAGAR- SOLPAUR DISTR,"[N24000662],NHAI,PUNJAB",NHAI,MAHARASHTRA,2023-04,2024-03,9,10,1.11
N24001760,"2L PS OF UJJAIN - JHALAWAR (UPTO RJ BORDER) FROM KM. (- )0.650 TO KM. 132.955 OF NH-552G NHAI,MADHYA PRADESH","[N24000662],NHAI,PUNJAB",NHAI,MADHYA,2023-05,2024-03,9,10,1.11
N16000352,"2ND GENERATION ETHANOL PLANT AT PANIPAT REFINERY IOCL,HARYANA",Indian Oil Corporation Limited,IOCL,HARYANA,2023-04,2024-03,9,9,1.0
N24001007,ANJANGAON TO MAH/MP BORDER 110 Physical progress f,"[N24000967],MoRTH,ANDHRA PRADESH",MoRTH,MADHYA PRADESH,2022-06,2023-11,9,9,1.0
N24001196,"OUR LANNNING OF DOLABARI TO JAMUGURI SECTION FROM KM 17.300 OF NH 37A TO KM 182.00 OF NH52 IN THE ST NHIDCL,ASSAM","[N24000967],MoRTH,ANDHRA PRADESH",NHIDCL,ASSAM,2023-04,2024-03,9,9,1.0
N24001288,CONSTRUCTION OF 2-LANE WITH PAVED SHOULDER OF KOHIMA- BYPASS ROAD FROM DESIGN KM 0.00 TO KM 10.500 [D (NHIDCL ),ROAD TRANSPORT AND HIGHWAYS,NHIDCL,NAGALAND,2022-06,2025-03,8,21,2.62
N24002047,"6L ACCESS CONTROLLED HIGHWAY FROM JN WITH JAITPUR PUSHTA ROAD TO JN WITH SECTOR 62/65 DIVIDING ROAD NHAI,HARYANA","[N24001588],NHAI,CHHATTISGARH",NHAI,HARYANA,2024-02,2024-12,8,12,1.5
N16000531,GURDASPUR JAMMU PIPELINE (GAIL ),PETROLEUM,GAIL,MULTI STATE,2024-07,2025-03,8,11,1.38
N21000033,500 BEDDED HOSPITAL INCLUDING 50 SUPERSPECIALITY BEDS FOR ESIC AT PUNE (CPWD ),HEALTH AND FAMILY WELFARE,CPWD,MAHARASHT RA,2024-07,2025-03,8,11,1.38
N24002123,6L ACCESS CONTROLLED GREENFIELD HIGHWAY FROM CHANDRASEKHARAPURAM (CH. 228+000) TO POLAVARAM (CH. 260 (NHAI ),HIGHWAYS,NHAI,ANDHRA PRADESH,2024-07,2025-03,8,11,1.38
N24002139,4-LANE WITH PAVED SHOULDERS FROM KM 32/0 TO KM 79/650 (DESIGN CHAINAGE KM 32+000 TO KM 78+760) PUTTA (MoRTH ),HIGHWAYS,MoRTH,ANDHRA PRADESH,2024-07,2025-03,8,11,1.38
N28000158,KOCHI METRO RAIL PROJECT PHASE II FROM JLN STADIUM TO INFOPARK VIA KAKKANAD (KMRCL ),URBAN DEVELOPMENT,KMRCL,KERALA,2024-07,2025-03,8,11,1.38
N28000159,KOCHI METRO RAIL PROJECT PHASE IB SECTION FROM S N JUNCTION TO THRIPUNITHURA (KMRCL ),URBAN DEVELOPMENT,KMRCL,KERALA,2024-07,2025-03,8,11,1.38
N22000560,"WHITEFIELD-KOLAR (52.9 KM) SWR,KARNATAKA",South Western Railway,SWR,KARNATAKA,2023-08,2024-06,8,10,1.25
N06000225,MAHANADI COAL FIELDS LIMITED ANANTA OCP EXPANSION PH III 36,Mahanadi Coal Fields Limited,MCL,ODISHA,2022-06,2023-10,8,9,1.12
N16000443,CREATION OF GAS DEHYDRATION FACILITIES 154 Facility,Oil & Natural Gas Corporation Limited,ONGC,TRIPURA,2022-06,2023-10,8,9,1.12
N16000469,"DEVELOPMENT OF NELP BLOCK KG-ONN-2003/1 NAGAYALANKA FIELD-PH II ONGC,ANDHRA PRADESH",Oil & Natural Gas Corporation Limited,ONGC,ANDHRA,2023-04,2023-11,8,9,1.12
N16000493,"LEASE OF MBPT RECLAIMED LAND AT JAWAHAR DWEEP HPCL,MAHARASHTR A",PETROLEUM,HPCL,MAHARASHTRA,2023-06,2024-03,8,9,1.12
N22000527,PARASNATH- MADHUBAN-GIRIDIH (ECR ),East Central Railways,ECR,JHARKHAND,2023-08,2024-06,8,9,1.12
N22000531,"CHITRA - BASUKINATH (38.30 KM) ER,JHARKHAND",Eastern Railways,ER,JHARKHAND,2023-08,2024-06,8,9,1.12
N24001023,NAGAJ TO VAIJAPUR 86 Physical progress for the mon,"[N24001289],MoRTH,ARUNACHAL PRADESH",MoRTH,MAHARASHTRA,2023-04,2023-11,8,9,1.12
N24001074,KHAMGAON TO DEULGAON SAKARSHA 295 Project approve,"[N24000967],MoRTH,ANDHRA PRADESH",MoRTH,MAHARASHTRA,2022-06,2023-11,8,9,1.12
N24001249,2-LANING FROM MANU-SIMLUNG ( PKG III) 460,"[N24001267],NHIDCL,TRIPURA",NHIDCL,TRIPURA,2022-06,2023-10,8,9,1.12
N24001260,CONSTRUCTION OF 2-LANE WITH HARD SHOULDER OF PEREN- DIMAPUR SECTION ON NH129A FROM DESIGN KM109.494 T,"[N24000967],MoRTH,ANDHRA PRADESH",NHIDCL,NAGALAND,2022-06,2023-10,8,9,1.12
N24001308,KAILASHAHAR TO KHOWAI PKG-5 499,"[N24000967],MoRTH,ANDHRA PRADESH",NHIDCL,TRIPURA,2022-06,2023-10,8,9,1.12
N24001310,KAILASHAHAR TO KHOWAI PKG-3 500,"[N24000967],MoRTH,ANDHRA PRADESH",NHIDCL,TRIPURA,2022-06,2023-10,8,9,1.12
N24001364,DABOKA KATHKATI PACKAGE-2 541,"[N24000967],MoRTH,ANDHRA PRADESH",NHIDCL,ASSAM,2022-06,2023-10,8,9,1.12
N24001365,DABOKA KATHKATI PACKAGE-4 518,"[N24000967],MoRTH,ANDHRA PRADESH",NHIDCL,ASSAM,2022-06,2023-10,8,9,1.12
N24001459,"CONSTRUCTION OF 1 ROB CUM FLYOVER FROM KM 136.200 TO 137.800 AND 2 FLYOVERS MoRTH,UTTAR PRADESH","[N24000967],MoRTH,ANDHRA PRADESH",MoRTH,UTTAR,2023-04,2024-03,8,9,1.12
N24001498,"4L OF AHMEDNAGAR - MIRAJGAON - KARMALA - TEMBHURNI (PKG-I) [AHMEDNAGAR TO GHOGARGAON] FROM KM. 0.00 NHAI,MAHARASHTRA","[N24000736],NHAI,ODISHA",NHAI,MAHARASHTRA,2023-04,2024-03,8,9,1.12
N24001741,"4L PS OF MEERUT TO AFTER BRIDGE OVER RIVER YAMUNA, HARYANA VIA SHAMLI-FROM KM. 0.00 TO KM. 88.476 OF NHAI,UTTAR PRADESH","[N24000556],NHAI,UTTAR PRADESH",NHAI,UTTAR PRADESH,2023-04,2023-11,8,9,1.12
N24001776,"DEVELOPMENT OF 6L UER II [PACKAGE - III] (NANGLOI - NAJAFGARH ROAD TILL SECTOR 24 DWARKA) FROM KM. 2 NHAI,DELHI","[N24001762],NHAI,MADHYA PRADESH",NHAI,DELHI,2023-05,2024-03,8,9,1.12
N40000003,"CONSTRUCTION OF A NEW STATE OF ART EDUCATIONAL CAMPUS FOR IIFT AT MAIDAN GARHI, NEW DELHI",Nbcc For Commerce,"NBCC FOR
COMMER",DELHI,2022-06,2023-10,8,9,1.12
N16000465,CITY GAS DISTRIBUTION NETWORK PROJECT AT JAGATSINGHPUR AND KENDRAPARA,Bharat Petroleum Corporation Limited,BPCL,ODISHA,2023-04,2024-03,8,8,1.0
N24000257,"CONSTRUCTION OF MARGOA WESTERN BYPASS FOR NH-17 (NEW NH-66 ) FROM KM. 26 /200 ( CHAINAGE 00/00) TO K MoRTH,GOA","[N24001289],MoRTH,ARUNACHAL PRADESH",MoRTH,GOA,2022-06,2023-11,8,8,1.0
N24000258,"CONST. OF MISSING LINK BETWEEN KM. 11/680 TO KM. 14/020 AND WIDENING OF EXISTING TWO LANE ROAD MoRTH,GOA","[N24001289],MoRTH,ARUNACHAL PRADESH",MoRTH,GOA,2022-06,2023-11,8,8,1.0
N24001063,"WADIGODRI TO DHANGRIPIMPRI MoRTH,MAHARASHTRA","[N24001289],MoRTH,ARUNACHAL PRADESH",MoRTH,MAHARASHTRA,2023-04,2023-11,8,8,1.0
N24001324,KHELLANI-KHANABAL PKG-6 523,"[N24000967],MoRTH,ANDHRA PRADESH",NHIDCL,JAMMU AND KASHMIR,2022-06,2023-10,8,8,1.0
N16000532,BORHOLLA GGS LIFE EXTENSION PROJECT (ONGC ),PETROLEUM,ONGC,ASSAM,2024-08,2025-03,7,20,2.86
N24001257,CONSTRUCTION OF 2-LANE WITH PAVED SHOULDER OF KOHIMA- BYPASS ROAD FROM DESIGN KM21.0 TO KM32.0 [DESIG (NHIDCL ),ROAD TRANSPORT AND HIGHWAYS,NHIDCL,NAGALAND,2024-08,2025-03,7,20,2.86
N04000112,"DARBHANGA:DEVELOPMENT OF NEW CIVIL ENCLAVE AT DARBHANGA, BIHAR. SH- CONSTRUCTION OF NEW TERMINAL BUI (AAI )",CIVIL AVIATION,AAI,BIHAR,2024-08,2025-03,7,10,1.43
N04000113,AGRA: DEVELOPMENT OF NEW CIVIL ENCLAVE AT AGRA AIRPORT. (AAI ),CIVIL AVIATION,AAI,UTTAR PRADESH,2024-08,2025-03,7,10,1.43
N04000114,"VARANASI: DEVELOPMENT OF LAL BAHADUR SHASTRI INTERNATIONAL AIRPORT, VARANASI. (AAI )",CIVIL AVIATION,AAI,UTTAR PRADESH,2024-08,2025-03,7,10,1.43
N06000272,ITAPARA OC (ECL ),ITAPARA OC (ECL ) (N06000272 ),ECL,WEST BENGAL,2024-08,2025-03,7,10,1.43
N06000273,AMALGAMATED NTST KUJAMA OCP 8.5 MTY (BCCL ),EPR PUNDI OCP (CCL ) (N06000242 ),BCCL,JHARKHAND,2024-08,2025-03,7,10,1.43
N06000274,KATKONA RO UG PROJECT (1.74 MTY) (SECL ),COAL,1.74 MTY,CHHATTISG ARH,2024-08,2025-03,7,10,1.43
N06000275,HURA C OC (ECL ),EPR PUNDI OCP (CCL ) (N06000242 ),ECL,JHARKHAND,2024-08,2025-03,7,10,1.43
N06000276,UCE OF TILABONI UG (ECL ),UCE OF TILABONI UG (ECL ) (N06000276 ),ECL,WEST BENGAL,2024-08,2025-03,7,10,1.43
N06000277,UCE OF PARASEA BELBAID REORGANISATION UG (ECL ),UCE OF TILABONI UG (ECL ) (N06000276 ),ECL,WEST BENGAL,2024-08,2025-03,7,10,1.43
N16000533,PRP-VIII GROUP B (NH AND BS ASSET) (ONGC ),"CGD PROJECT AT BEED, JALGAON AND JALNA DISTRICTS (IOCL ) (N16000487 )",NH AND BS ASSET,PETROLEUM,2024-08,2025-03,7,10,1.43
N16000534,HP TDAE UNIT IN MUMBAI REFINERY (HPCL ),"CGD PROJECT AT BEED, JALGAON AND JALNA DISTRICTS (IOCL ) (N16000487 )",HPCL,PETROLEUM,2024-08,2025-03,7,10,1.43
N22000609,AZIMGANJ-MURSHIDABAD (JIYAGANJ) INCL. RLY. BRIDGE OVER RIVER BHAGIRATHI (ER ),Eastern Railways,ER,WEST BENGAL,2023-08,2025-03,7,10,1.43
N24002150,CONSTRUCTION OF BALRAMPUR BYPASS WITH 2L FLEXIBLE PAVEMENT CONFIGURATION FROM KM.223.000 OF NH- 330 T (MoRTH ),CONSTRUCTION OF BALRAMPUR BYPASS WITH 2L FLEXIBLE PAVEMENT CONFIGURATION FROM KM.223.000 OF NH-330 T (MoRTH ) (N24002150 ),MoRTH,ROAD TRANSPORT AND HIGHWAYS,2024-08,2025-03,7,10,1.43
N24002151,WIDENING TO 4L/4L+PS AND STRENGTHENING IN SELECTED STRETCHES FROM KM 0/8 TO 50/570 OF NH 532 INCLUD (MoRTH ),WIDENING TO 4L/4L+PS AND STRENGTHENING IN SELECTED STRETCHES FROM KM 0/8 TO 50/570 OF NH 532 INCLUD (MoRTH ) (N24002151 ),MoRTH,ROAD TRANSPORT AND HIGHWAYS,2024-08,2025-03,7,10,1.43
N24002152,WIDENING FROM 2L+PS TO 4L/4L+PS AND IMPROVEMENTS THE SELECTED STRETHCES FROM KM 26/5 - 81/2 INCLU (MoRTH ),WIDENING FROM 2L+PS TO 4L/4L+PS AND IMPROVEMENTS THE SELECTED STRETHCES FROM KM 26/5 - 81/2 INCLU (MoRTH ) (N24002152 ),MoRTH,ROAD TRANSPORT AND HIGHWAYS,2024-08,2025-03,7,10,1.43
N24002153,"STRENGTHENING OF 2L+PS FROM KM 17/8 ? 18/2, CONSTRUCTION OF 2L+PS FROM KM 18/2 TO KM 20/0 AND CONSTR (MoRTH )","STRENGTHENING OF 2L+PS FROM KM 17/8 ? 18/2, CONSTRUCTION OF 2L+PS FROM KM 18/2 TO KM 20/0 AND CONSTR (MoRTH ) (N24002153 )",MoRTH,ROAD TRANSPORT AND HIGHWAYS,2024-08,2025-03,7,10,1.43
N22000588,"BUDNI-BARKHERA - 3RD LINE (33 KM) RVNL,MADHYA PRADESH",Rail Vikas Nigam Ltd.,RVNL,MADHYA,2023-08,2024-06,7,9,1.29
220100193,"HUBLI-ANKOLA(NL),SWR 139 1) The completion estimat",South Western Railway,SWR,KARNATAKA,2022-06,2023-09,7,8,1.14
N16000345,PARADIP SOMNATHPUR HALDIA PIPELINE 81 Works in ful,Indian Oil Corporation Limited,IOCL,ODISHA,2022-06,2023-09,7,8,1.14
N16000471,CREATION OF GDU AND DPD FACILITIES AT RAJAHMUNDRY 155,Oil & Natural Gas Corporation Limited,ONGC,ANDHRA,2023-04,2023-10,7,8,1.14
N16000501,"SETTING UP OF 10 MW ELECTROLYSER FOR PRODUCING GREEN HYDROGEN GAIL,MADHYA PRADESH",PETROLEUM,GAIL,MADHYA,2023-09,2024-06,7,8,1.14
N22000264,BHADRACHALAM-KOVVUR 185 Kondapalli-Vijayawada Part,South Central Railway,SCR,MULTI STATE,2022-06,2023-09,7,8,1.14
N22000272,ROHTAK-MEHAM HANSI 142 Final location survey compl,Northern Railway,NR,HARYANA,2022-06,2023-09,7,8,1.14
N22000315,"SAMBALPUR-TALCHER DOUBLING 50 ""Sunakhani-Samal sec",East Coast Railway,ECOR,ODISHA,2022-06,2023-09,7,8,1.14
N22000346,DEDICATED FREIGHT CORRIDOR CORPORATION OF INDIA LTD EASTER,Dedicated Freight Corridor Corporation Of India Ltd,DFCC,MULTI STATE,2022-06,2023-09,7,8,1.14
N22000428,CONTAINER CORPORATION OF INDIA MULTI MODAL LOGISTICS PARK,Container Corporation Of India,CCOI,GUJARAT,2022-06,2023-09,7,8,1.14
N22000451,MADURAI - MANIYACHI - TUTICORIN (160 KM) DOUBLING 1,Rail Vikas Nigam Ltd.,RVNL,TAMIL NADU,2022-06,2023-09,7,8,1.14
N22000509,"TALGARIA TO BOKARO N/CABIN DOUBLING(38 KM) 205 """"""",South Eastern Railway,SER,JHARKHAND,2022-06,2023-09,7,8,1.14
N22000530,"Rampurhat-Murarai (29.48 km)-3rd line ER,WEST BENGAL",Eastern Railways,ER,WEST BENGAL,2023-08,2024-06,7,8,1.14
N22000617,FLYOVER AT BILASPUR (KHODRI- ANUPPUR) 10 KM (SECR ),South East Central Railway,SECR,CHHATTISGARH,2023-08,2024-06,7,8,1.14
N24000913,WIDENING TO 2LPS FROM 50/0 TO 140/9 OF NH-57 (SONEPUR TO MADHAPUR) IN THE STATE OF ODISHA,"[N24001289],MoRTH,ARUNACHAL PRADESH",MoRTH,ODISHA,2023-04,2023-10,7,8,1.14
N24000958,UPGRADATION TO 2 LANE WITH PAVED SHOULDER FROM KM . 0/0 TO 43/900 OF KUNDAL-NAYA KHEDA-JHADOL-SOM-,"[N24001289],MoRTH,ARUNACHAL PRADESH",MoRTH,RAJASTHAN,2022-06,2023-09,7,8,1.14
N24001071,JALKOT TO TOGRI 244 Physical progress for the mont,"[N24001289],MoRTH,ARUNACHAL PRADESH",MoRTH,MAHARASHTRA,2023-04,2023-11,7,8,1.14
N24001194,WIDENING OF EXISTING ROAD TO 2 LANE NH STANDARDS ALONG WITH IMPROVEMENT AND REALIGNMENT FROM NECHIPU,Ministry Of Road Transport And Highways (State Pwds),MoRTH,ARUNACHAL PRADESH,2022-06,2023-09,7,8,1.14
N24001329,2-LANING OF KHOWAI -AGARTALA SECTION FROM DESIGN KM 6.500 TO KM 19.300 OF NH-208A PKG-1,"[N24000967],MoRTH,ANDHRA PRADESH",NHIDCL,TRIPURA,2022-06,2023-09,7,8,1.14
N24001380,(N24001380 ) FOUR LANING OF VILUPPURAM TO PUDHUCHERRY (DESIGN CH. KM. 00/000 TO KM. 29/000) SECTION OF NH-45A ON (NHAI ),"[N24001467],MoRTH,NAGALAND",MoRTH,TAMIL NADU,2022-06,2024-09,7,8,1.14
N24001800,"BALANCE WORKS OF 4L AMRAVATI - CHIKHLI (PKG I) [AMRAVATI TO KURANKHED FROM KM. 166.00 TO KM. 220.00] NHAI,MAHARASHTRA","[N24000662],NHAI,PUNJAB",NHAI,MAHARASHTRA,2023-05,2023-11,7,8,1.14
N24001801,"BALANCE WORKS OF 4L AMRAVATI - CHIKHLI (PKG II) [KURANKHED TO SHELAD FROM KM. 220.00 TO KM. 270.00] NHAI,MAHARASHTRA",PRADESH,NHAI,MAHARASHTRA,2023-05,2023-11,7,8,1.14
N22000086,"NEW B.G. LINE FROM TETELIA TO BYRNIHAT (NATIONAL PROJECT), NEFR",North East Frontier Railway,NFR,ASSAM,2022-06,2023-09,7,7,1.0
N22000229,"DANKUNI-CHANDANPUR 4TH LINE, 1ST PHASE OF DANKUNI- SHAKTIGARH 4TH LINE WITH MM BARUIPARA FURFURA NL",Eastern Railways,ER,MULTI STATE,2022-06,2023-09,7,7,1.0
N24000232,"FOUR LANING OF KIRATPUR NEAR CHOUK SECTION (73.20 KM TO186.50 KM) NHAI,HIMACHAL PRADESH",Date of Commissioning,"73.20 KM TO186.50
KM",HIMACHAL PRADESH,2022-06,2025-03,7,7,1.0
N24000471,"FOUR LANING OF RAMBAN - BANIHAL SECTION OF NH-1A NHAI,JAMMU AND KASHMIR",Date of Commissioning,NHAI,JAMMU AND KASHMIR,2022-06,2025-03,7,7,1.0
N24000473,FOUR LANING OF PATNA TO KOILWAR 633 This project w,Date of Commissioning,NHAI,BIHAR,2022-06,2025-03,7,7,1.0
N24000606,"TWO LANNING WITH FORMATION OF FOUR LANE OF PROPOSED SHIMLA BYPASS NHAI,HIMACHAL PRADESH",Date of Commissioning,NHAI,HIMACHAL PRADESH,2022-06,2025-03,7,7,1.0
N24000950,"WIDENING, STRENGTHENING AND RECONSTRUCTION OF NH-552- EXTN FROM KM 76/600 TO 112/00 (SAWAI MADHOPUR","[N24001289],MoRTH,ARUNACHAL PRADESH",MoRTH,RAJASTHAN,2022-06,2023-09,7,7,1.0
N24001000,STRENGTHENING AND WIDENING TO 2 LANE WITH PAVED SHOULDER FROM KM 103.865 TO 142.050 (GAYA- GOH) OF NH,"[N24001289],MoRTH,ARUNACHAL PRADESH",MoRTH,BIHAR,2022-06,2023-09,7,7,1.0
N28000120,"CONSTRUCTION OF VARIOUS BUILDINGS UNDER PHASE 1C AT IIT ROPAR, PUNJAB",Cpwd Of Higher Education,"CPWD
EDUCATION",PUNJAB,2022-06,2023-09,7,7,1.0
N24002154,CONSTRUCTION OF 4-LANE PANCHGRAM BYPASS FROM DESIGN CHAINAGE KM 15+500 ON NH-37 (OLD NH- 53) AT KALIN (NHIDCL ),ROAD TRANSPORT AND HIGHWAYS,OLD NH-53,ASSAM,2024-09,2025-03,6,18,3.0
N24002155,WIDENING/IMPROVEMENT TO 4- LANE WITH PAVED SHOULDER FROM KM 55+000 (NAGABANG GAMSUK) TO KM 82+514 (OY (NHIDCL ),ROAD TRANSPORT AND HIGHWAYS,"NAGABANG
GAMSUK",ASSAM,2024-09,2025-03,6,18,3.0
N24002156,CONSTRUCTION OF 2-LANE WITH PAVED SHOULDER OF SHILLONG WESTERN BYPASS STARTING FROM NH- 06 NEAR LADUM (NHIDCL ),ROAD TRANSPORT AND HIGHWAYS,NHIDCL,MEGHALAYA,2024-09,2025-03,6,18,3.0
N24002157,SHILLONG WESTERN BYPASS PACKAGE- 2 (NHIDCL ),ROAD TRANSPORT AND HIGHWAYS,NHIDCL,MEGHALAYA,2024-09,2025-03,6,18,3.0
N24002158,CONSTRUCTION OF 2-LANE WITH PAVED SHOULDERS OF SHILLONG WESTERN BYPASS STARTING FROM NH- 06 NEAR LADU (NHIDCL ),ROAD TRANSPORT AND HIGHWAYS,NHIDCL,MEGHALAYA,2024-09,2025-03,6,18,3.0
N24002159,REHABILITATION AND UP- GRADATION OF ROAD FROM DESIGN KM 25.250 TO KM 36.460 (TOTAL LENGH: 11.210 KM) (NHIDCL ),ROAD TRANSPORT AND HIGHWAYS,NHIDCL,TRIPURA,2024-09,2025-03,6,18,3.0
N24002160,IMPROVEMENT AND WIDENING TO 2- LANE WITH PAVED SHOULDER OF ROAD FROM KM 101.300 TO KM 127.319 (TOTAL (NHIDCL ),ROAD TRANSPORT AND HIGHWAYS,NHIDCL,TRIPURA,2024-09,2025-03,6,18,3.0
N24002161,KHOWAI ?TELIAMURA-AMARPUR- HARINA-SABROOM PACKAGE-2 (NHIDCL ),ROAD TRANSPORT AND HIGHWAYS,NHIDCL,TRIPURA,2024-09,2025-03,6,18,3.0
N24002162,KHOWAI ?TELIAMURA-AMARPUR- HARINA-SABROOM PACKAGE-3 (NHIDCL ),ROAD TRANSPORT AND HIGHWAYS,NHIDCL,TRIPURA,2024-09,2025-03,6,18,3.0
N16000535,HP TRIJET UNIT IN VR (HPCL ),PETROLEUM,HPCL,ANDHRA PRADESH,2024-09,2025-03,6,9,1.5
N16000536,DEMO PLANT FOR PRODUCTION OF BIO- ATF (MANGALORE REFIN ),PETROLEUM,MANGALORE REFIN,KARNATAK A,2024-09,2025-03,6,9,1.5
N16000537,INTEGRATED DEVELOPMENT OF 4 CONTRACT AREAS UNDER DSF2 (ONGC ),PETROLEUM,ONGC,MAHARASH TRA,2024-09,2025-03,6,9,1.5
N18000390,TS FOR EVACUATION OF POWER FROM 7GW REZ IN KHAVDA AREA UNDER PHASE- IV PART E2 (PGCIL ),POWER,PGCIL,GUJARAT,2024-09,2025-03,6,9,1.5
N18000391,TS FOR EVACUATION POWER FROM RAJASTHAN REZ PH-IV (PART-2:5.5GW) PART- B (JAISALMER/BARMER COMPLEX) (PGCIL ),POWER,PGCIL,RAJASTHAN,2024-09,2025-03,6,9,1.5
N18000392,TS FOR EVACUATION POWER RAJASTHAN REZ PH-IV (PART-2:5.5GW) (JAISALMER/BARMER COMPLEX): PART- C (PGCIL ),POWER,PGCIL,MADHYA PRADESH,2024-09,2025-03,6,9,1.5
N18000393,TS FOR EVACUATION POWER FROM RAJASTHAN REZ PH-IV (PART- 2:5.5GW) (JAISALMER/BARMER COMPLEX) PART-C (PGCIL ),POWER,PGCIL,RAJASTHAN,2024-09,2025-03,6,9,1.5
N18000394,TS FOR EVACUATION POWER FROM RAJASTHAN REZ PH-IV (PART- 2:5.5GW) (JAISALMER/BARMER COMPLEX) PART-E (PGCIL ),POWER,PGCIL,RAJASTHAN,2024-09,2025-03,6,9,1.5
N18000395,AUGMENTATION OF 1500MVA 3RD 765/400KV TRANSFORMATION CAPACITY AT KURNOOL NEW SUBSTATION (PGCIL ),POWER,PGCIL,ANDHRA PRADESH,2024-09,2025-03,6,9,1.5
N24002163,CONSTRUCTION FOR MITIGATION MEASURES KM 368.00- UTTARAKHAND-TO KM 433.00 ON NH- 07-PKG-1 (NHIDCL ),ROAD TRANSPORT AND HIGHWAYS,NHIDCL,ND,2024-09,2025-03,6,9,1.5
N24002164,CONSTRUCTION FOR MITIGATION MEASURES KM 450.00- UTTARAKHAND-TO KM 468.00 ON NH- 07-PKG-3 (NHIDCL ),ROAD TRANSPORT AND HIGHWAYS,NHIDCL,ND,2024-09,2025-03,6,9,1.5
N24002165,CONSTRUCTION OF BYPASS TO MADURAI - ACHAMBATHU - VIRATIPATHU IN KM 6/850 - 10/382 OF NH 49 EXTN. (NE (MoRTH ),ROAD TRANSPORT AND HIGHWAYS,MoRTH,TAMIL NADU,2024-09,2025-03,6,9,1.5
220100327,KHURDA ROAD - BARANG 3RD LINE (DL) (ECOR) 96 The P,Rail Vikas Nigam Ltd.,RVNL,ODISHA,2023-04,2023-09,6,7,1.17
N12000086,NATIONAL MINERAL DEVELOPMENT CORPORATION (NMDC) NMDC INTEGRATED STEEL PLANT 1,National Mineral Development Corporation (Nmdc),NMDC,CHHATISGARH,2022-06,2023-08,6,7,1.17
N16000334,"BARAUNI-GUWAHATI PIPELINE 21 ""¿ Steel pipeline lay",Gas Authority Of India Limited,GAIL,MULTI STATE,2022-06,2023-08,6,7,1.17
N16000373,RESITEMENT OF RANCHI AND DHANBAD OLD POL DEPOT AT BOKARO.,Bharat Petroleum Corporation Limited,BPCL,JHARKHAND,2022-06,2023-08,6,7,1.17
N18000369,CHATTI BARIATU COAL MINING PROJECT (NTPC ),National Thermal Power Corporation,NTPC,JHARKHAND,2023-10,2024-06,6,7,1.17
N22000431,MULTI MODAL LOGISTICS PARK AT KAKINADA 12 Project,Container Corporation Of India,CCOI,ANDHRA,2023-04,2023-09,6,7,1.17
N24000252,CONSTRUCTION OF MAJOR BRIDGE WITH APPROACHES ACROSS PRANHITA RIVER AT KM 57.300 ON NH-63,"[N24001289],MoRTH,ARUNACHAL PRADESH",MoRTH,MAHARASHTRA,2022-06,2023-08,6,7,1.17
N24000323,4 LANING FROM KALIABOR TINALI TO DOLABARI SECTION FROM KM 0.0 TO KM 17.3 OF NH 37A INCL. ADDITIONAL,"[N24000967],MoRTH,ANDHRA PRADESH",NHIDCL,ASSAM,2022-06,2023-10,6,7,1.17
N24000412,MANGAWA-MP/UP BORDER SECTION OF NH-27 (4L) IN MP 10,"[N24001289],MoRTH,ARUNACHAL PRADESH",MoRTH,MADHYA PRADESH,2022-06,2023-08,6,7,1.17
N24000574,"ENGINEERING, PROCUREMENT, AND CONSTRUCTION OF REHABILITATION AND UPGRADING TO 2-LANES/2 -LANE WITH P","[N24001380],MoRTH,TAMIL NADU",MoRTH,BIHAR,2022-06,2023-08,6,7,1.17
N24000872,UPGRADATION OF MORENA-PORSA ROAD TO 2L + PS 284 Pr,"[N24001289],MoRTH,ARUNACHAL PRADESH",MoRTH,MADHYA PRADESH,2022-06,2023-08,6,7,1.17
N24001006,AKOT TO ANJANGAON 111 Physical progress for the mo,"[N24001289],MoRTH,ARUNACHAL PRADESH",MoRTH,MAHARASHTRA,2022-06,2023-08,6,7,1.17
N24001009,KHAMGAON TO SHEGAON 129 Project under implementati,"[N24000967],MoRTH,ANDHRA PRADESH",MoRTH,MAHARASHTRA,2022-06,2023-08,6,7,1.17
N24001010,SHEGAON TO DEORI PHATA 181 Physical progress for t,"[N24001289],MoRTH,ARUNACHAL PRADESH",MoRTH,MAHARASHTRA,2022-06,2023-08,6,7,1.17
N24001014,NANDGAON TO MORSHI 108 Physical progress for the m,"[N24001289],MoRTH,ARUNACHAL PRADESH",MoRTH,MAHARASHTRA,2022-06,2023-08,6,7,1.17
N24001015,MORSHI TO ACHALPUR 107 Physical progress for the m,Ministry Of Road Transport And Highways (State Pwds),MoRTH,MAHARASHTRA,2022-06,2023-08,6,7,1.17
N24001019,KATOL TO WARUD 89 Physical progress for the month,"[N24001289],MoRTH,ARUNACHAL PRADESH",MoRTH,MAHARASHTRA,2022-06,2023-08,6,7,1.17
N24001024,MANGAON TO DIGHI PORT 154 Physical progress for th,"[N24001289],MoRTH,ARUNACHAL PRADESH",MoRTH,MAHARASHTRA,2022-06,2023-08,6,7,1.17
N24001025,INDAPAUR TO AGARDANDA 153 Physical progress for th,"[N24001289],MoRTH,ARUNACHAL PRADESH",MoRTH,MAHARASHTRA,2022-06,2023-08,6,7,1.17
N24001028,PATGAON KHOPOLI SECTION I 218 Project nearing comp,"[N24001380],MoRTH,TAMIL NADU",MoRTH,MAHARASHTRA,2022-06,2023-08,6,7,1.17
N24001052,SANGOLA TO JATH 226 Physical progress for the mont,"[N24001289],MoRTH,ARUNACHAL PRADESH",MoRTH,MAHARASHTRA,2022-06,2023-08,6,7,1.17
N24001056,TEMBHURNI PANDHARPUR MANGALWEDHA MARWADE UMDI 170,"[N24001289],MoRTH,ARUNACHAL PRADESH",MoRTH,MAHARASHTRA,2022-06,2023-08,6,7,1.17
N24001059,SHIVUR TO YEOLA 291 Physical progress for the mont,"[N24001289],MoRTH,ARUNACHAL PRADESH",MoRTH,MAHARASHTRA,2022-06,2023-08,6,7,1.17
N24001066,LATUR TO PANGAON 300 Physical progress for the mon,"[N24001289],MoRTH,ARUNACHAL PRADESH",MoRTH,MAHARASHTRA,2022-06,2023-08,6,7,1.17
N24001083,CHIKLI TO TAKARKHED 263 Physical progress for the,"[N24001289],MoRTH,ARUNACHAL PRADESH",MoRTH,MAHARASHTRA,2022-06,2023-08,6,7,1.17
N24001086,BODHWAD TO STATE BORDER 135 Physical progress for,"[N24001289],MoRTH,ARUNACHAL PRADESH",MoRTH,MAHARASHTRA,2022-06,2023-08,6,7,1.17
N24001093,ARNI TO NAIGAINBANDI 211 Physical progress for the,"[N24000967],MoRTH,ANDHRA PRADESH",MoRTH,MAHARASHTRA,2022-06,2023-08,6,7,1.17
N24001094,NAIGAONBANDI TO MANGRULPIR 169 WORK PHYSICALLY COMPLETED,"[N24001289],MoRTH,ARUNACHAL PRADESH",MoRTH,MAHARASHTRA,2022-06,2023-08,6,7,1.17
N24001096,TALEGAON TO GONAPUR 224 Physical progress for the,"[N24001289],MoRTH,ARUNACHAL PRADESH",MoRTH,MAHARASHTRA,2022-06,2023-08,6,7,1.17
N24001098,WARDHA TO HINGAGHAT 223 Project approved in Jan’18,"[N24000967],MoRTH,ANDHRA PRADESH",MoRTH,MAHARASHTRA,2022-06,2023-08,6,7,1.17
N24001103,SARAD VANI PIMPALGAON 128 Physical progress for th,"[N24001289],MoRTH,ARUNACHAL PRADESH",MoRTH,MAHARASHTRA,2022-06,2023-08,6,7,1.17
N24001115,VADPALE TO BHOGAN KHURD 126 Physical progress for,"[N24001289],MoRTH,ARUNACHAL PRADESH",MoRTH,MAHARASHTRA,2022-06,2023-08,6,7,1.17
N24001116,GADCHIROLI TO MUL 71 Likely date of completion is,"[N24001289],MoRTH,ARUNACHAL PRADESH",MoRTH,MAHARASHTRA,2022-06,2023-08,6,7,1.17
N24001128,BHOKAR TO SARSAM 177 Physical progress for the mon,"[N24001289],MoRTH,ARUNACHAL PRADESH",MoRTH,MAHARASHTRA,2022-06,2023-08,6,7,1.17
N24001133,PARSHURAM GHAT TO ARAWALI 68 Physical progress for,"[N24001289],MoRTH,ARUNACHAL PRADESH",MoRTH,MAHARASHTRA,2022-06,2023-08,6,7,1.17
N24001137,KALMATH TO ZARAP 61 Project Under Implementation.,"[N24001289],MoRTH,ARUNACHAL PRADESH",MoRTH,MAHARASHTRA,2022-06,2023-08,6,7,1.17
N24001236,WIDENING FROM 2 LANE TO 4 LANE AND STRENTHENING THE EXISTING CARRIAGE WAY FROM KM 36/0 -80/0 OF SALE,"[N24001289],MoRTH,ARUNACHAL PRADESH",MoRTH,TAMIL NADU,2022-06,2023-08,6,7,1.17
N24001289,CONSTRUCTION OF 2 LANE ROAD OF POTIN TO PANGIN SECTION OF NH 13 FROM KM 0.00 TO KM 44.35,ROAD TRANSPORT AND HIGHWAYS,MoRTH,ARUNACHAL PRADESH,2022-06,2023-09,6,7,1.17
N24001296,CONSTRUCTION OF 2 LANE ROAD OF POTIN TO PANGIN SECTION OF NH 13 FROM KM 314.25 TO KM 351.383 (PACKAG,"[N24001289],MoRTH,ARUNACHAL PRADESH",MoRTH,ARUNACHAL PRADESH,2022-06,2023-09,6,7,1.17
N24001298,SIX LANING OF EXISTING 4-LANE ROAD FROM GUNDUGOLANU (DESIGN KM 1023.280) TO KALAPARRU (DESIGN KM 105,"[N24000556],NHAI,UTTAR PRADESH",NHAI,ANDHRA PRADESH,2022-06,2023-08,6,7,1.17
N24001554,4L OF HARIDWAR NAGINA SECTION DESIGN CH. LME FROM KM 13.829 TO KM 17.110 AND KM 26.077 TO KM 27.508,National Highways Authority Of India,NHAI,UTTARAKHAND,2023-04,2023-10,6,7,1.17
N24001565,SANGARIYA (NEAR CHAUTALA)- RASISAR (NEAR BIKANER) SECTION OF NH-754K (PHASE-I) (AJ/SR- PACKAGE-7),"[N24000556],NHAI,UTTAR PRADESH",NHAI,RAJASTHAN,2023-04,2023-09,6,7,1.17
N24001574,DEOGARH (NEAR DHANDHANIYA)- RAJASTHAN/GUJARAT BORDER (PHASE-I) (AJ/DRGB-PACKAGE-3),KASHMIR,NHAI,RAJASTHAN,2023-04,2023-09,6,7,1.17
N24001575,DEOGARH (NEAR DHANDHANIYA)-RAJASTHAN/GUJARAT BORDER (PHASE-I) (AJ/DRGB-PACKAGE-4) 717,"[N24000556],NHAI,UTTAR PRADESH",NHAI,RAJASTHAN,2023-04,2023-09,6,7,1.17
N24001576,RASISAR (NEAR BIKANER)-DEOGARH (NEAR DHANDHANIYA) (PHASE-I) (AJ/RD-PACKAGE-1) 699,"[N24001625],NHAI,TELANGANA",NHAI,RAJASTHAN,2023-04,2023-09,6,7,1.17
N24001579,SANGARIYA (NEAR CHAUTALA)- RASISAR (NEAR BIKANER) (PHASE-I) (AJ/SR-PACKAGE-6),"[N24000662],NHAI,PUNJAB",NHAI,RAJASTHAN,2023-04,2023-09,6,7,1.17
N24001580,SANGARIYA (NEAR CHAUTALA)- RASISAR (NEAR BIKANER) (PHASE-I) (AJ/SR-PACKAGE-3),"[N24001560],NHAI,RAJASTHAN",NHAI,RAJASTHAN,2023-04,2023-09,6,7,1.17
N24001581,SANGARIYA (NEAR CHAUTALA)- RASISAR (NEAR BIKANER) (PHASE-I) (AJ/SR-PACKAGE-5),"[N24000556],NHAI,UTTAR PRADESH",NHAI,RAJASTHAN,2023-04,2023-09,6,7,1.17
N24001586,SANGARIYA (NEAR CHAUTALA)- RASISAR (NEAR BIKANER) (AJ/SR- PACKAGE-9),KASHMIR,NHAI,RAJASTHAN,2023-04,2023-09,6,7,1.17
N24001617,4L MISSING LINK (OF REWA BYPASS) FROM JN. WITH NH 30 NEAR BELA TO JN. WITH MPRDC RING ROAD (NEAR SIL,"[N24001719],NHAI,TAMIL NADU",NHAI,MADHYA,2023-04,2023-09,6,7,1.17
N24001930,"FORMATION OF BYPASS ROAD TO KADIRI TOWN FROM ON NH42 MoRTH,ANDHRA PRADESH","[N24000988],MoRTH,TELANGANA",MoRTH,ANDHRA,2023-10,2024-06,6,7,1.17
N24000894,UPGRADATION OF MAKSUDANGARH-SIRONJ ROAD TO 2L + PS,"[N24001289],MoRTH,ARUNACHAL PRADESH",MoRTH,MADHYA PRADESH,2022-06,2023-08,6,6,1.0
N24001053,KARAD TO TAGAON 138 Physical progress for the mont,"[N24001289],MoRTH,ARUNACHAL PRADESH",MoRTH,MAHARASHTRA,2022-06,2023-08,6,6,1.0
N24001117,MUL TO CHANDRAPUR 98,Ministry Of Road Transport And Highways (State Pwds),MoRTH,MAHARASHTRA,2022-06,2023-08,6,6,1.0
N24001118,SAKOLI TO BHANDARA 125,"[N24001289],MoRTH,ARUNACHAL PRADESH",MoRTH,MAHARASHTRA,2022-06,2023-08,6,6,1.0
N24001135,WAKED TO TALEGAON 52 This Project was approved on,"[N24001289],MoRTH,ARUNACHAL PRADESH",MoRTH,MAHARASHTRA,2022-06,2023-08,6,6,1.0
N24001149,RISOD TO HINGOLI 236 Physical progress for the mon,"[N24001289],MoRTH,ARUNACHAL PRADESH",MoRTH,MAHARASHTRA,2022-06,2023-08,6,6,1.0
N24001373,BALANCE WORK OF 2-LANING OF LONGDING– TISSA- KHONSA ROAD (NH-215) ON EPC MODE IN THE STATE OF ARUNAC,"[N24001380],MoRTH,TAMIL NADU",MoRTH,ARUNACHAL PRADESH,2022-06,2023-08,6,6,1.0
N24001584,RASISAR (NEAR BIKANER)- DEOGARH (NEAR DHANDHANIYA) (PHASE-I) (AJ/RD-PACKAGE-2),"[N24001625],NHAI,TELANGANA",NHAI,RAJASTHAN,2023-04,2023-09,6,6,1.0
N24001613,DEOGARH (NEAR DHANDHANIYA)- RAJASTHAN/GUJARAT BORDER (PHASE-I) (AJ/DRGB-PACKAGE-5),KASHMIR,NHAI,RAJASTHAN,2023-04,2023-09,6,6,1.0
N04000115,BAGDOGRA AIRPORT: DEVELOPMENT OF NEW CIVIL ENCLAVE AT BAGDOGRA AIRPORT. SUB-HEAD : CONSTRUCTION OF N (AAI ),CIVIL AVIATION,AAI,WEST BENGAL,2024-10,2025-03,5,7,1.4
N06000278,GAURI CENTRAL OCM (WCL ),COAL,WCL,MAHARASHT RA,2024-10,2025-03,5,7,1.4
N18000371,SCHEME TO RELIEVE HIGH LOADING OF WR-NR INTER REGIONAL CORRIDOR (PGCIL ),Power Grid Corporation Of India Limited,PGCIL,RAJASTHAN,2023-10,2024-09,5,7,1.4
N24002166,FOUR LANING OF RAGHOGARH (DESIGN CH.29.300/EXISTING CH. 29.555) TO NANASA (DESIGN CH.92.971/EXISTING (NHAI ),ROAD TRANSPORT AND HIGHWAYS,NHAI,MADHYA PRADESH,2024-10,2025-03,5,7,1.4
N24002167,UPGRADATION TO 2 LANE WITH PAVED SHOULDER OF HANUMANGARH TO KENCHIYAN OF NH 54 ON EPC MODE IN THE ST (MoRTH ),ROAD TRANSPORT AND HIGHWAYS,MoRTH,RAJASTHAN,2024-10,2025-03,5,7,1.4
N24002168,UPGRADATION TO 2 LANE WITH PAVED SHOULDER FROM NEECHLI ODEN (NATHDWARA) AT DESIGN KM 88.800 TO BHATE (MoRTH ),ROAD TRANSPORT AND HIGHWAYS,NATHDWARA,RAJASTHAN,2024-10,2025-03,5,7,1.4
N24002169,REHABILITATION/UPGRADATION OF EXISTING HIGHWAY TO 2L+PS/4 LANE OF DHAWALI TO RAJOLI FROM DESIGN KM.1 (MoRTH ),ROAD TRANSPORT AND HIGHWAYS,MoRTH,MAHARASHT RA,2024-10,2025-03,5,7,1.4
N24002170,REHABILITATION/ UPGRADATION OF EXISTING HIGHWAY TO FOUR LANE STANDARDS IN KURKHEDA TOWN FROM (KM.413 (MoRTH ),ROAD TRANSPORT AND HIGHWAYS,MoRTH,MAHARASHT RA,2024-10,2025-03,5,7,1.4
N24002171,REHABILITATION & UP- GRADATION FOR TALERE A?? GAGANBAWDAA?? KOLHAPUR ROAD (NH-166G) STRETCHES START F (MoRTH ),ROAD TRANSPORT AND HIGHWAYS,NH-166G,MAHARASHT RA,2024-10,2025-03,5,7,1.4
N24002172,"UP-GRADATION TO 4 LANE CONFIGURATION FOR THE WORK OF PETH NAKA TO SANGLI ROAD, NH- 166H, FROM KM 0+00 (MoRTH )",ROAD TRANSPORT AND HIGHWAYS,MoRTH,MAHARASHT RA,2024-10,2025-03,5,7,1.4
N24002173,REHABILITATION AND UP- GRADATION TO 2 LANE WITH PAVED SHOULDER CONFIGURATION OF MAHUD SANGOLA ROAD NH (MoRTH ),ROAD TRANSPORT AND HIGHWAYS,MoRTH,MAHARASHT RA,2024-10,2025-03,5,7,1.4
N24002174,UP-GRADATION TO FOUR LANE/ TWO LANE WITH PAVED SHOULDERS CONFIGURATION OF KALYAN - MURBAD - MALSHEJ (MoRTH ),ROAD TRANSPORT AND HIGHWAYS,MoRTH,MAHARASHT RA,2024-10,2025-03,5,7,1.4
N24002175,CONSTRUCTION OF FOUR-LANE CONCRETE ROAD FROM POLICE HEADQUARTER GONDIA CITY TO RAWANWADI VILLAGE (BI (MoRTH ),ROAD TRANSPORT AND HIGHWAYS,MoRTH,MAHARASHT RA,2024-10,2025-03,5,7,1.4
N24002176,REHABILITATION/UP GRADATION OF KARANJA ? KHERDA - MURTIZAPUR SECTION TO 4LANE+PAVED SHOULDER STANDA (MoRTH ),ROAD TRANSPORT AND HIGHWAYS,MoRTH,MAHARASHT RA,2024-10,2025-03,5,7,1.4
N24002177,REHABILITATION / UPGRADATION TO 4 LANE WITH PAVED SHOULDER OF EXISTING SECTION IN SILLOD TOWN WITH D (MoRTH ),ROAD TRANSPORT AND HIGHWAYS,MoRTH,MAHARASHT RA,2024-10,2025-03,5,7,1.4
N24002178,"REHABILITATION, UPGRADATION & WIDENING OF EXISTING HIGHWAY TO RIGID PAVEMENT 2 LANE WITH PAVED SHOUL (MoRTH )",ROAD TRANSPORT AND HIGHWAYS,MoRTH,MAHARASHT RA,2024-10,2025-03,5,7,1.4
N24002179,CONSTRUCTION OF 4 LANE WITH PAVED SHOULDER (PATTAN BYPASS) GREENFIELD BYPASS FROM EXISTING CH. KM 24 (BRO ),ROAD TRANSPORT AND HIGHWAYS,"PATTAN
BYPASS",JAMMU AND KASHMIR,2024-10,2025-03,5,7,1.4
N24002180,REHABILITATION AND UPGRADATION TO 2 LANE WITH PAVED SHOULDER FROM EXISTING CHAINAGE KM 166.100 TO KM (BRO ),ROAD TRANSPORT AND HIGHWAYS,BRO,JAMMU AND KASHMIR,2024-10,2025-03,5,7,1.4
N24002181,CONSTRUCTION OF SIX LANE ELEVATED CORRIDOR FROM KM. 508.000 TO KM. 513.150 INCLUDING APPROACHES ON N (MoRTH ),ROAD TRANSPORT AND HIGHWAYS,MoRTH,GOA,2024-10,2025-03,5,7,1.4
N24002182,WORK OF DEVELOPMENT AND CONSTRUCTION OF ELEVATED CORRIDORFROM KM 38/660 TO KM 42/690 (ISCON JUNCTION (MoRTH ),ROAD TRANSPORT AND HIGHWAYS,MoRTH,GUJARAT,2024-10,2025-03,5,7,1.4
N24002183,"WIDENING 2 LANE TO 4-LANE FROM KM 92/320 TO KM 115/320 (VAV CHOKDI- SATLASANA TO TO VRUNDAVAN CHOKDI, (MoRTH )",ROAD TRANSPORT AND HIGHWAYS,MoRTH,GUJARAT,2024-10,2025-03,5,7,1.4
N24002184,CONSTRUCTION OR 4 LANE RANIGANJ BYPASS OF LENGTH 5 261 KM ON NH 60 NEW NH 14 FROM KM 273 00 OF NH (MoRTH ),ROAD TRANSPORT AND HIGHWAYS,MoRTH,WEST BENGAL,2024-10,2025-03,5,7,1.4
N24002185,CONSTRUCTION OF 2 LANE WITH PAVED SHOULDERS (BARAMULLA BYPASS) GREENFIELD BYPASS FROM EXISTING CH. K (BRO ),ROAD TRANSPORT AND HIGHWAYS,"BARAMULLA
BYPASS",JAMMU AND KASHMIR,2024-10,2025-03,5,7,1.4
N24002186,WIDENING TO 2 LANE WITH PAVED SHOULDERS FROM DESIGN KM 103.200 (EXISTING KM 103.200) TO DESIGN KM 11 (MoRTH ),ROAD TRANSPORT AND HIGHWAYS,EXISTING KM 103.200,KARNATAKA,2024-10,2025-03,5,7,1.4
N24002187,CONSTRUCTION OF 2 LANE WITH PAVED SHOULDER FROM KM 55.6 TO KM 90.7 (EXISTING CHAINAGES) OF NH-766C ( (MoRTH ),ROAD TRANSPORT AND HIGHWAYS,EXISTING CHAINAGES,KARNATAKA,2024-10,2025-03,5,7,1.4
N24002188,WIDENING TO 2L+PS FROM KM 71.00 TO 104.00 (EXISTING CHAINAGES) (SARJAPUR TO PATTADKALLU) ON BHANAPUR (MoRTH ),ROAD TRANSPORT AND HIGHWAYS,"EXISTING
CHAINAGES",KARNATAKA,2024-10,2025-03,5,7,1.4
N24002189,WIDENING TO TWO LANE WITH PAVED SHOULDERS FROM KM 0.00 (DESIGN CHAINAGE 0.00) TO KM 23.338 (DESIGN C (MoRTH ),ROAD TRANSPORT AND HIGHWAYS,DESIGN CHAINAGE 0.00,KARNATAKA,2024-10,2025-03,5,7,1.4
N24002190,CONSTRUCTION OF 4-LANE ACCESS CONTROLLED GREENFIELD HIGHWAY SECTION ON NH-163G (KHAMMAM- VIJAYAWADA) (NHAI ),ROAD TRANSPORT AND HIGHWAYS,"KHAMMAM-
VIJAYAWADA",TELANGANA,2024-10,2025-03,5,7,1.4
N08000019,RASHTRIYA CHEMICAL & FERTILISER LIMITED AN MELT PROJECT AT RCF TROMBAY 1,Rashtriya Chemical & Fertiliser Limited,RCF,MAHARASHTRA,2023-04,2023-08,5,6,1.2
N16000342,"CONSTRUCTION OF GRASS ROOT PETROLEUM TOP AT ATCHUTAPURAM, ANDHRA PRADESH",Indian Oil Corporation Limited,IOCL,ANDHRA PRADESH,2022-06,2023-07,5,6,1.2
N24000205,SIX LANING OF CHANDIKHOL-JAGATPUR-BHUBANESWAR 596,KASHMIR,NHAI,ODISHA,2022-06,2023-07,5,6,1.2
N24000415,CONSTRUCTION OF A NEW 2-LANE HIGHWAY FROM KM 0.00 (ON NH-54 NEAR LAWNGTLAI) 5,"[N24001289],MoRTH,ARUNACHAL PRADESH",MoRTH,MIZORAM,2022-06,2023-07,5,6,1.2
N24000501,FOUR LANING OF FORBESGANJ - JOGBANI 634 Terminated,"[N24001719],NHAI,TAMIL NADU",NHAI,BIHAR,2022-06,2023-07,5,6,1.2
N24000699,REHABILITATION AND UP- GRADATION OF BIRAMITRAPUR TO BRAHMANI BYPASS,"[N24001719],NHAI,TAMIL NADU",NHAI,ODISHA,2022-06,2023-07,5,6,1.2
N24000718,6-LANING OF EXISTING 2-LANE (I) NANDIGAMA BYPASS FROM KM 220.700 TO KM 226.600 (DESIGN CHAINAGE FROM,"[N24001719],NHAI,TAMIL NADU",NHAI,ANDHRA PRADESH,2023-04,2023-08,5,6,1.2
N24000731,REHABILITATION AND UP- GRADATION OF EXISTING 2-LANE TO 4 LANE OF KOIDA (KM206.20) TO RAJAMUNDA (KM 25,"[N24001560],NHAI,RAJASTHAN",NHAI,ODISHA,2022-06,2023-07,5,6,1.2
N24000844,SIX LANNING OF NH-5 (NEW NH-16) FROM TANGI TO BHUBANESHWAR (KM 355.000 TO KM 414.000) 644,"[N24001634],NHAI,HARYANA",NHAI,ODISHA,2022-06,2023-07,5,6,1.2
N24000876,REHABILITATION AND UPGRADATION TO 2-LANE WITH PAVED SHOULDER CONFIGURATION OF NANDAKUMAR-CONTAI-CHAN,"[N24001289],MoRTH,ARUNACHAL PRADESH",MoRTH,WEST BENGAL,2022-06,2023-07,5,6,1.2
N24000915,WIDENING TO 2LPS FROM 58/00 TO 116/10 OF NH-153B (NAKTIDEUL TO BOUDH) IN THE STATE OF ODISHA,"[N24001289],MoRTH,ARUNACHAL PRADESH",MoRTH,ODISHA,2022-06,2023-07,5,6,1.2
N24001016,MORSHI TO MAH/MP BORDER 92 Physical progress for t,"[N24001289],MoRTH,ARUNACHAL PRADESH",MoRTH,MAHARASHTRA,2023-04,2023-08,5,6,1.2
N24001032,DEORI TO AMGAON 99 physical progress for the month,"[N24001289],MoRTH,ARUNACHAL PRADESH",MoRTH,MAHARASHTRA,2023-04,2023-08,5,6,1.2
N24001089,MALEGAON TO RISOD 237 Physical progress for the mo,Ministry Of Road Transport And Highways (State Pwds),MoRTH,MAHARASHTRA,2022-06,2023-08,5,6,1.2
N24001307,WIDENING TO 2-LANE WITH PAVED SHOULDER IN/C GEOMETRIC IMPROVEMENT FROM KM 397.00 TO KM 422.00 ( 25 K,"[N24001289],MoRTH,ARUNACHAL PRADESH",MoRTH,TRIPURA,2022-06,2023-07,5,6,1.2
N24001312,2-LANING OF CHURACHANDPUR TUIVAI SECTION OF NH-102B (1A PACKAGES) 400,"[N24000967],MoRTH,ANDHRA PRADESH",NHIDCL,MANIPUR,2023-04,2023-08,5,6,1.2
N24001340,4-LANING OF DEWAS-UJJAIN OF SECTION NH-148 NG FROM KM 0+000 TO KM 41.42 IN MP ON HAM MODE,"[N24000662],NHAI,PUNJAB",NHAI,MADHYA PRADESH,2022-06,2023-07,5,6,1.2
N24001517,DELHI VADODARA GREENFIELD ALIGNMENT SECTION OF NH 148N PACKAGE 29 795,"[N24000662],NHAI,PUNJAB",NHAI,GUJARAT,2023-04,2023-08,5,6,1.2
N24001582,RASISAR (NEAR BIKANER)- DEOGARH (NEAR DHANDHANIYA) (PHASE-I) (AJ/RD-PACKAGE-3),"[N24001625],NHAI,TELANGANA",NHAI,RAJASTHAN,2023-04,2023-08,5,6,1.2
N24001802,BALANCE WORKS OF 4L AMRAVATI CHIKHLI (PKG IV) [NANDURA TO CHIKHLI FROM KM. 315.00 TO KM. 360.00],PRADESH,NHAI,MAHARASHTRA,2023-05,2023-09,5,6,1.2
N24000308,CONSTRUCTION OF A NEW 2-LANE HIGHWAY FROM KM 71/00 TO 99/83 IN MIZORAM TO SUPPORT KALADAN MULTI MOD,"[N24001289],MoRTH,ARUNACHAL PRADESH",MoRTH,MIZORAM,2022-06,2023-07,5,5,1.0
N24001049,KARAD TO VITA,"[N24001289],MoRTH,ARUNACHAL PRADESH",MoRTH,MAHARASHTRA,2023-04,2023-08,5,5,1.0
N24001198,CONSTRUCTION TO TWO LANE WITH PAVED SHOULDERS WITH FLEXIBLE PAVEMENT ON KHALGHAT TO SARWARDEWLA ROAD,"[N24001289],MoRTH,ARUNACHAL PRADESH",MoRTH,MADHYA,2023-04,2023-08,5,5,1.0
N24001592,4 LANING OF PATHRAPALI TO KATGHORA FROM KM.53.300 TO KM.92.600,"[N24001634],NHAI,HARYANA",NHAI,CHHATTISGARH,2023-04,2023-08,5,5,1.0
N06000279,50 MW SOLAR POWER PROJECT - NEYVELI MINED OUT AREA (NLC ),COAL,NLC,TAMIL NADU,2024-11,2025-03,4,6,1.5
N22000630,KALIPAHARI - BAKHTARNAGAR 5TH LINE (17.61 KM) (ER ),RAILWAYS,17.61 KM,WEST BENGAL,2024-11,2025-03,4,6,1.5
N22000631,SITARAMPUR BYE - PASS LINE (6.59 KM) (ER ),RAILWAYS,6.59 KM,WEST BENGAL,2024-11,2025-03,4,6,1.5
N24002191,CONSTRUCTION OF ROB AND ITS APPROACHES IN LIEU OF LEVEL CROSSING NO 10 B T AT KM 307 050 OF NH 60 B (MoRTH ),HIGHWAYS,MoRTH,WEST BENGAL,2024-11,2025-03,4,6,1.5
N24002192,REHABILITATION AND UP- GRADATION TO 4L CONFIGURATION AND STRENGTHENING OF THANPURI TO PAROR SECTION F (NHAI ),HIGHWAYS,NHAI,HIMACHAL PRADESH,2024-11,2025-03,4,6,1.5
N24002193,CONSTRUCTION OF 4 LANE ROB AND ITS APPROACHES AT THE LEVEL OF CROSSING (L C NO. 29- B) OF KM 29 (EKAN (MoRTH ),HIGHWAYS,"L C NO. 29-
B",BIHAR,2024-11,2025-03,4,6,1.5
N24002194,CONSTRUCTION OF 6-LANE ELEVATED / EXTRA DOSE CABLE BRIDGE ON RIVER GANGA PARALLEL TO AND WESTERN SID (MoRTH ),HIGHWAYS,MoRTH,BIHAR,2024-11,2025-03,4,6,1.5
N24002195,ESTIMATE FOR IMPROVEMENT TO TWO LANE WITH PAVED SHOULDER FROM RAMNAGAR TO ROSEDA FROM (KM 3.500 TO 4 (MoRTH ),HIGHWAYS,MoRTH,BIHAR,2024-11,2025-03,4,6,1.5
N24002196,CONSTRUCTION OF BHABHUA BYPASS FROM CH. 10+800(DESIGN CH. 10+800) TO CH. 19+860 (DESIGN CH. 18+150) (MoRTH ),HIGHWAYS,MoRTH,BIHAR,2024-11,2025-03,4,6,1.5
N24002197,IMPROVEMENT TO TWO LANE WITH PAVED SHOULDER FROM JUNCTION OF NH-22 NEAR HAJIPUR TO JUNCTION OF NH-12 (MoRTH ),HIGHWAYS,MoRTH,BIHAR,2024-11,2025-03,4,6,1.5
N24002198,IMPROVEMENT TO TWO LANE WITH PAVED SHOULDERS OF BH/WBBORDER-AMDABAD- MANIHARI SECTION FROM DESIGN KM (MoRTH ),HIGHWAYS,MoRTH,BIHAR,2024-11,2025-03,4,6,1.5
N24002199,WIDENING TO 4L RIGID PAVEMENT CONFIGURATION FROM KM 90.00 TO KM 100.800 OF NH-96 (KM 42.O TO KM 53.3 (MoRTH ),HIGHWAYS,MoRTH,UTTAR PRADESH,2024-11,2025-03,4,6,1.5
N24002200,BALANCE WORKS OF 4 LANE DIVIDED CARRIAGEWAY OF MISSING LINK SECTION OF NH- 39 (REWA BYPASS) FROM JUNC (NHAI ),HIGHWAYS,REWA BYPASS,MADHYA PRADESH,2024-11,2025-03,4,6,1.5
N24002201,IMPROVEMENT AND UP- GRADATION TO TWO LANE WITH PAVED SHOULDER/FOUR LANE CONFIGURATION FROM EXISTING K (MoRTH ),HIGHWAYS,MoRTH,UTTAR PRADESH,2024-11,2025-03,4,6,1.5
N28000160,PUNE METRO PHASE-1 EXTENSION FROM SWARGATE TO KATRAJ (MMRC ),URBAN DEVELOPMENT,MMRC,MAHARASHTR A,2024-11,2025-03,4,6,1.5
N06000235,"GAURI PAUNI EXPANSION OC 116 ""The drivage for expe",Western Coal Fields Limited,WCL,MAHARASHTRA,2022-06,2023-06,4,5,1.25
N06000268,RPR GAURI PAUNI EXPANSION OC (WCL ),COAL,WCL,MAHARASHTRA,2024-01,2024-06,4,5,1.25
N16000516,HPOIL GAS PVT LTD (HPOIL(JV) ),PETROLEUM,HPOIL(JV),MAHARASHT,2024-01,2024-06,4,5,1.25
N16000517,HPOIL GAS PVT LTD- II (HPOIL(JV) ),PETROLEUM,HPOIL(JV),HARYANA,2024-01,2024-06,4,5,1.25
N24000306,"WIDENING TO 2 LANE, RE- ALIGNMENT AND GEOMETRIC IMPROVEMENT FROM KM 11/00 TO KM 114/618 OF NH-44A IN","[N24001289],MoRTH,ARUNACHAL PRADESH",MoRTH,MIZORAM,2022-06,2023-07,4,5,1.25
N24000679,TWO LANING OF EXISTING HAYULIANG HAWAI ROAD ON EPC BASIS FROM DESIGN KM. 17.000 (KHUPA) TO KM. 34.00,"[N24000967],MoRTH,ANDHRA PRADESH",NHIDCL,ARUNACHAL PRADESH,2022-06,2023-06,4,5,1.25
N24000680,TWO LANING OF EXISTING HAYULIANG HAWAI ROAD ON EPC BASIS FROM DESIGN KM. 34.000 TO KM. 51.825 [EXIST,"[N24000967],MoRTH,ANDHRA PRADESH",NHIDCL,ARUNACHAL PRADESH,2022-06,2023-06,4,5,1.25
N24000783,2 LANING WITH PAVED SHOULDER FROM KM 30.800 TO KM 70.800 AND 2 LANING WITHOUT PAVED SHOULDER FROM KM,KASHMIR,NHAI,KARNATAKA,2022-06,2023-06,4,5,1.25
N24000916,WIDENING TO 2LPS FROM 173/37 TO 229/40 OF NH-59 IN THE STATE OF ODISHA,"[N24001289],MoRTH,ARUNACHAL PRADESH",MoRTH,ODISHA,2023-04,2023-07,4,5,1.25
N24001181,CONSTRUCTION OF A NEW 2-LANE HIGHWAY FROM KM 38/00 TO 71/00 IN MIZORAM TO SUPPORT KALADAN MULTI MOD,"[N24001380],MoRTH,TAMIL NADU",MoRTH,MIZORAM,2023-04,2023-07,4,5,1.25
N24001713,2ND FLYOVER (LCW) PARALLEL TO EXISTING FLYOVER IN KISHANGANJ TOWN. 639,"[N24001625],NHAI,TELANGANA",NHAI,BIHAR,2023-04,2023-07,4,5,1.25
220100164,METROPOLITAN RAPID TRANSPORT PROJECTS BELAPUR-SEAWOOD-URAN,Metropolitan Rapid Transport Projects,MRTP,MAHARASHTRA,2022-06,2023-06,4,4,1.0
N16000370,PIPELINE REPLACEMENT PROJECT (PRP-VI) 140 Drilling,Oil & Natural Gas Corporation Limited,ONGC,MAHARASHTRA,2022-06,2023-06,4,4,1.0
N16000408,SULPHUR FORMING UNIT IN SRU 46,Hindustan Petroleum Corporation Limited,HPCL,ANDHRA PRADESH,2022-06,2023-06,4,4,1.0
N18000282,NOKHRA 31 228 MWp modules supplied out of 445MWp.,National Thermal Power Corporation,NTPC,UTTAR PRADESH,2022-06,2023-06,4,4,1.0
N21000003,LHMC NEW DELHI-RE-DEVELOPMENT 11 Work Completed.,Hospital Services Consultancy Corporation Ltd,HSCC,DELHI,2022-06,2023-06,4,4,1.0
N21000007,HOSPITAL SERVICES CONSULTANCY CORPORATION LTD LGBRIMH-TEZP,Hospital Services Consultancy Corporation Ltd,HSCC,ASSAM,2022-06,2023-06,4,4,1.0
N21000008,AIIMS - MOTHER AND CHILD BLOCK 12 Substantially Co,Hospital Services Consultancy Corporation Ltd,HSCC,DELHI,2022-06,2023-06,4,4,1.0
N21000009,AIIMS - OPD(NEW) 13 Substantially Completed Locat,Hospital Services Consultancy Corporation Ltd,HSCC,DELHI,2022-06,2023-06,4,4,1.0
N21000010,"CONSTRUCTION OF HOSPITAL BLOCK, IIT, KHARAGPUR 15",Hospital Services Consultancy Corporation Ltd,HSCC,WEST BENGAL,2022-06,2023-06,4,4,1.0
N21000013,NEIGRIHMS SHILLONG MEGHALYA 18 Work Completed Loc,Hospital Services Consultancy Corporation Ltd,HSCC,MEGHALAYA,2022-06,2023-06,4,4,1.0
N21000015,CNCI KOLKATA WEST BENGAL 17 Substantially Complete,Hospital Services Consultancy Corporation Ltd,HSCC,WEST BENGAL,2022-06,2023-06,4,4,1.0
N21000016,"RESIDENTIAL COMPLEX AND OPD BLOCK, AIIMS, NAGPUR MAHARASTRA",Hospital Services Consultancy Corporation Ltd,HSCC,MAHARASHTRA,2022-06,2023-06,4,4,1.0
N21000017,"RESIDENTIAL COMPLEX AND OPD BLOCK, AIIMS-MNAGLAGIRI GUNTUR, ANDHRA PRADESH",Hospital Services Consultancy Corporation Ltd,HSCC,ANDHRA PRADESH,2022-06,2023-06,4,4,1.0
N21000019,GERIATRICS BLOCK- AIIMS DLEHI 22 Project was appro,Hospital Services Consultancy Corporation Ltd,HSCC,DELHI,2022-06,2023-06,4,4,1.0
N21000020,HOSPITAL AND TEACHING- AIIMS GUNTUR 24 Work Substa,Hospital Services Consultancy Corporation Ltd,HSCC,ANDHRA PRADESH,2022-06,2023-06,4,4,1.0
N21000022,SUPER SPECIALITY BLOCK PMSSY GOA 23 Project was ap,Hospital Services Consultancy Corporation Ltd,HSCC,GOA,2022-06,2023-06,4,4,1.0
N22000221,BANDEL-BOINCHI 3RD LINE 73 Tarakeswar – Magra (51.,Eastern Railways,ER,MULTI STATE,2022-06,2023-06,4,4,1.0
N22000238,"BOINCHI-SHAKTIGARH 3RD LINE 46 ""Work sanctioned by",Eastern Railways,ER,MULTI STATE,2022-06,2023-06,4,4,1.0
N22000313,VIJAYWADA-GUDUGOLANU- BHIMAVARAM-NARSAPUR DL,Rail Vikas Nigam Ltd.,RVNL,ANDHRA PRADESH,2022-06,2023-06,4,4,1.0
N22000325,HUBLI- CHIKJAJUR 221 Project sanctioned in the Pin,South Western Railway,SWR,KARNATAKA,2022-06,2023-06,4,4,1.0
N22000334,"HAJIPUR - BACHAWARA 41 """"""a) Darbhanga-Thalwara (9",East Central Railways,ECR,MULTI STATE,2022-06,2023-06,4,4,1.0
N22000392,SURENDRA NAGAR RAJKOT 258 LC 211 approach work bot,Western Railway,WR,GUJARAT,2022-06,2023-06,4,4,1.0
N22000395,SOUTH EASTERN RAILWAY ROURKELA JHARSUGUDA THIRD LINE 101 K,South Eastern Railway,SER,ODISHA,2022-06,2023-06,4,4,1.0
N22000410,SAMBALPUR - TITLAGARH - DOUBLING 151 Project ful,Rail Vikas Nigam Ltd.,RVNL,ODISHA,2022-06,2023-06,4,4,1.0
N22000411,RAIPUR - TITLAGARH - DOUBLING 152 It is a super,Rail Vikas Nigam Ltd.,RVNL,CHHATISGARH,2022-06,2023-06,4,4,1.0
N22000413,BHIMSEN - JHANSI DOUBLING WITH ELECTRIFICATION 110,Rail Vikas Nigam Ltd.,RVNL,UTTAR PRADESH,2022-06,2023-06,4,4,1.0
N22000414,BINA - KOTA DOUBLING WITH RE 161 Total length-262.,Rail Vikas Nigam Ltd.,RVNL,MADHYA PRADESH,2022-06,2023-06,4,4,1.0
N22000456,INDARA - DOHRIGHAT GAUGE CONVERSION. 119 Rosa- Sit,North Eastern Railway,NER,UTTAR PRADESH,2022-06,2023-06,4,4,1.0
N22000466,JODHPUR (RAI KA BAGH) - DEGANA DOUBLING (145 KM) 13,North Western Railway,NWR,RAJASTHAN,2022-06,2023-06,4,4,1.0
N22000469,AUNRIHAR - JAUNPUR PATCH DOUBLING . 78 Indara - Do,North Eastern Railway,NER,UTTAR PRADESH,2022-06,2023-06,4,4,1.0
N22000488,"GEVRA ROAD PENDRA ROAD 80 ""1- Total 1.7 TKM OHE wo",Indian Railway Construction Company Limited,IRCON,CHHATISGARH,2022-06,2023-06,4,4,1.0
N24000213,2-LANING OF KRISHNAGIRI- TINDIVANAM (APPROVED LENHTH 170 KM),"[N24001572],NHAI,RAJASTHAN",NHAI,TAMIL NADU,2022-06,2023-06,4,4,1.0
N24000482,"FOUR LANING OF KOILWAR TO BHOJPUR 635 ""Physical Pr","[N24000556],NHAI,UTTAR PRADESH",NHAI,BIHAR,2022-06,2023-06,4,4,1.0
N24000506,NATIONAL HIGHWAYS AUTHORITY OF INDIA FOUR LANING OF BHOJPUR TO BUXAR 563,"[N24001560],NHAI,RAJASTHAN",NHAI,BIHAR,2022-06,2023-06,4,4,1.0
N24000792,FOUR LANING OF ALIGARH - KANPUR SECTION PKG-I FROM ALIGARH - BHADWAS,"[N24001625],NHAI,TELANGANA",NHAI,UTTAR PRADESH,2022-06,2023-06,4,4,1.0
N24000845,SIX / FOUR LANING OF NH 5 (NEW NH 16) FROM PUINTOLA TO TANGI (KM. 284.000 TO KM. 355.000),"[N24000662],NHAI,PUNJAB",NHAI,ODISHA,2023-04,2023-07,4,4,1.0
N24001279,CONSTRUCTION OF TWO LANE WITH PAVED SHOULDER OF SELLING-DULTE SECTION OF NH-06,"[N24000967],MoRTH,ANDHRA PRADESH",NHIDCL,MIZORAM,2022-06,2023-06,4,4,1.0
N24001449,DEVELOPMENT OF MULTIMODAL LOGISTICS PARK AT BANGALORE AND EXTERNAL CONNECTIVITY TO THE MULTI MODEL L (NHAI ),Date of Commissioning,NHAI,KARNATAKA,2023-06,2024-09,4,4,1.0
PRJ_C77B164C0601,REHABILITATION AND,ROAD TRANSPORT AND HIGHWAYS,,,2023-06,2024-04,4,4,1.0
N24002202,MARREM KHULLEN TO JESSAMI SECTION IMPHAL- UKHRUL - JESSAMI PKG-6 (DESIGN CHAINAGE KM 95.700 TO KM 14 (NHIDCL ),AND HIGHWAYS,NHIDCL,MANIPUR,2024-12,2025-03,3,10,3.33
N24002203,IMPHAL-KOHIMA ROAD PKG-4B (NHIDCL ),AND HIGHWAYS,NHIDCL,MANIPUR,2024-12,2025-03,3,10,3.33
N24002204,ZORINPUI- HMAWNGBU-LONGMASU (NH- 502A) (NHIDCL ),AND HIGHWAYS,"NH-
502A",MIZORAM,2024-12,2025-03,3,10,3.33
N24002205,CHAMPAK NAGAR TO KHAYERPUR SECTION (DESIGN KM 242+500 TO KM 261+610) (NHIDCL ),AND HIGHWAYS,NHIDCL,TRIPURA,2024-12,2025-03,3,10,3.33
N06000280,CHUPERBHITA- SIMLONG OCP (ECL ),COAL,ECL,JHARKHAND,2024-12,2025-03,3,5,1.67
N06000281,PARASCOLE JAMBAD OCP (ECL ),COAL,ECL,WEST BENGAL,2024-12,2025-03,3,5,1.67
N06000282,BALLARPUR NORTHWEST OC MINE (WCL ),COAL,WCL,MAHARASHT RA,2024-12,2025-03,3,5,1.67
N06000283,NORTHERN EXTENSION OF MUNGOLI NIRGUDA DEEP OC (WCL ),COAL,WCL,MAHARASHT RA,2024-12,2025-03,3,5,1.67
N06000284,AMALGAMATED GONDEGAON - GHATROHAN EXPANSION OCM (WCL ),COAL,WCL,MAHARASHT RA,2024-12,2025-03,3,5,1.67
N16000538,CONSTRUCTION OF AVIATION FUEL FARM FACILITIES AT BHOGAPURAM AIRPORT (HPCL ),PETROLEUM,HPCL,ANDHRA PRADESH,2024-12,2025-03,3,5,1.67
N16000539,VISAKHA RAIPUR PIPELINE PROJECT (HPCL ),PETROLEUM,HPCL,ANDHRA PRADESH,2024-12,2025-03,3,5,1.67
N24002206,CONSTRUCTION FOR MITIGATION MEASURES PKG-2 (NHIDCL ),ROAD TRANSPORT AND HIGHWAYS,NHIDCL,UTTARAKHA ND,2024-12,2025-03,3,5,1.67
N24002207,MAJOR BRIDGE OVER MIDDLE STRAIT CREEK (NHIDCL ),ROAD TRANSPORT AND HIGHWAYS,NHIDCL,ANDAMAN AND NICOBAR ISLANDS,2024-12,2025-03,3,5,1.67
N24002208,PACKAGE-3A (NHIDCL ),ROAD TRANSPORT AND HIGHWAYS,NHIDCL,ANDAMAN AND NICOBAR ISLANDS,2024-12,2025-03,3,5,1.67
N24002209,PACKAGE-3B (NHIDCL ),ROAD TRANSPORT AND HIGHWAYS,NHIDCL,ANDAMAN AND NICOBAR ISLANDS,2024-12,2025-03,3,5,1.67
N08000020,INSTALLATION OF NEW NANO UREA FERTILIZER PLANT AT RCF TROMBAY,FERTILISERS,RCF,MAHARASHTRA,2023-06,2023-08,3,4,1.33
N16000272,DHAMRA-ANGUL PIPELINE PROJECT 24 Construction work,Gas Authority Of India Limited,GAIL,ODISHA,2023-04,2023-06,3,4,1.33
N24000678,TWO LANING OF AKAJAN LIKABALI BAME ROAD ON EPC BASIS FROM EXISTING KM 71.000 TO KM 99.000 (DESIGN KM,"[N24000967],MoRTH,ANDHRA PRADESH",NHIDCL,ARUNACHAL PRADESH,2022-06,2023-06,3,4,1.33
N24001510,4L FROM KM 42.000 TO KM 80.00 OF DODABALLAPUR BYPASS TO HOSKOTE SECTION OF NH-648 (OLD NH- 207) ON H,KASHMIR,NHAI,KARNATAKA,2023-04,2023-06,3,4,1.33
PRJ_481C5E31A772,TRANSMISSION SYSTEM,POWER,,,2024-01,2024-04,3,4,1.33
220100222,"KODERMA-RANCHI VIA BARKAKANA (NL),ECR 21 the above",East Central Railways,ECR,JHARKHAND,2022-06,2023-05,3,3,1.0
220100325,SUKINDA ROAD - ANGUL (NL)(ECOR) 149 16.17 Km commi,Rail Vikas Nigam Ltd.,RVNL,ODISHA,2022-06,2023-05,3,3,1.0
N16000274,Location: MULTI STATE N16000274 Capatity:,Gas Authority Of India Limited,GAIL,MULTI STATE,2022-06,2023-05,3,3,1.0
N16000475,CITY GAS DISTRIBUTION NETWORK PROJECT AT SAHARANPUR,Bharat Petroleum Corporation Limited,BPCL,UTTAR PRADESH,2023-04,2023-06,3,3,1.0
N18000252,"AMELIA COAL MINE 97 •In Transformer Hall, Excavati",Thdc India Limited,THDCIL,MADHYA,2023-04,2023-06,3,3,1.0
N21000011,CONSTRUCTION OF HOSPITAL AND OPD BLOCK NCI JHAJJAR,Hospital Services Consultancy Corporation Ltd,HSCC,HARYANA,2022-06,2023-05,3,3,1.0
N21000012,SATELLITE CENTRE PGI CHANDIGARH SANGRUR PUNJAB 16,Hospital Services Consultancy Corporation Ltd,HSCC,PUNJAB,2023-04,2023-06,3,3,1.0
N21000018,"RESIDENTIALCOMPLEX AND OPD BLOCK, AIIMS, KALYANI WEST BENGAL",Hospital Services Consultancy Corporation Ltd,HSCC,WEST BENGAL,2022-06,2023-06,3,3,1.0
N21000021,HOSPITAL AND MEDICAL COLLEGE AIIMS RAEBARELI 26 Pr,Hospital Services Consultancy Corporation Ltd,HSCC,UTTAR PRADESH,2022-06,2023-05,3,3,1.0
N21000023,HOSPITAL AND TEACHING- AIIMS NAGPUR 25 Project was,HEALTH AND FAMILY WELFARE,HSCC,MAHARASHTRA,2022-06,2023-06,3,3,1.0
N21000024,HOSPITAL AND TEACHING- AIIMS KALYANI 27 Project wa,Hospital Services Consultancy Corporation Ltd,HSCC,WEST BENGAL,2023-04,2023-06,3,3,1.0
N21000028,NBCC FOR HEALTH AIIMS BILASPUR 28 Project was appr,Nbcc For Health,"NBCC FOR
HEALTH",HIMACHAL PRADESH,2022-06,2023-05,3,3,1.0
N22000121,AHMEDABAD-HIMMATNAGAR-UDAIPUR (WR) 162 Reserved fo,Western Railway,WR,GUJARAT,2022-06,2023-06,3,3,1.0
N22000145,VIRAMGAM-SAMAKHIALI (DL) 166 Work completed in Miy,Western Railway,WR,GUJARAT,2023-04,2023-06,3,3,1.0
N22000201,MADURAI-BODINAYAKKANUR 233 Project is frozen by Bo,"[N22000135],MRTP,WEST BENGAL",SR,TAMIL NADU,2022-06,2023-06,3,3,1.0
N22000302,"BAZAR SAU -AZIMGANJ JN. DOUBLING 48 ""(i) Manigram",Eastern Railways,ER,WEST BENGAL,2023-04,2023-06,3,3,1.0
N22000394,DOUBLING OF TRACK BETWEEN GOOTY AND DHARMAVARAM OF SOUTH CENTRAL RAILWAY,"[N22000135],MRTP,WEST BENGAL",RITES,TELANGANA,2022-06,2023-06,3,3,1.0
N22000407,DAUND-GULBARGA - DOUBLING (224.9 KM) AND PUNE-GUNTAKAL - ELECTRIFICATION,Rail Vikas Nigam Ltd.,RVNL,MAHARASHTRA,2022-06,2023-06,3,3,1.0
N24000176,TWO LANING OF TRICHY - KARAIKUDI AND TRYCHI BYPASS (NHAI ),ROAD TRANSPORT AND HIGHWAYS,NHAI,TAMIL NADU,2022-06,2025-03,3,3,1.0
N24000722,CONSTRUCTION OF NH-24 4-LANE BYPASS STARTING FROM KM 479.500 OF NH-24 AND TERMINATING AT KM 17.600 O,"[N24000556],NHAI,UTTAR PRADESH",NHAI,UTTAR PRADESH,2023-04,2023-06,3,3,1.0
N24000866,UP-GRADATION TO 4-LANE WITH PAVED SHOULDER OF JAMMU- AKHNOOR SECTION OF NH-144A FROM CANAL HEAD (KM 0,"[N24000967],MoRTH,ANDHRA PRADESH",NHIDCL,JAMMU AND KASHMIR,2022-06,2023-06,3,3,1.0
N24001152,"STRENGTHENING WITH PAVED SHOULDER FROM KM 30/0 TO KM 46/0, KM 54/0 TO KM 61/0, KM 69/0 TO KM 80/0 AN","[N24001289],MoRTH,ARUNACHAL PRADESH",MoRTH,ASSAM,2022-06,2023-06,3,3,1.0
N24001243,"BALANCE WORK FOR ""IMPROVEMENT OF EXISTING SINGLE INTERMEDIATE LANE ROAD OF NH-44 TO BE 2-LANE ROAD W","[N24001289],MoRTH,ARUNACHAL PRADESH",MoRTH,ASSAM,2022-06,2023-06,3,3,1.0
N24001250,WIDENING/IMPROVEMENT TO 4- LANE WITH PAVED SHOULDER FROM KM 66.00 TO KM 81.00 (DESIGN CHAINAGE 65.923,"[N24000967],MoRTH,ANDHRA PRADESH",NHIDCL,ASSAM,2022-06,2023-06,3,3,1.0
N24001311,KAILASHAHAR TO KHOWAI PKG-2 506,"[N24000967],MoRTH,ANDHRA PRADESH",NHIDCL,TRIPURA,2022-06,2023-06,3,3,1.0
PRJ_6D288F8DA340,List of on sched,,,,2022-06,2023-09,3,3,1.0
PRJ_4D9904235E84,NEW LINE FROM DIMAPUR TO ZUBZA(KOHIMA) NATIONAL PROJECT,RAILWAYS,,,2024-03,2024-04,2,5,2.5
PRJ_6A2C10862BBA,CONSTRUCTION OF NEW GREEN FIELD AIRPORT AT HOLLONGI ITANAGAR ARUNACHAL PRADESH,CIVIL AVIATION,,,2024-01,2024-04,2,5,2.5
PRJ_950935726BA7,CAPACITY EXPANSION OF DIGBOI REFINERY FROM 0.65 TO 1.0 MMTPA,PETROLEUM,,,2023-06,2024-04,2,5,2.5
PRJ_E6F1B74662DA,TEESTA VI HE PROJECT,POWER,,,2023-06,2024-04,2,5,2.5
PRJ_1357EE653EB7,"GRASS ROOT RAIL FED DEPOT AT SEKERKOTE, AGARTALA AS RESITEMENT OF EXISTING DHARMANAGAR DEPOT -",PETROLEUM,,,2024-01,2024-04,2,4,2.0
N06000285,RPR OF HINGULA EXPANSION OCP (MCL ),COAL,MCL,ODISHA,2025-01,2025-03,2,3,1.5
N06000286,BHUBANESWARI EXPANSION OCP (MCL ),COAL,MCL,ODISHA,2025-01,2025-03,2,3,1.5
N12000136,"SCREENING PLANT-II, DONIMALAI (NMDC )",STEEL,NMDC,KARNATAKA,2025-01,2025-03,2,3,1.5
N16000336,"AUGMENTATION OF LPG IMPORT TERMINAL FROM 0.6 MMTPA TO 2.5 MMTPA AT KANDLA, GUJARAT 68",,,GUJARAT,2022-06,2023-06,2,3,1.5
N16000390,HARIDWAR RISHIKESH DEHRADUN PIPELINE PROJECT 34 Pi,Gas Authority Of India Limited,GAIL,UTTAR PRADESH,2023-04,2023-06,2,3,1.5
N18000396,ADDITIONAL TRANSMISSION SYSTEM FOR EVACUATION OF POWER FROM BHADLA-III PS AS PART OF RAJASTHAN REZ P (PGCIL ),POWER,PGCIL,RAJASTHAN,2025-01,2025-03,2,3,1.5
N18000397,TRANSMISSION SYSTEM STRENGTHENING FOR INTERCONNECTIONS OF BHADLA- III AND BIKANER III COMPLEX [SPV NA (PGCIL ),POWER,PGCIL,RAJASTHAN,2025-01,2025-03,2,3,1.5
N18000398,AUGMENTATION OF TRANSFORMATION CAPACITY AT JAM KHAMBHALIYA PS [GIS] [SPV NAME POWERGRID JAM KHAMBHAL (PGCIL ),POWER,PGCIL,GUJARAT,2025-01,2025-03,2,3,1.5
N18000399,TRANSMISSION SYSTEM FOR EVACUATION OF POWER FROM RAJASTHAN REZ PH-IV [PART-2 5.5GW] [JAISALMER/BARME (PGCIL ),POWER,PGCIL,MADHYA PRADESH,2025-01,2025-03,2,3,1.5
N18000400,TRANSMISSION SYSTEM FOR EVACUATION OF POWER FROM POTENTIAL RENEWABLE ENERGY ZONE IN KHAVDA AREA OF G (PGCIL ),POWER,PGCIL,GUJARAT,2025-01,2025-03,2,3,1.5
N18000401,TRANSMISSION SYSTEM FOR EVACUATION OF POWER FROM RAJASTHAN REZ PH -IV [PART-2 5.5 GW] [JAISALMER/BAR (PGCIL ),POWER,PGCIL,RAJASTHAN,2025-01,2025-03,2,3,1.5
N18000402,PROVISION OF DYNAMIC REACTIVE COMPENSATION AT KHAVDA POOLING STATION 1 [KPS1] AND KHAVDA POOLING STA (PGCIL ),POWER,PGCIL,GUJARAT,2025-01,2025-03,2,3,1.5
N18000403,TRANSMISSION SYSTEM FOR EVACUATION OF POWER FROM RAJASTHAN REZ PH-IV [PART-3 (6GW)] [BIKANER COMPLEX (PGCIL ),POWER,6GW,RAJASTHAN,2025-01,2025-03,2,3,1.5
N18000404,TRANSMISSION SYSTEM FOR EVACUATION OF POWER FROM RAJASTHAN REZ PH-IV [PART-3 (6 GW)] [BIKANER COMPLE (PGCIL ),POWER,6 GW,RAJASTHAN,2025-01,2025-03,2,3,1.5
N18000405,TRANSMISSION SYSTEM FOR EVACUATION OF POWER FROM POTENTIAL RENEWABLE ENERGY ZONE IN KHAVDA AREA OF G (PGCIL ),POWER,PGCIL,GUJARAT,2025-01,2025-03,2,3,1.5
N24002210,WIDENING AND STRENGTHENING OF RAFIABAD-KUPWARA- CHOWKIBAL-TANGDHAR- CHAMKOT (NH-701) ROAD FROM DESIGN (BRO ),ROAD TRANSPORT AND HIGHWAYS,NH-701,JAMMU AND KASHMIR,2025-01,2025-03,2,3,1.5
N24002211,REHABILITATION AND UPGRADATION TO FOUR LANE ROAD FROM KM 70.500 TO KM 78.600 OF NH-92 UNDER EPC MODE (MoRTH ),ROAD TRANSPORT AND HIGHWAYS,MoRTH,UTTAR PRADESH,2025-01,2025-03,2,3,1.5
N24002212,WIDENING AND STRENGTHENING FROM DESIGN KM. 67.280 TO KM. 88.622 OF NH- 727A (SALEMPUR-MAIRWA ROAD) TO (MoRTH ),ROAD TRANSPORT AND HIGHWAYS,SALEMPUR-MAIRWA ROAD,UTTAR PRADESH,2025-01,2025-03,2,3,1.5
N24002213,REHABILITATION and UP- GRADATION TO 2L+PS FROM KM. 0.0 TO KM. 7.80 AND KM. 35.400 TO KM. 52.345 (DESI (MoRTH ),ROAD TRANSPORT AND HIGHWAYS,MoRTH,UTTAR PRADESH,2025-01,2025-03,2,3,1.5
PRJ_0584A0E551D9,REHABILITATION AND UP GRADATION OF 2 LANE/ 2 LANE WITH PAVED SHOULDER FROM EXISTING KM. 172.900 TO K -,ROAD TRANSPORT AND HIGHWAYS,,,2024-02,2024-04,2,3,1.5
PRJ_0A835BBF2A35,REHABILITATION AND UPGRADATION TO 2-LANE/2-LANE WITH PAVED SHOULDERS/4-LANE CONFIGURATION OF PAONTA -,ROAD TRANSPORT AND HIGHWAYS,,,2023-06,2024-04,2,3,1.5
PRJ_10117BEAD5CE,RAJPURA-BHATINDA,RAILWAYS,,,2024-01,2024-04,2,3,1.5
PRJ_1355F0FC908D,"SEWERAGE SYSTEM AND STP FOR DIGHA ZONE, PATNA",WATER RESOURCES,,,2024-03,2024-04,2,3,1.5
PRJ_16A58BC1FA25,REDEVELOPMENT OF SANTHAL FIELD,PETROLEUM,,,2023-07,2024-04,2,3,1.5
PRJ_179AC0F59D02,INTERCEPTION DIVERSION TREATMENT WORKS AT TOLLYS NULLAH ADI GANGA,WATER RESOURCES,,,2024-02,2024-04,2,3,1.5
PRJ_24A67A28FF15,ALIGARH-DAUD KHAN - 3RD LINE (6.9 KM) & CONSTRUCTION OF FLYOVER AT DAUD KHAN -,RAILWAYS,,,2024-02,2024-04,2,3,1.5
PRJ_29AA28CC246A,RECONSTRUCTION WITH GEOMETRIC IMPROVEMENT OF,ROAD TRANSPORT AND HIGHWAYS,,,2024-02,2024-04,2,3,1.5
PRJ_2A735D656F6F,DELHI MRTS PHASE-III,URBAN DEVELOPMENT,,,2024-01,2024-04,2,3,1.5
PRJ_2A9B740D13DB,"HAJIPUR-SUGAULI VIA VAISHALI (NL), ECR",RAILWAYS,,,2023-05,2024-04,2,3,1.5
PRJ_2E4288479FA4,EAST WEST METRO CORRIDOR FROM HOWRAH MAIDAN TO SALT LAKE -,RAILWAYS,,,2023-05,2024-04,2,3,1.5
PRJ_39F78D87A931,JEYPORE MALKANGIRI NEW LINE,RAILWAYS,,,2023-09,2024-04,2,3,1.5
PRJ_3C97967FB86E,FARRUKHABAD I AND D AND STP WORKS HAM,WATER RESOURCES,,,2023-05,2024-04,2,3,1.5
PRJ_4B2766CE984C,DAYAPAR WIND ENERGY PROJECT 150MW,POWER,,,2023-09,2024-04,2,3,1.5
PRJ_4CDB71758F70,MODASA- SHAMLAJI NEW LINE ( MM OF AHMEDABAD-HIMMATNAGAR- UDAIPUR (299.2 KM)) -,RAILWAYS,,,2023-09,2024-04,2,3,1.5
PRJ_4E474ED16BDD,EXPANSION PR OF JHANJRA UG,COAL,,,2024-01,2024-04,2,3,1.5
PRJ_5267980A4C93,KATNI - SINGRAULI DOUBLING PROJECT,RAILWAYS,,,2023-07,2024-04,2,3,1.5
PRJ_5B2E2AF2138A,FEROZPUR - PATTI,RAILWAYS,,,2024-03,2024-04,2,3,1.5
PRJ_5D449A92A731,BAHRAICH SRAVASTI BALRAMPUR,RAILWAYS,,,2023-09,2024-04,2,3,1.5
PRJ_5D6A8FE3B50F,"SEWER NETWORKS, SPS AND STP, MUNGER",WATER RESOURCES,,,2023-05,2024-04,2,3,1.5
PRJ_630D368D7227,NORTH KARANPURA STPP,POWER,,,2024-01,2024-04,2,3,1.5
PRJ_64F4C8526690,JAGADALPUR-KORAPUT DOUBLING,RAILWAYS,,,2024-02,2024-04,2,3,1.5
PRJ_6B0B9D2E27B1,JEYPORE NABARANGPUR NEWLINE,RAILWAYS,,,2024-01,2024-04,2,3,1.5
PRJ_6C11651808FF,NMDC SLURRY PIPE LINE PROJECT - PHASE-1,STEEL,,,2023-07,2024-04,2,3,1.5
PRJ_76F65BD37A8D,DINESH (MAKARDHOKDA-III) OC,COAL,,,2023-06,2024-04,2,3,1.5
PRJ_7C6287C781AA,KOCHI-KOOTTANAD-BANGALORE- MANGALORE PIPELINE PHASE-II,PETROLEUM,,,2023-09,2024-04,2,3,1.5
PRJ_857111E2A86A,PATRATU STPP-I,POWER,,,2023-05,2024-04,2,3,1.5
PRJ_899A90B7C493,"MODERNIZATION OF CHENNAI AIRPORT PHASE II, CHENNAI",CIVIL AVIATION,,,2024-01,2024-04,2,3,1.5
PRJ_8D50E6AA4193,IRUGUR-DEVANGONTHI POL PIPELINE,PETROLEUM,,,2024-03,2024-04,2,3,1.5
PRJ_8FDDCAC3E5CE,KALYAN-KASARA 3RD LINE,RAILWAYS,,,2023-07,2024-04,2,3,1.5
PRJ_962B3ABD0738,ATF PIPELINE FROM JAWAHARLAL NEHRU PORT TRUST (JNPT) TO NAVI MUMBAI INTERNATIONAL AIRPORT,PETROLEUM,,,2023-06,2024-04,2,3,1.5
PRJ_9BCA97F2E562,INTERCEPTION AND DIVERSION WORKS WITH STP FOR DRAINS FALLING IN RIVER DAMODAR AT DURGAPURL -,WATER RESOURCES,,,2024-03,2024-04,2,3,1.5
PRJ_A91508C97B21,MALUGUR-PALASAMUDRAM (17.98 KM) (PB#29/NR/2022-23),RAILWAYS,,,2024-01,2024-04,2,3,1.5
PRJ_AAAE65498ABD,"PRAYAGRAJ AIRPORT - CONSTRUCTION OF NEW TERMINAL BUILDING, SECOND LINK TAXI TRACK, APRON EXPANSION, -",CIVIL AVIATION,,,2024-02,2024-04,2,3,1.5
PRJ_B17BE3470870,POLAVARAM IRRIGATION PROJECT,WATER RESOURCES,,,2023-07,2024-04,2,3,1.5
PRJ_B1E1ADEAFBDE,KOCHI METRO RAIL PROJECT,URBAN DEVELOPMENT,,,2024-03,2024-04,2,3,1.5
PRJ_B35937B1D6AC,GARJANBAHAL OCP,COAL,,,2024-02,2024-04,2,3,1.5
PRJ_B703FB75EB4A,LODHMA TO PISKA LINK LINE BY PASSING HATIA/RANCHI WITH Y CONNECTION,RAILWAYS,,,2024-03,2024-04,2,3,1.5
PRJ_BAF49F6B142F,INDORE BUDNI,RAILWAYS,,,2023-09,2024-04,2,3,1.5
PRJ_C2E6D0A8E34D,BANGALORE METRO RAIL PROJECT PHASE-2,URBAN DEVELOPMENT,,,2023-07,2024-04,2,3,1.5
PRJ_C6A51449BCAF,GUJARAT 200 MW,POWER,,,2024-02,2024-04,2,3,1.5
PRJ_C70E19C01221,CONSTRUCTION OF 300 BEDDED HOSPITAL AND TEACHING BLOCK IN DR YS PARMAR GMC AT NAHAN HIMACHAL PRADESH -,HEALTH AND FAMILY WELFARE,,,2024-01,2024-04,2,3,1.5
PRJ_CBE44604DC77,GODAVARIKHANI COAL MINE,COAL,,,2023-09,2024-04,2,3,1.5
PRJ_D01459BC86B4,SIARMAL OCP,COAL,,,2024-03,2024-04,2,3,1.5
PRJ_D02385E99806,JHIRIA WEST OPENCAST PROJECT,COAL,,,2024-01,2024-04,2,3,1.5
PRJ_D22E1CDCA75C,"INTERCEPTION AND DIVERSION WORKS WITH STP AT BAREILLY, UTTAR PRADESH -",WATER RESOURCES,,,2024-01,2024-04,2,3,1.5
PRJ_D3D77AA2AEFA,"CONSTRUCTION OF 184 MULTI STORIED FLATS FOR HON'BLE MPS AT BKS MARG, NEW DELHI",URBAN DEVELOPMENT,,,2023-06,2024-04,2,3,1.5
PRJ_D54BFA69AEF3,CHOTTAUDEPUR-DHAR,RAILWAYS,,,2024-01,2024-04,2,3,1.5
PRJ_DDEBFB640BD2,DEVELOPMENT OF JHARIA CBM BLOCK,PETROLEUM,,,2024-02,2024-04,2,3,1.5
PRJ_E05F73DB0EE9,AUGUMENTATION OF SALAYA MATHURA CRUDE OIL PIPELINE SYSTEM -,PETROLEUM,,,2024-03,2024-04,2,3,1.5
PRJ_F4E5DBC333D2,VISAKH REFINERY MODERNISATION PROJECT,PETROLEUM,,,2024-03,2024-04,2,3,1.5
PRJ_F7E5526DA6E7,CENTRE FOR DISABILITY SPORTS,SOCIAL JUSTICE,,,2024-01,2024-04,2,3,1.5
PRJ_FE5004A32AB7,PACHWARA SOUTH COAL BLOCK,COAL,,,2023-09,2024-04,2,3,1.5
N16000162,INDIAN OIL CORPORATION LIMITED ENNORE-TRICHY-MADURAI LPG P,,,TAMIL NADU,2022-06,2023-06,2,2,1.0
N16000282,SITARGANJ LPG PROJECT 62 All works are in Progress,,,UTTARAKHAND,2022-06,2023-06,2,2,1.0
N16000303,REVAMPING OF EXISTING FACILITIES/ AUGMENTATION OF FACILITIE,,,UTTAR PRADESH,2022-06,2023-06,2,2,1.0
N16000318,LPG BP PROJECT JODHPUR 69 Pile Cap and column erec,,,RAJASTHAN,2022-06,2023-06,2,2,1.0
N16000353,ETHANOL PRODUCTION FROM PSA OFF GAS BASED ON LANZATECH TECH,,,HARYANA,2022-06,2023-06,2,2,1.0
N16000355,SULTANPUR JHAJJAR HISSAR PIPELINE (SJHPL) PROJECT 2,,,HARYANA,2022-06,2023-06,2,2,1.0
N18000164,POWER GRID CORPORATION OF INDIA LIMITED EASTERN REGION STR,,,MULTI STATE,2022-06,2023-06,2,2,1.0
N18000242,ESTABLISHMENT OF 220/66KV GIS AT UT CHANDIGARH ALONG WITH 2,,,MULTI STATE,2022-06,2023-06,2,2,1.0
N18000245,SYSTEM STRENGTHENING SCHEME IN NORTH REGION XXXVII,,,MULTI STATE,2022-06,2023-06,2,2,1.0
N18000301,TRANSMISSION SYSTEM FOR PROVIDING CONNECTIVITY TO RE PROJEC,,,GUJARAT,2022-06,2023-06,2,2,1.0
N18000308,NORTHERN REGION SYSTEM STRENGTHENING - XL 60,,,MULTI STATE,2022-06,2023-06,2,2,1.0
N18000315,EASTERN REGION STRENGTHENING SCHEME - XXIII 67,,,MULTI STATE,2022-06,2023-06,2,2,1.0
N21000025,HLL Infra Tech Services Limited ALL INDIA INSTITUTE OF MED,,,UTTAR PRADESH,2022-06,2023-06,2,2,1.0
N22000144,PALANPUR-SAMAKHAYALI,Rail Vikas Nigam Ltd.,RVNL,GUJARAT,2023-04,2023-05,2,2,1.0
N24000177,2 LANING OF DINDIGUL - PERIGULAM THENI- KUMILI 592,,,TAMIL NADU,2022-06,2023-06,2,2,1.0
N24000186,2-LANNING WITH PS MOTIHARI-RAXAUL 593 Out of total,,,BIHAR,2022-06,2023-06,2,2,1.0
N24000197,PANIKHOLI-RIMOLI 539 completed . Inadequate mobliz,,,ODISHA,2022-06,2023-06,2,2,1.0
N24000212,HARIDWAR DEHRADUN APPROVED LENGTH 69 595 This Proj,,,UTTARAKHAND,2022-06,2023-06,2,2,1.0
N24000555,FOUR LANNING OF TAMIL NADU KERALA BORDER TO VILLUKURI FROM,,,TAMIL NADU,2022-06,2023-06,2,2,1.0
N24000690,TWO LANING OF EXISTING KHUPA HAYULIANG HAWAI ROAD ON EPC BA,,,ARUNACHAL PRADESH,2022-06,2023-06,2,2,1.0
N24000694,FOUR LANING OF VILLUKURI KANNIYAKUMAR ROAD OF KM 70.250 TO,,,TAMIL NADU,2022-06,2023-06,2,2,1.0
N24000720,CAPACITY AUGMENTATION OF THE EXISTING 4 LANE STRETCH FROM I,,,ANDHRA PRADESH,2022-06,2023-06,2,2,1.0
N24000801,SIX LANING OF SHAMLA JI TO MOTACHILODHA FROM KM 401.200 TO,,,GUJARAT,2022-06,2023-06,2,2,1.0
N24000830,FOUR LANING OF POONDIYANKUPPAM TO SATTANATHAPURAM (DESIGN C,,,TAMIL NADU,2022-06,2023-06,2,2,1.0
N24001182,CONSTRUCTION OF 2-LANE WITH PAVED SHOULDER OF FLEXIBLE PAVE,,,MIZORAM,2022-06,2023-06,2,2,1.0
N24001295,CONSTRUCTION OF 2 LANE ROAD OF POTIN TO PANGIN SECTION OF NH 13 FROM KM 284.92 TO KM 314.25 (PACKAGE,"[N24001289],MoRTH,ARUNACHAL PRADESH",MoRTH,ARUNACHAL PRADESH,2022-06,2023-04,2,2,1.0
N24001302,PREPATION OF FEASIBILITY/DPR OF CONSTRUCTION OF NEW 4-LANE,,,TAMIL NADU,2022-06,2023-06,2,2,1.0
N24001577,DELHI-VADODARA GREENFIELD ALIGNMENT (NH-148N) (PKG-08) (CH. 214.260 - CH. 247.31) [START OF ROB NEAR,"[N24001625],NHAI,TELANGANA",NHAI,RAJASTHAN,2023-04,2023-06,2,2,1.0
N24001583,RASISAR (NEAR BIKANER)- DEOGARH (NEAR DHANDHANIYA) (PHASE-I) (AJ/RD-PACKAGE-5),"[N24000736],NHAI,ODISHA",NHAI,RAJASTHAN,2023-04,2023-06,2,2,1.0
N24001585,SANGARIYA (NEAR CHAUTALA)- RASISAR (NEAR BIKANER) (AJ/SR- PACKAGE-4),"[N24001625],NHAI,TELANGANA",NHAI,RAJASTHAN,2023-04,2023-06,2,2,1.0
N28000085,NAGPUR METRO RAIL CORPORATION LTD NAGPUR METRO RAIL,,,MAHARASHTRA,2022-06,2023-06,2,2,1.0
PRJ_0A4FF94DFC9C,CONSTRUCTION OF MEGA HOSTEL II FOR NIT CALICUT KERALA,DEPARTMENT OF HIGHER EDUCATION,,,2023-05,2024-04,2,2,1.0
PRJ_145470C511FB,DURGAPUR PP-III (2X20 MW) - NSPCL,POWER,,,2023-05,2024-04,2,2,1.0
PRJ_24FFFE57C437,REBUILDING OF COKE OVEN BATTERY-2 ALONGWITH AUGMENTATION OF COKE HANDLING AND GAS HANDLING,STEEL,,,2023-06,2024-02,2,2,1.0
PRJ_2D79D162DC04,INDIA INTERNATIONAL CONVENTION,DPIIT,,,2024-02,2024-03,2,2,1.0
PRJ_3D165813E520,BUDHAPANK - SALEGAON VIA RAJATGARH 3RD AND 4TH LINE.,RAILWAYS,,,2023-06,2024-04,2,2,1.0
PRJ_45299077F3BB,REHABILITATION AND,WATER RESOURCES,,,2023-07,2024-04,2,2,1.0
PRJ_4C68D7045A9A,GRASS ROOT POL TERMINAL AT,PETROLEUM,,,2024-03,2024-04,2,2,1.0
PRJ_52EC2B1304C0,"RESIDENTIAL QUATERS FOR HAL,BANGLORE",DEFENCE PRODUCTION,,,2024-02,2024-03,2,2,1.0
PRJ_5DB4123A79F7,WARDHA-BALHARSHAH - 3RD LINE,RAILWAYS,,,2023-09,2024-02,2,2,1.0
PRJ_A0C940689E0F,REHABILITATION AND UPGRADATION TO 2 LANE WITH,ROAD TRANSPORT AND HIGHWAYS,,,2023-09,2024-01,2,2,1.0
PRJ_B57C826A8D9D,AMALGAMATED DHANKASA,Western Coal Fields Limited,,,2023-04,2023-08,2,2,1.0
PRJ_BB022E626909,RECONSTRUCTION WITH,PRADESH,,,2023-08,2023-09,2,2,1.0
PRJ_CA99A8AD8F6A,CONSTRUCTION OF NEW,Airport Authority Of India Limited,,,2023-04,2023-08,2,2,1.0
PRJ_CD6D6CEE2ED0,CONSTRUCTION OF TWO LANE WITH PAVED SHOULDER FROM KM.0 TO KM. 80 ON NH 548B (VIJAYAPURA-SANKESWAR SE -,ROAD TRANSPORT AND HIGHWAYS,,,2024-01,2024-04,2,2,1.0
PRJ_D9D2C562AE50,"CGD PROJECT AT MUZAFFARPUR, VAISHALI, SARAN AND SAMASTIPUR",PETROLEUM,,,2023-06,2023-07,2,2,1.0
PRJ_E9DA3FDA2D18,PETROCHEMICAL AND LUBE INTEGRATION PROJECT AT GUJARAT REFINERY,Indian Oil Corporation Limited,,,2023-04,2023-10,2,2,1.0
PRJ_EE2AFA5B00B3,INSTALLATION OF NEW BITUMEN UNIT ALONG WITH ALLIED FACILITIES AT GUJARAT,PETROLEUM,,,2024-02,2024-04,2,2,1.0
PRJ_F5FD78DED9CB,JHANSI MANIKPUR AND KHAIRAR,RAILWAYS,,,2023-06,2023-09,2,2,1.0
PRJ_FB2C7B0A57CC,CONSTRUCTION OF TERMINAL,CIVIL AVIATION,,,2023-06,2023-07,2,2,1.0
PRJ_09BCA22C864F,WIDENING AND UP-GRADATION TO 2-LANE WITH PAVED SHOULDER CONFIGURATION AND GEOMETRIC IMPROVEMENTS FRO,Road Transport And Highways,,,2024-04,2024-04,1,32,32.0
PRJ_82B67E7BF82F,2-LANING OF CHURACHANDPUR TUIVAI SECTION OF NH- 102B,Road Transport And Highways,,,2024-04,2024-04,1,19,19.0
PRJ_49CDE9D165D5,2 LANING OF KOHIMA - JESSAMI SECTION,Road Transport And Highways,,,2024-04,2024-04,1,18,18.0
PRJ_4BE8E8DA3E20,TRANSMISSION SYSTEM STRENGTHENING SCHEME FOR EVACUATION OF POWER FROM SOLAR ENERGY ZONES IN RAJASTHA,Power,,,2024-04,2024-04,1,14,14.0
PRJ_25035D3B1444,CONSTRUCTION OF TWO LANE WITH PAVED SHOULDER OF SELLING-DULTE SECTION OF NH-06,Road Transport And Highways,,,2024-04,2024-04,1,12,12.0
PRJ_29041DBEF6DB,CONSTRUCTION OF 2-LANING WITH HARD SHOULDER ROAD OF UKHRUL - TOLOI - TADUBI SECTION OF NH- 102A FROM,Road Transport And Highways,,,2024-04,2024-04,1,8,8.0
PRJ_34B0F2B2132E,WIDENING AND UPGRADATION TO TWO LANES WITH PAVED SHOULDERS ROAD FROM TAMENGLONG TO MAHUR (NH-137) IN,Road Transport And Highways,,,2024-04,2024-04,1,8,8.0
PRJ_46BEC5C07C0C,2-LANING FROM YAINGANGPOKPI TO FINCH CORNER,Road Transport And Highways,,,2024-04,2024-04,1,8,8.0
PRJ_5897D3164D1B,MARIAM - PEREN,Road Transport And Highways,,,2024-04,2024-04,1,8,8.0
PRJ_16DCE52EC7C6,CONSTRUCTION OF NEW DOUBLE TIER 4L ELEVATED CORRIDOR FROM CHENNAI PORT TO MADURAVOYAL IN CHENNAI DIS,Road Transport And Highways,,,2024-04,2024-04,1,6,6.0
PRJ_7E8847A308E2,RECONSTRUCTION WITH GEOMETRIC IMPROVEMENT OF EXISTING 2 LANE/INTERMEDIATE LANE TO 2LANE WITH PAVED S,Road Transport And Highways,,,2024-04,2024-04,1,6,6.0
PRJ_7B6FB6F3BE15,REHABILITATION AND UP GRADATION FROM 4 TO 8 LANING OF CHANDIKHOLE PARADIP SECTION OF NH 53 FROM KM.,Road Transport And Highways,,,2024-04,2024-04,1,5,5.0
PRJ_883CCAAB80EE,CONSTRUCTION AND UPGRADATION OFEXISTINGROAD TO 2-LANE WITH PAVED SHOULDER INCLUDING GEOMETRIC IMPROV,Road Transport And Highways,,,2024-04,2024-04,1,5,5.0
N06000290,TIKAK EXTENSION OCP - 0.2 MTY (CIL ),COAL,CIL,ASSAM,2025-03,2025-03,1,4,4.0
N06000291,TIRAP OCP (CIL ),COAL,CIL,ASSAM,2025-03,2025-03,1,4,4.0
N24002222,HUNLI TO HAYULIANG PKG-1 (NHIDCL ),ROAD TRANSPORT AND HIGHWAYS,NHIDCL,ARUNACHAL PRADESH,2025-03,2025-03,1,4,4.0
N24002223,HUNLI TO ITHUN BRIDGE SECTION (NHIDCL ),ROAD TRANSPORT AND HIGHWAYS,NHIDCL,ARUNACHAL PRADESH,2025-03,2025-03,1,4,4.0
N24002224,PANGO TO JORGING ROAD PKG- 1 (NHIDCL ),ROAD TRANSPORT AND HIGHWAYS,NHIDCL,ARUNACHAL PRADESH,2025-03,2025-03,1,4,4.0
N24002225,BILASIPURA- GUWAHATI ROAD PKG-1 (NHIDCL ),ROAD TRANSPORT AND HIGHWAYS,NHIDCL,ASSAM,2025-03,2025-03,1,4,4.0
N24002226,SILCHAR-JIRIBAM PKG-1 (NHIDCL ),ROAD TRANSPORT AND HIGHWAYS,NHIDCL,ASSAM,2025-03,2025-03,1,4,4.0
N24002227,JESSAMI TO LAYNEN BRIDGE UKHRUL - JESSAMI PKG-7 (NHIDCL ),ROAD TRANSPORT AND HIGHWAYS,NHIDCL,MANIPUR,2025-03,2025-03,1,4,4.0
N24002228,KHOWAI ?TELIAMURA-AMARPUR- HARINA-SABROOM SECTION PKG- 4 (NHIDCL ),ROAD TRANSPORT AND HIGHWAYS,NHIDCL,TRIPURA,2025-03,2025-03,1,4,4.0
PRJ_00D24778998F,WIDENING TO 2 LANE WITH HARD SHOULDER OF AKEGWO-AVANGKHU SECTION OF NH-202K FOR PACKAGE-I (DESIGN CH,Road Transport And Highways,,,2024-04,2024-04,1,4,4.0
PRJ_01D079B00C90,KEIFANG - TUVAI PKG-3,Road Transport And Highways,,,2024-04,2024-04,1,4,4.0
PRJ_048D69E21E08,PEREN-DIMAPUR SECTION PKG-2,Road Transport And Highways,,,2024-04,2024-04,1,4,4.0
PRJ_04DDE6E75961,KAILASHAHAR TO KHOWAI PKG-4,Road Transport And Highways,,,2024-04,2024-04,1,4,4.0
PRJ_066A82844EDA,CONSTRUCTION AND UPGRADATION OF EXISTING ROAD TO 2-LANE WITH PAVED SHOULDER FROM KM27.200 (END OF RO,Road Transport And Highways,,,2024-04,2024-04,1,4,4.0
PRJ_073ED5B97094,CONSTRUCTION OF 2-LANING WITH HARD SHOULDERS OF DEMWE- BRAHMAKUND SECTION OF NH-13 FROM CH.0.00 KM TO,Road Transport And Highways,,,2024-04,2024-04,1,4,4.0
PRJ_0761FF4E561A,CONSTRUCTION OF MANGALDOI BYPASS (NH-15) STARTING AT CH 26+400 AND TERMINATING AT CH 41+505 UNDER RA,Road Transport And Highways,,,2024-04,2024-04,1,4,4.0
PRJ_07721E876FCE,4 LANE WITH PAVED SHOULDER AGARTALA BYPASS (WESTERN SIDE) CONNECTING NH-8,Road Transport And Highways,,,2024-04,2024-04,1,4,4.0
PRJ_0C34181E7538,CONSTRUCTION OF 2 LANE ROAD OF POTIN TO PANGIN SECTION OF NH 13 FROM KM 206.66 TO KM 247.05 (PACKAGE,Road Transport And Highways,,,2024-04,2024-04,1,4,4.0
PRJ_0CCF786A4CDB,IMPROVEMENT/UPGRADATION OF EXISTING 2-LANE TO 4-LANE DIVIDED HIGHWAY FROM DAILI TO KURAOPOKPI SECTIO,Road Transport And Highways,,,2024-04,2024-04,1,4,4.0
PRJ_0D01B2306851,CONSTRUCTION OF 2-LANING WITH HARD SHOULDERS OF ARROWA- KHUPA-HAYULIANG SECTION OF NH- 113 FROM CH.68.,Road Transport And Highways,,,2024-04,2024-04,1,4,4.0
PRJ_0F2D13DDD554,4-L DHUBRI PHULBARI BRIDGE WITH APPROACH ROAD,Road Transport And Highways,,,2024-04,2024-04,1,4,4.0
PRJ_105DACB4C6AF,RANIKOR-MAHESHKHOLA- BAGHMARA (RMB) PKG-4,Road Transport And Highways,,,2024-04,2024-04,1,4,4.0
PRJ_10A06552CD80,SUBANSIRI LOWER H.E.P (8X250 MW),Power,,,2024-04,2024-04,1,4,4.0
PRJ_116484B1632B,TLABUNG - LUNGLEI PKG-B,Road Transport And Highways,,,2024-04,2024-04,1,4,4.0
PRJ_12425C1AACC5,"BHAIRABI SAIRONG, NL, NEFR",Railways,,,2024-04,2024-04,1,4,4.0
PRJ_137EDA72810D,SRIRAMPUR - DHUBRI PKG-1,Road Transport And Highways,,,2024-04,2024-04,1,4,4.0
PRJ_1869AED0F292,TAMENGLONG - MAHUR PKG-2,Road Transport And Highways,,,2024-04,2024-04,1,4,4.0
PRJ_1A0DD31F2BF4,CHURACHANPUR TUIVAI PKG-3,Road Transport And Highways,,,2024-04,2024-04,1,4,4.0
PRJ_1B92F20C1973,DCU REVAMP PROJECT,Petroleum,,,2024-04,2024-04,1,4,4.0
PRJ_1DBEB8C71560,WIDENING AND UPGRADATION TO TWO LANES WITH PAVED SHOULDERS ROAD FROM TAMENGLONG TO MAHUR (NH-137) I,Road Transport And Highways,,,2024-04,2024-04,1,4,4.0
PRJ_1FA9209A71A2,TWO-LANING OF HAYULIANG– HAWAI BYPASS ROAD ON EPC BASIS FROM DESIGN KM. 51.825 TO KM. 63.131 EXISTI,Road Transport And Highways,,,2024-04,2024-04,1,4,4.0
PRJ_20A7C49B556C,FOUR LANING OF JHANJHI JN TO DEMOW SECTION FROM KM. 491.050 TO KM. 535.250(DESIGN KM 490.800 TO KM 5,Road Transport And Highways,,,2024-04,2024-04,1,4,4.0
PRJ_21DFD4CC52E9,2-LANING OF KHOWAI -AGARTALA SECTION FROM DESIGN KM 31.300 TO KM 45.300 OF NH-208A PKG-3,Road Transport And Highways,,,2024-04,2024-04,1,4,4.0
PRJ_2289E724BE57,DULTE- KWALKULH - CHAMPAI PKG.2,Road Transport And Highways,,,2024-04,2024-04,1,4,4.0
PRJ_246077C42A4A,DEVELOPMENT OF SURFACE FACILITIES FOR PRODUCTION AND EVACUATION OF CRUDE OIL AND NATURAL GAS FROM NA,Petroleum,,,2024-04,2024-04,1,4,4.0
PRJ_25485DB8F94F,REHABILITATION AND UPGRADATION OF NONGSTOIN TO WAHKAJI SECTION OF PROJECT ROAD KM 0.000 TO KM 43.06,Road Transport And Highways,,,2024-04,2024-04,1,4,4.0
PRJ_264B0E33BFC9,DABOKA KATHKATI PACKAGE-6,Road Transport And Highways,,,2024-04,2024-04,1,4,4.0
PRJ_2953E2095645,SHRIRAMPUR (KM. 0.000) TO KOCHUGAON (KM. 30.000) OF BIJNI TO ASSAM./WEST BENGAL BORDER SECTION OF NH,Road Transport And Highways,,,2024-04,2024-04,1,4,4.0
PRJ_2E2561F83418,IMPHAL - KHONGSANG PKG-4,Road Transport And Highways,,,2024-04,2024-04,1,4,4.0
PRJ_2E64DAFD5A36,JORAM – KOLORIANG ROAD FROM EXISTING KM 50.050 TO KM 70.00,Road Transport And Highways,,,2024-04,2024-04,1,4,4.0
PRJ_3025299A6F35,CONSTRUCTION OF 2 LANE ROAD OF POTIN TO PANGIN SECTION OF NH 13 FROM KM 163.59 TO KM 206.66 (PACKAGE,Road Transport And Highways,,,2024-04,2024-04,1,4,4.0
PRJ_3053EB6B5CDA,4 LANING FROM JAMUGURI TO BISWANATH CHARIALI FROM KM 182 TO KM 208 OF NH-52,Road Transport And Highways,,,2024-04,2024-04,1,4,4.0
PRJ_33FDA1A5B289,CONSTRUCTION OF CHHIATHLANG - SERCHHIP BYPASS (PKG-1) ON AIZAWL-TUIPANG SECTION OF NH- 54,Road Transport And Highways,,,2024-04,2024-04,1,4,4.0
PRJ_3486FAE331CE,BILASIPURA-GUWAHATI ROAD PKG- 9,Road Transport And Highways,,,2024-04,2024-04,1,4,4.0
PRJ_36746B812EEE,RANGIT IV HE PROJECT,Power,,,2024-04,2024-04,1,4,4.0
PRJ_36F769E72AC4,BILASIPURA-GUWAHATI ROAD PKG- 8,Road Transport And Highways,,,2024-04,2024-04,1,4,4.0
PRJ_3741153AA8B9,2 LANING FROM MANU-SIMLUNG PKG-2,Road Transport And Highways,,,2024-04,2024-04,1,4,4.0
PRJ_3742288C25F2,DIBRUGARH-LAHOAL-CHABUA BYPASS PACKAGE-1,Road Transport And Highways,,,2024-04,2024-04,1,4,4.0
PRJ_37A61DE36CDC,TAMENGLONG - MAHUR PKG-5,Road Transport And Highways,,,2024-04,2024-04,1,4,4.0
PRJ_38C6BE327829,TAMENGLONG - MAHUR PKG-3,Road Transport And Highways,,,2024-04,2024-04,1,4,4.0
PRJ_3961EDF2D8CD,JOGIGHOPA BRIDGE,Road Transport And Highways,,,2024-04,2024-04,1,4,4.0
PRJ_3F724EEB2FE3,FOUR LANING OF EXISTING DIMAPUR KOHIMA ROAD FROM DESIGN KM 152.490 TO KM 166.700 (EXISTING KM 156.00,Road Transport And Highways,,,2024-04,2024-04,1,4,4.0
PRJ_410746CE64F4,TLABUNG - LUNGLEI PKG-A,Road Transport And Highways,,,2024-04,2024-04,1,4,4.0
PRJ_415410E229DB,CONSTRUCTION OF 2 LANE WITH PAVED SHOULDER FROM KM. 168 TO 183.783 (YESEMYONG TO UNGER) ON MOKOKCHUN,Road Transport And Highways,,,2024-04,2024-04,1,4,4.0
PRJ_421603859EBD,BALANCE WORK OF 4L OF NARIMBANGLO–JATINGA JUNCTION- HARANGAJO ROAD SECTION FROM KM 0.000 TO KM 49.23,Road Transport And Highways,,,2024-04,2024-04,1,4,4.0
PRJ_4540443BCF99,DIBANG MULTIPURPOSE PROJECT 2880 MW ARUNACHAL PRADESH,Power,,,2024-04,2024-04,1,4,4.0
PRJ_49E454C7B9DF,IMPROVEMENT AND WIDENING TO 2-LANE WITH EARTHEN PAVED SHOULDER FROM UDAIPUR TO SRIMANTAPUR,Road Transport And Highways,,,2024-04,2024-04,1,4,4.0
PRJ_49F5F71D68D8,IMPROVEMENT/WIDENING TO 2- LANE WITH PAVED SHOULDER / 4- LANING FROM (DESIGN KM 63.530 TO KM 71.520) B,Road Transport And Highways,,,2024-04,2024-04,1,4,4.0
PRJ_4C42CA18BBE5,WIDENING OF EXISTING SINGLE/INTERMEDIATE LANE ROAD TO 2 LANE ROAD FROM KM. 83.00 TO KM 101.00 ON NH-,Road Transport And Highways,,,2024-04,2024-04,1,4,4.0
PRJ_4D9FBA6344F3,MARIAM - PEREN PKG-2B,Road Transport And Highways,,,2024-04,2024-04,1,4,4.0
PRJ_4EBC6D300094,PEREN-DIMAPUR PKG-3,Road Transport And Highways,,,2024-04,2024-04,1,4,4.0
PRJ_4F60764BAEDD,NUMALIGARH REFINERY EXPANSION PROJECT COIT AND PIPELINES,Petroleum,,,2024-04,2024-04,1,4,4.0
PRJ_52A1A21FA73F,FOUR LANING OF BALACHERA- HARANGAJAO SECTION OF NH-54 (EXT) FROM KM 275.00 TO KM 244.000 IN THE STATE,Road Transport And Highways,,,2024-04,2024-04,1,4,4.0
PRJ_5426CD88EB43,IMPROVEMENT/UPGRADATION OF EXISTING 2-LANE TO 4-LANE DIVIDED HIGHWAY FROM TAPHOU KUKI TO DAILI SECTI,Road Transport And Highways,,,2024-04,2024-04,1,4,4.0
PRJ_589AE14317DB,SILCHAR VAIRENGTE SAIRANG ROAD PKG-1,Road Transport And Highways,,,2024-04,2024-04,1,4,4.0
PRJ_5AA8A308A23D,NUMALIGARH REFINERY EXPANSION PROJECT 6 MMTPA REFINARY,Petroleum,,,2024-04,2024-04,1,4,4.0
PRJ_5C1129B502AC,IMPHAL - KHONGSANG PKG-6,Road Transport And Highways,,,2024-04,2024-04,1,4,4.0
PRJ_5CBCB8B022EE,NEW BG LINE FROM BYRNIHAT TO SHILLONG,Railways,,,2024-04,2024-04,1,4,4.0
PRJ_5F1250FAEAB8,CHANGTONGYA TO LONGLENG ROAD PKG-2,Road Transport And Highways,,,2024-04,2024-04,1,4,4.0
PRJ_5F6831DC3D63,MERANGKONG-TAMLU-MON (MTM) PKG-5,Road Transport And Highways,,,2024-04,2024-04,1,4,4.0
PRJ_607E97879A9C,PEREN-DIMAPUR PKG-5,Road Transport And Highways,,,2024-04,2024-04,1,4,4.0
PRJ_635FCF73B768,AKASH BRIDGE - JESSAMI SECTION PKG-2,Road Transport And Highways,,,2024-04,2024-04,1,4,4.0
PRJ_64064B65CDF3,CONSTRUCTION OF TWO LANE WITH HARD SHOULDERS OF CHAKABAMA-ZUNHEBOTO ROAD FROM EXISTING KM 52.370 TO,Road Transport And Highways,,,2024-04,2024-04,1,4,4.0
PRJ_66801134C8A5,DEVELOPMENT OF EXTERNAL TRUNK CONNECTIVITY AND INTERNAL INFRASTRUCTURE WORKS AT MULTI MODEL LOGISTIC,Road Transport And Highways,,,2024-04,2024-04,1,4,4.0
PRJ_66FC8640B4F0,REHABILITATION AND UPGRADATION OF ROAD FROM KM 0.00 TO KM 18.600 OF KUMARGHAT- KAILASHAHAR SECTION,Road Transport And Highways,,,2024-04,2024-04,1,4,4.0
PRJ_697DD652879E,FOUR LANING OF SRIRAMPUR- DHUBRI PKG-2,Road Transport And Highways,,,2024-04,2024-04,1,4,4.0
PRJ_6A303A77D129,2-LANING FROM JOLAIBARI - BELONIA,Road Transport And Highways,,,2024-04,2024-04,1,4,4.0
PRJ_6B09D646F7CB,PAKYONG AIRPORT- WIDENING OF BASIC STRIP AT WESTERN SIDE OF RUNWAY CHAINAGE 80M TO 920M I/C SLOPE ST,Civil Aviation,,,2024-04,2024-04,1,4,4.0
PRJ_6CA456A91245,POWER RECOVERY TURBINE IN PFCCU,Petroleum,,,2024-04,2024-04,1,4,4.0
PRJ_70286BF75125,TAMENGLONG - MAHUR PKG-1,Road Transport And Highways,,,2024-04,2024-04,1,4,4.0
PRJ_718C726C1508,CONSTRUCTION OF 2-LANE ROAD WITH PAVED SHOULDERS FROM KM16.00 OF ROING-HUNLI SECTION TO KM 21.500 OF,Road Transport And Highways,,,2024-04,2024-04,1,4,4.0
PRJ_71A2542574A1,BONGAIGAON-GOALPARA- GUWAHATI,Railways,,,2024-04,2024-04,1,4,4.0
PRJ_71C665D10CA3,SILCHAR VAIRENGTE SAIRANG ROAD PKG-2,Road Transport And Highways,,,2024-04,2024-04,1,4,4.0
PRJ_72508F649070,IMPROVEMENT/CONSTRUCTION OF EXISTING CLASS 5 ROAD TO NH INTERMEDIATE LANE SPECIFICATION WITH HARD SH,Road Transport And Highways,,,2024-04,2024-04,1,4,4.0
PRJ_72A4FC655CD2,TAMENGLONG- MAHUR ROAD PKG-7,Road Transport And Highways,,,2024-04,2024-04,1,4,4.0
PRJ_72CCEDFED1C1,LMPHAL TO JIRIBAM PKG-7,Road Transport And Highways,,,2024-04,2024-04,1,4,4.0
PRJ_74472ACDCF33,UPGRADATION OF EXISTING ROAD TO 2-LANE WITH PAVED SHOULDER FROM KOHIMA TO MAO FROM KM 185.540 TO KM,Road Transport And Highways,,,2024-04,2024-04,1,4,4.0
PRJ_74AD8CA813FB,2 LANE WITH PAVED SHOULDER FROM KM 27+150 (GOLAI GAON) TO KM 47+682 (LEDO) ON EXISTING DIBRUGARH TO,Road Transport And Highways,,,2024-04,2024-04,1,4,4.0
PRJ_758133E54BF4,WIDENING TO EXISTING SINGLE LANE /INTERMEDIATE LANE TO 2 LANE FROM KM185.00 TO KM 220.00 OF NH-61 (N,Road Transport And Highways,,,2024-04,2024-04,1,4,4.0
PRJ_766EF5AAB7EA,4 LANING OF NH 37 SECTION BETWEEN END OF MORAN BYPASS TO BOGIBEEL JUNCTION NEAR LAPETKETA (KM. 561,Road Transport And Highways,,,2024-04,2024-04,1,4,4.0
PRJ_76BA9A5C3FED,"CONSTRUCTION OF INTERNATIONAL CENTRE FOR PERFORMING ARTS AND CULTURE,SHILONG IN MEGALAYA UNDER NLCPR",Doner,,,2024-04,2024-04,1,4,4.0
PRJ_79E097247201,CONSTRUCTION OF TWO LANE WITH HARD SHOULDERS OF MERANGKONG-TAMLU-MON ROAD FROM EXISTING KM 60.345 TO,Road Transport And Highways,,,2024-04,2024-04,1,4,4.0
PRJ_7A695BC45988,"ALL INDIA INSTITUTE OF MEDICAL SCIENCE AT GUWAHATI, ASSAM",Health And Family Welfare,,,2024-04,2024-04,1,4,4.0
PRJ_7D54D4B6DC5B,CONSTRUCTION OF 2-LANE MAJOR BRIDGE INCLUDING APPROACHESOVER BRAHMAPUTRA BETWEEN MAJULI ON NORTH BAN,Road Transport And Highways,,,2024-04,2024-04,1,4,4.0
PRJ_7F1AF637EA1A,DIBRUGARH-LAHOAL-CHABUA BYPASS PACKAGE-3,Road Transport And Highways,,,2024-04,2024-04,1,4,4.0
PRJ_7F5194ABC2E8,IMPHAL - KHONGSANG PKG-2,Road Transport And Highways,,,2024-04,2024-04,1,4,4.0
PRJ_80191F228621,CONSTRUCTION OF NEW INTEGRATED TERMINAL BUILDING AT LGBI AIRPORT GUWAHATI,Civil Aviation,,,2024-04,2024-04,1,4,4.0
PRJ_80CA5B51B84D,JORAM – KOLORIANG ROAD FROM EXISTING KM122.600 TO KM138.00,Road Transport And Highways,,,2024-04,2024-04,1,4,4.0
PRJ_814519C17379,AGARTALA-AKHAURA NL,Railways,,,2024-04,2024-04,1,4,4.0
PRJ_83D17ED7C0DE,UPGRADATION OF FACILITIES OF NUMALIGARH-SILIGURI PRODUCT PIPELINE (NSPL) FOR TRANSPORTATION OF ADDIT,Petroleum,,,2024-04,2024-04,1,4,4.0
PRJ_848209556C6E,BALANCE WORK 2-LANING OF LALPUL MANMAO CHANGLANG ROAD (NH-215) ON EPC MODE IN THE STATE OF ARUNACH,Road Transport And Highways,,,2024-04,2024-04,1,4,4.0
PRJ_85E25DE7809B,(II) CONSTRUCTION OF DIMAPUR BYPASS (ASSAM PORTION) OF 4/6 LANE PAVEMENT ON EPC BASIS FROM EXISTING,Road Transport And Highways,,,2024-04,2024-04,1,4,4.0
PRJ_8630CCD49390,FOUR LANNING OF BADARPUR BYPASS FROM DESIGN CHAINAGE KM 27+300 AT CROSSING WITH NH-6,Road Transport And Highways,,,2024-04,2024-04,1,4,4.0
PRJ_87E984C57EE8,JIRIBAM TO IMPHAL (TUPUI)(NL),Railways,,,2024-04,2024-04,1,4,4.0
PRJ_8897C8EDDE10,IMPROVEMENT/UPGRADATION OF EXISTING 2-LANE TO 4-LANE DIVIDED HIGHWAY FROM KURAOPOKPI TO SEKMAI SECTI,Road Transport And Highways,,,2024-04,2024-04,1,4,4.0
PRJ_88F437501838,IMPROVEMENT/WIDENING TO 2- LANE WITH PAVED SHOULDER FROM (DESIGN KM 10.670 TO KM 37.550) BETWEEN SHIL,Road Transport And Highways,,,2024-04,2024-04,1,4,4.0
PRJ_8DBE73D6833B,KEIFANG - TUVAI PKG-1,Road Transport And Highways,,,2024-04,2024-04,1,4,4.0
PRJ_8E52D27F023B,TAMENGLONG - MAHUR PKG-4,Road Transport And Highways,,,2024-04,2024-04,1,4,4.0
PRJ_8EBBFDDA5533,IMPHAL – MOREH PACKAGE- 3,Road Transport And Highways,,,2024-04,2024-04,1,4,4.0
PRJ_8EF63B5CB8B2,"REVAMPING OF FACILITIES AT EXISTING GUWAHATI TERMINAL, ASSAM",Petroleum,,,2024-04,2024-04,1,4,4.0
PRJ_95327187B46A,DULTE- KWALKULH - CHAMPAI PKG.1,Road Transport And Highways,,,2024-04,2024-04,1,4,4.0
PRJ_9A72F62D38B6,TADADEGE - HENKAR,Road Transport And Highways,,,2024-04,2024-04,1,4,4.0
PRJ_9B18A40F4B22,WIDENING TO 2-LANE WITH GEOMETRIC IMPROVEMENTS OF TURA DALU ROAD UNDER JICA FUNDING FROM KM 85.000 T,Road Transport And Highways,,,2024-04,2024-04,1,4,4.0
PRJ_9C86E0FFA697,4L OF EXISTING 2/4L STRETCH FROM LONAND TO DIVE GHAT (KM 166.400 TO KM 220.900 ) OF MOHOL – ALANDI S,Road Transport And Highways,,,2024-04,2024-04,1,4,4.0
PRJ_9F7617A5F0C7,REHABITITATION AND UP GRADATION OF NONGSTOIN- RAMBRAI-KYRSHAI ROAD UP TO MEGHALAYA-ASSAM BORDER FROM,Road Transport And Highways,,,2024-04,2024-04,1,4,4.0
PRJ_A0B9D78F133B,WIDENING OF EXISTING SINGLE LANE ROAD TO INTERMEDIATE LANE ROAD FROM MOKOKCHUNG TO CHARE VIA DIKHU I,Road Transport And Highways,,,2024-04,2024-04,1,4,4.0
PRJ_A191410CE3E4,2 LANE WITH PAVED SHOULDER FROM KM 16+900 (BOGAPANI) TO KM 27+150 (GOLAI GAON) ON EXISTING DIBRUGARH,Road Transport And Highways,,,2024-04,2024-04,1,4,4.0
PRJ_A842D385A1C9,"SETTING UP OF NEW RAIL FED POL FACILITY AT KAMARDANGA, ASSAM",Petroleum,,,2024-04,2024-04,1,4,4.0
PRJ_A9941C8394C9,IMPROVEMENT/WIDENING TO 2-L WITH PAVED SHOULDER FROM (DESIGN KM 0.00 TO KM 10.670) / 4- LANING FROM (,Road Transport And Highways,,,2024-04,2024-04,1,4,4.0
PRJ_AA026EA1E615,TULUNGIA-JOGIGHOPA-PAIKAN ROAD PKG-7,Road Transport And Highways,,,2024-04,2024-04,1,4,4.0
PRJ_AA8F8D1FCDBC,LADDA - BASAI,Road Transport And Highways,,,2024-04,2024-04,1,4,4.0
PRJ_B032D8509C25,IMPHAL - KHONGSANG PKG-5,Road Transport And Highways,,,2024-04,2024-04,1,4,4.0
PRJ_B0590A560ACF,CONSTRUCTION OF 2 LANE ROAD OF POTIN TO PANGIN SECTION OF NH 13 FROM KM 77.95 TO KM 117.56 (PACKAGE,Road Transport And Highways,,,2024-04,2024-04,1,4,4.0
PRJ_B48843012A8A,CONSTRUCTION AND UPGRADATION OF EXISTING ROAD TO 2-LANE WITH PAVED SHOULDER FROM NEW ROLEP BRIDGE AT,Road Transport And Highways,,,2024-04,2024-04,1,4,4.0
PRJ_B48D75525EE9,DOGINALA - GAU,Road Transport And Highways,,,2024-04,2024-04,1,4,4.0
PRJ_B52DA8DFB49E,"NORTH EAST-NORTHERN/ WESTERN INTERCONNECTOR-I, PART-C",Power,,,2024-04,2024-04,1,4,4.0
PRJ_B567145AAFD2,IMPROVEMENT/WIDENING TO 2- LANE WITH PAVED SHOULDER FROM (DESIGN KM 45.760 TO KM 63.530) BETWEEN SHIL,Road Transport And Highways,,,2024-04,2024-04,1,4,4.0
PRJ_B80067903B81,CHENNAI METRO RAIL LTD,Urban Development,,,2024-04,2024-04,1,4,4.0
PRJ_B8C468C6E032,DULTE- KWALKULH - CHAMPAI PKG.3,Road Transport And Highways,,,2024-04,2024-04,1,4,4.0
PRJ_BA7266E9AA55,(I) CONSTRUCTION OF FOUR/SIX LANING FROM KM 132.375 TO KM 158.058 (TOTAL NEW ALIGNMENT LENGTH OF 20.,Road Transport And Highways,,,2024-04,2024-04,1,4,4.0
PRJ_BD3F7454CAE5,JORAM – KOLORIANG ROAD FROM EXISTING KM104.850 TO KM 122.60,Road Transport And Highways,,,2024-04,2024-04,1,4,4.0
PRJ_BFB98CC547E5,4 LANING FROM RANGAGARA TO KALIABHOR TINALI FROM KM 297.00 TO KM 315.315 OF NH-37 ON EPC BASIS.,Road Transport And Highways,,,2024-04,2024-04,1,4,4.0
PRJ_C4D08C05AD9E,DABOKA KATHKATI PACKAGE-7,Road Transport And Highways,,,2024-04,2024-04,1,4,4.0
PRJ_C5DCCF1FC667,UKHRUL TOLOI TADUBI PKG-2,Road Transport And Highways,,,2024-04,2024-04,1,4,4.0
PRJ_C8A344DF661E,"SEVOK RANGPO, NEFR",Railways,,,2024-04,2024-04,1,4,4.0
PRJ_C9EA098940EC,WIDENING OF EXISTING ROAD TO 2 LANE WITH PAVED SHOULDER FROM HUKANJURI TO KHONSA SECTION OF NH-315A,Road Transport And Highways,,,2024-04,2024-04,1,4,4.0
PRJ_CC745C9CB271,2-LANING OF CHANGTONGYA TO LONGLENG ROAD OF NH-702,Road Transport And Highways,,,2024-04,2024-04,1,4,4.0
PRJ_CF26C08EFB97,WIDENING OF EXISTING SINGLE LANE / INTERMEDIATE LANE ROAD TO 2 LANE FROM KM 101 TO KM 125 OF NH 61 I,Road Transport And Highways,,,2024-04,2024-04,1,4,4.0
PRJ_CFA392F87DD3,EXPANSION OF GUWAHATI REFINERY FROM 1 TO 1.2 MMTPA ALONG WITH INSTALLATION OF CATALYTIC REFORMING UN,Petroleum,,,2024-04,2024-04,1,4,4.0
PRJ_D20CBA6F75A1,RANIKOR-MAHESHKHOLA- BAGHMARA (RMB) PKG-3,Road Transport And Highways,,,2024-04,2024-04,1,4,4.0
PRJ_D40A11D17A62,4 LANING OF ITANAGAR TO BANDARDEWA SECTION OF NH-415 FROM KM 40+430 TO KM 51+735 (PACKAGE B) ON EPC,Road Transport And Highways,,,2024-04,2024-04,1,4,4.0
PRJ_D454C07BF025,MARAM - PEREN PKG-3,Road Transport And Highways,,,2024-04,2024-04,1,4,4.0
PRJ_D47880446626,JORAM – KOLORIANG ROAD FROM EXISTING KM 70.00 TO KM 88.700,Road Transport And Highways,,,2024-04,2024-04,1,4,4.0
PRJ_D48461B2ADC8,TAMENGLONG - MAHUR PKG-6,Road Transport And Highways,,,2024-04,2024-04,1,4,4.0
PRJ_D6A3971A7B66,UP-GRADATION TO 2-LANE WITH PAVED SHOULDERS OF NGOPA - PAWLRANG SECTION OF NH 102B OF AIZAWL - IMPHA,Road Transport And Highways,,,2024-04,2024-04,1,4,4.0
PRJ_D79B9F939614,CONSTRUCTION OF 2-LANE WITH PAVED SHOULDER OF KOHIMA- BYPASS ROAD FROM DESIGN KM10.500 TO 21.00KM [D,Road Transport And Highways,,,2024-04,2024-04,1,4,4.0
PRJ_DA957E6FE936,MANU-SIMLUNG,Road Transport And Highways,,,2024-04,2024-04,1,4,4.0
PRJ_DAC50D58BE30,CONSTRUCTION OF 2 LANING OF EXISTING HUNLI-ANINI ROAD ON EPC BASIS FROM DESIGN KM 106.200 TO KM 120.,Road Transport And Highways,,,2024-04,2024-04,1,4,4.0
PRJ_DC4DA078FACA,CONSTRUCTION OF 2 LANING OF EXISTING HUNLI-ANINI ROAD ON EPC BASIS FROM DESIGN KM 53.500 TO KM 92.50,Road Transport And Highways,,,2024-04,2024-04,1,4,4.0
PRJ_DDE44E96A432,IMPHAL – MOREH,Road Transport And Highways,,,2024-04,2024-04,1,4,4.0
PRJ_DE9249D38C6C,FOUR LANING OF DIMAPUR KOHIMA ROAD FROM DESIGN KM 123.840 TO KM 138.775 (EXISTING KM 124.100 TO KM 1,Road Transport And Highways,,,2024-04,2024-04,1,4,4.0
PRJ_E1A48A6E5C69,WIDENING TO EXISTING SINGRE/INTERMEDIATE RANE TO 2 LANE FROM KM 135 TO KM 147 AND FROM KM 156.00 TO,Road Transport And Highways,,,2024-04,2024-04,1,4,4.0
PRJ_E316A4A28AA0,CONSTRUCTION OF TWO LANE WITH HARD SHOULDERS OF MERANGKONG-TAMLU-MON ROAD FROM EXISTING KM 20.456 TO,Road Transport And Highways,,,2024-04,2024-04,1,4,4.0
PRJ_E44C2E63E61F,DABOKA BYPASS OF DABOKA - PAROKHAOWA PKG -1,Road Transport And Highways,,,2024-04,2024-04,1,4,4.0
PRJ_E8D5F19EBE45,DABOKA KATHKATI PACKAGE-5,Road Transport And Highways,,,2024-04,2024-04,1,4,4.0
PRJ_E922986DB3CA,DIBRUGARH-LAHOAL-CHABUA BYPASS PACKAGE-2,Road Transport And Highways,,,2024-04,2024-04,1,4,4.0
PRJ_EE9C32D7467D,CONSTRUCTION AND DEVELOPMENT OF NATINAL INSTITUTE OF TECHNOLOGY MEGHALAYA PERMANENT CAMPUS AT SOHRA,Department Of Higher Education,,,2024-04,2024-04,1,4,4.0
PRJ_F364ABBD6014,"GAS ASSISTED GRAVITY DRAINAGE SCHEME, KASOMARIGAON",Petroleum,,,2024-04,2024-04,1,4,4.0
PRJ_F3D4CC7A861F,CONSTRUCTION OF FOUR LANE HIGHWAY FROM GHAZIPUR BALLIA UP BIHAR STATE BORDER (GREENFIELD) SECTION OF,Road Transport And Highways,,,2024-04,2024-04,1,4,4.0
PRJ_F40CF9AB8F25,"6L STANDALONE FLYOVERS AT RAHA, DEMOW, BORGHAT, KATHIATALI JUNCTIONS AND ROB AT JAGIROAD ON STRETCHE",Road Transport And Highways,,,2024-04,2024-04,1,4,4.0
PRJ_F4B3B334F088,IMPHAL - KHONGSANG PKG-3,Road Transport And Highways,,,2024-04,2024-04,1,4,4.0
PRJ_F524E0BC8905,FOUR LANING OF NUMALIGARH TO JORHAT SECTION FROM KM. 402.500 TO KM. 453.000 (DESIGN KM 403.200 TO KM,Road Transport And Highways,,,2024-04,2024-04,1,4,4.0
PRJ_F55EBD594458,TWO- LANE WITH PAVED SHOULDER CONFIGURATION OF IMPHAL - MOREH SECTION OF NH-39 FROM KM 330 TO KM 350,Road Transport And Highways,,,2024-04,2024-04,1,4,4.0
PRJ_F660379C3486,"6L FLYOVER AT BORAGAON, GORCHUK, LOKHRA AND BASISTHA JUNCTION ON GUWAHATI BYPASS SECTION FROM KM 146",Road Transport And Highways,,,2024-04,2024-04,1,4,4.0
PRJ_F7B4E487ACDF,"CONSTRUCTION OF SIKKIM UNIVERSITY CAMPUS PHASE-I, PACKAGE -II AT YANGANG SOUTH SIKKIM",Department Of Higher Education,,,2024-04,2024-04,1,4,4.0
PRJ_F7DF54AD18AD,BILASIPURA-GUWAHATI ROAD PKG- 10,Road Transport And Highways,,,2024-04,2024-04,1,4,4.0
PRJ_FBA8AD29E986,"CONSTRUCTION OF LPG FACILITIES AT KAMARDANGA, ASSAM",Petroleum,,,2024-04,2024-04,1,4,4.0
PRJ_FBC29FA41592,"PROJECT TO CONSTRUCT A FIELD GAS GATHERING STATION AT BAGHJAN AREA FOR COLLECTION,PROCESSING",Petroleum,,,2024-04,2024-04,1,4,4.0
PRJ_FC70CAD40970,RANIKOR- MAHESHKHOLA- BAGHMARA PKG-2,Road Transport And Highways,,,2024-04,2024-04,1,4,4.0
PRJ_FD1FC2BFAE63,SENAPATI- IMPHAL PKG-5B,Road Transport And Highways,,,2024-04,2024-04,1,4,4.0
PRJ_FFCA8AF4821C,MARIAM - PEREN PKG-1A,Road Transport And Highways,,,2024-04,2024-04,1,4,4.0
PRJ_0D0B872F46BE,DEFENCE PRODUCTION,DEFENCE PRODUCTION,DEFENCE PRODUCTION,S.No .,2023-12,2023-12,1,3,3.0
PRJ_0E98CA3F599D,WIDENING TO 2 LANE WITH HARD SHOULDER OF AKEGWO-AVANGKHU SECTION OF NH-202K FOR PACKAGE-III (DESIGN,Road Transport And Highways,,,2024-04,2024-04,1,3,3.0
PRJ_13C60226E8F9,SHIPPING AND PORTS,SHIPPING AND PORTS,SHIPPING AND PORTS,S.No .,2023-12,2023-12,1,3,3.0
PRJ_16417A0D26A8,CONSTRUCTION OF 2-LANE WITH PAVED SHOULDER OF KOHIMA- BYPASS ROAD FROM DSIGN KM32.0 TO KM43.454 [DES,Road Transport And Highways,,,2024-04,2024-04,1,3,3.0
PRJ_1B7C9EE40141,SPECIAL PROTECTION WORK ON REHABILITATION AND RESTORATION OF SLIDING AND SINKING ZONE FROM RANGPO TO,Road Transport And Highways,,,2024-04,2024-04,1,3,3.0
PRJ_2AC250814DE4,TELECOMMUNICATI ONS,TELECOMMUNICATIONS,TELECOMMUNICATIONS,S.No .,2023-12,2023-12,1,3,3.0
PRJ_2E71BDCFD87F,"CONSTRUCTION OF NEW INTEGRATED TERMINAL BUILDING, CONTROL TOWER CUM TECHNICAL BLOCK, APRON, LINK TAX",Civil Aviation,,,2024-04,2024-04,1,3,3.0
PRJ_2F50586D33F1,"6L STANDALONE FLYOVERS AT BONGAIGAON, CHAPAGURI, PATHSALA, SIMLAGURI CHOWK AND BAIHATA BYPASS JUNCTI",Road Transport And Highways,,,2024-04,2024-04,1,3,3.0
PRJ_302E68039A1E,HEALTH AND FAMILY WELFARE,HEALTH AND FAMILY WELFARE,HEALTH AND FAMILY WELFARE,S.No .,2023-12,2023-12,1,3,3.0
PRJ_3E6A23589F3A,CONSTRUCTION OF 2 LANE WITH HARD SHOULDER FROM DESIGN CHAINAGE KM 283.000 TO KM 325.440 (5- LEGGED J,Road Transport And Highways,,,2024-04,2024-04,1,3,3.0
PRJ_3F27DEE0767C,CONSTRUCTION OF 2-LANE ROAD WITH PAVED SHOULDER (GREENFIELD ALIGNMENT) OF EXISTING STRETCH BETWEEN L,Road Transport And Highways,,,2024-04,2024-04,1,3,3.0
PRJ_4BA7568805EF,WIDENING TO 2 LANE WITH HARD SHOULDER OF AKEGWO-AVANGKHU SECTION OF NH-202K FOR PACKAGE-II (DESIGN C,Road Transport And Highways,,,2024-04,2024-04,1,3,3.0
PRJ_4BF6672958E8,4-LANING OF ITANAGAR TO BANDARDEWA SECTION OF NH-415 FROM KM 51+700 TO KM 59+199 (PACKAGE-C) ON EPC,Road Transport And Highways,,,2024-04,2024-04,1,3,3.0
PRJ_4FE466140FC8,CONSTRUCTION OF 2-LANE WITH PAVED SHOULDER INCLUDING GEOMETRIC IMPROVEMENT FROM KM 16.000 TO KM 32.5,Road Transport And Highways,,,2024-04,2024-04,1,3,3.0
PRJ_523A09C90F81,4-LANING OF HAPACHARA - TULUNGIA SECTION,Road Transport And Highways,,,2024-04,2024-04,1,3,3.0
PRJ_65DFA4DBB9A3,RISHI BORDER- ROLEP- MENLA PKG- 2A,Road Transport And Highways,,,2024-04,2024-04,1,3,3.0
PRJ_66E2DAE524CB,WIDENING/IMPROVEMENT TO 4- LANE WITH PAVED SHOULDER FROM CH.75.330KM TO CH.88.00KM (DESIGN CH.71.800,Road Transport And Highways,,,2024-04,2024-04,1,3,3.0
PRJ_683A2649377F,RENEWABLE ENERGY,RENEWABLE ENERGY,RENEWABLE ENERGY,S.No .,2023-12,2023-12,1,3,3.0
PRJ_6FF68F52F401,WIDENING/IMPROVEMENT TO 4- LANE WITH PAVED SHOULDER FROM KM 0+800 (KANDULIJAN GAON) TO KM 27+701 (SI,Road Transport And Highways,,,2024-04,2024-04,1,3,3.0
PRJ_71732BA91E76,TWO LANING OF JORAM KOLORIANG ROAD (NH 713) ON EPC BASIS FROM DESIGN KM. 138+000 TO KM. 154+036 [EX,Road Transport And Highways,,,2024-04,2024-04,1,3,3.0
PRJ_75699D2C34A5,CONSTRUCTION OF 2-LANE WITH PAVED SHOULDER GANGTOK BYPASS ROAD FROM RANIPOOL TO BURTUK (L=23.316KM),Road Transport And Highways,,,2024-04,2024-04,1,3,3.0
PRJ_8AADEFE06483,CONSTRUCTION OF 2-LANE WITH PAVED SHOULDER INCLUDING GEOMETRIC IMPROVEMENT FROM KM 0.000 TO KM 16.00,Road Transport And Highways,,,2024-04,2024-04,1,3,3.0
PRJ_8DB4C7F6EA02,4 LANING OF NH-37 SECTION BETWEEN DEMOW TO END OF MORAN BYPASS (FROM KM. 534.800 TO KM. 561.700) O,Road Transport And Highways,,,2024-04,2024-04,1,3,3.0
PRJ_8DC18226F3A9,CONSTRUCTION OF TWO LANE WITH PAVED SHOULDERS OF JORAM KOLORIANG ROAD (NH 713) ON EPC BASIS FROM EXI,Road Transport And Highways,,,2024-04,2024-04,1,3,3.0
PRJ_9AFD0C7113D9,4 LANING OF JORHAT TO JHANJI SECTION FROM KM. 453.00 TO KM. 491.08 (DESIGN KM 403.200 TO KM 454.240),Road Transport And Highways,,,2024-04,2024-04,1,3,3.0
PRJ_B7398E6F3B0C,CONSTUCTION/UPGRADATION OF EXISTING HIGHWAY TO 2 LANE WITH PAVED SHOULDER FROM KM 0.00 TO KM 13.00 N,Road Transport And Highways,,,2024-04,2024-04,1,3,3.0
PRJ_B88B1089CCD1,IMPROVEMENT/WIDENING TO 2- LANE WITH EARTHEN SHOULDERS FROM RANIKOR TO NONGJRI EXISTING CHAINAGE FROM,Road Transport And Highways,,,2024-04,2024-04,1,3,3.0
PRJ_C7A71AF10D9C,CONSTRUCTION OF 2 LANE ROAD OF POTIN TO PANGIN SECTION OF NH 13 FROM KM 117.56 TO KM 163.59 (PACKAGE,Road Transport And Highways,,,2024-04,2024-04,1,3,3.0
PRJ_C7D33CDBF40B,CONSTUCTION/UPGRADATION OF EXISTING HIGHWAY TO 2 LANE WITH PAVED SHOULDER FROM KM 13.00 TO KM 25.600,Road Transport And Highways,,,2024-04,2024-04,1,3,3.0
PRJ_C9A62725D18F,RISHI BORDER- ROLEP- MENLA PKG- 3B,Road Transport And Highways,,,2024-04,2024-04,1,3,3.0
PRJ_D5311F69A0E4,REHABILITATION AND UPGRADATION OF EXISTING ROAD TO 2-LANE WITH PAVED SHOULDER INCLUDING GEOMETRIC IM,Road Transport And Highways,,,2024-04,2024-04,1,3,3.0
PRJ_E97CB610B278,CONSTUCTION/UPGRADATION OF EXISTING HIGHWAY TO 2 LANE WITH PAVED SHOULDER FROM KM 26.10 TO KM 40.00,Road Transport And Highways,,,2024-04,2024-04,1,3,3.0
PRJ_FAD0EAC26E58,CONSTRUCTION OF 2-LANE SPECIFICATION ROAD WITH PAVED SHOULDER AS REALIGNMENT,Road Transport And Highways,,,2024-04,2024-04,1,3,3.0
N06000287,BLOCK-E OCP (15 MTY) (BCCL ),COAL,15 MTY,JHARKHAND,2025-03,2025-03,1,2,2.0
N06000288,BALABHADRA OCP (MCL ),COAL,MCL,ODISHA,2025-03,2025-03,1,2,2.0
N06000289,INTEGRATED KULDA GARJANBAHAL OCP (MCL ),COAL,MCL,ODISHA,2025-03,2025-03,1,2,2.0
N16000540,LUBE MODERNIZATION AND BOTTOM UPGRADATION PROJECT (HPCL ),PETROLEUM,HPCL,MAHARASHTRA,2025-03,2025-03,1,2,2.0
N18000406,600 MW SOLAR POWER PROJECT UNDER CPSU SCHEME (NHPC ),POWER,NHPC,GUJARAT,2025-03,2025-03,1,2,2.0
N24002214,CONSTRUCTION OF AMETHI BYPASS (PART-II) AT KM.30.050 OF NH-931 UNDER EPC MODE IN THE STATE OF UTTAR (MoRTH ),ROAD TRANSPORT AND HIGHWAYS,PART-II,UTTAR PRADESH,2025-03,2025-03,1,2,2.0
N24002215,DEVELOPMENT OF SIX LANE ACCESS CONTROLLED GREEN FIELD HIGHWAY FROM KAVULAKUNTLA (KM.196+000) TO NARA (NHAI ),ROAD TRANSPORT AND HIGHWAYS,NHAI,ANDHRA PRADESH,2025-03,2025-03,1,2,2.0
N24002216,ACCESS CONTROLLED HIGHWAY OF 4 LANE WITH PAVED SHOULDERS FROM TIRUVALLUR (DESIGN CHAINAGE KM 17+56) (NHAI ),ROAD TRANSPORT AND HIGHWAYS,NHAI,TAMIL NADU,2025-03,2025-03,1,2,2.0
N24002217,ACCESS CONTROLLED HIGHWAY OF 4 LANE WITH PAVED SHOULDERS FROM TN/AP BORDER (DESIGN CHAINAGE KM 61+51 (NHAI ),ROAD TRANSPORT AND HIGHWAYS,NHAI,ANDHRA PRADESH,2025-03,2025-03,1,2,2.0
N24002219,REHABILITATION AND UP GRADATION FROM 4 TO 8 LANING OF CHANDIKHOLE ? PARADIP SECTION OF NH-53 (OLD NH (NHAI ),ROAD TRANSPORT AND HIGHWAYS,NHAI,ODISHA,2025-03,2025-03,1,2,2.0
N24002220,PERMANENT RECTIFICATION OF 4 NOS. OF BLACKSPOTS ON NH 27 OF KOTWA MEHSI MUZAFFARPUR SECTION FROM (NHAI ),ROAD TRANSPORT AND HIGHWAYS,NHAI,BIHAR,2025-03,2025-03,1,2,2.0
N24002221,4L OF GREENFIELD ALIGNMENT FROM KM. 47.000 TO KM. 89.210 OF BALBHADARPUR TO BELA NAWDA SECTION OF NH (NHAI ),ROAD TRANSPORT AND HIGHWAYS,NHAI,BIHAR,2025-03,2025-03,1,2,2.0
PRJ_0005F2066416,CONSTRUCTION OF EIGHT LANE ACCESS CONTROLLED EXPRESSWAY FROM KM 217.500 TO KM 254.430 OF VADODARA MU,Road Transport And Highways,,,2024-04,2024-04,1,2,2.0
PRJ_0041E89E2E26,REBUILDING OF COKE OVEN BATTERY NO.4 OF DURGAPUR STEEL PLANT,Steel,,,2024-04,2024-04,1,2,2.0
PRJ_007F692C3FA0,CONSTRUCTION OF 2-LANE WITH PAVED SHOULDER OF NEW GREEN FIELD ALIGNMENT FROM CHOCHENPHERI AT KM 52.0,Road Transport And Highways,,,2024-04,2024-04,1,2,2.0
PRJ_009319471E20,KARGIL-ZANSKR PACKAGE-3,Road Transport And Highways,,,2024-04,2024-04,1,2,2.0
PRJ_00CF274413E1,4L KODINAR - VERAVAL (PACKAGE VI) FROM KM. 222.400 TO KM. 230.00 (KODINAR BYPASS) OF NH-8E (NH 51 NE,Road Transport And Highways,,,2024-04,2024-04,1,2,2.0
PRJ_00D8DA420ECF,IMPROVEMENT TO TWO LANE WITH PAVED SHOULDERS OF NH 122B FROM KM 29.730 TO KM 72.348 IN STATE OF BIH,Road Transport And Highways,,,2024-04,2024-04,1,2,2.0
PRJ_0101491D85CF,4-LANNING OF END OF PANDOH BYPASS TAKOLI IN H.P,Road Transport And Highways,,,2024-04,2024-04,1,2,2.0
PRJ_012003A4CDAA,KHELLANI-KHANABAL PKG-3,Road Transport And Highways,,,2024-04,2024-04,1,2,2.0
PRJ_018401E74A9A,BAHRAICH - NANPARA -NEPALGANJ,Railways,,,2024-04,2024-04,1,2,2.0
PRJ_01A4DD5EEABC,MUMBAI AHMEDABAD HIGH SPEED RAIL PROJECT,Railways,,,2024-04,2024-04,1,2,2.0
PRJ_01D39851FF69,BADAM COAL MINING PROJECT,Power,,,2024-04,2024-04,1,2,2.0
PRJ_01EFAC7D6D78,REVISED PROJECT REPORT MAGADH EXPANSION OCP,Coal,,,2024-04,2024-04,1,2,2.0
PRJ_0209AF4DCC33,REHABILITATION AND UPGRADATION TO 2 LANE WITH PAVED SHOULDER FROM DESIGN CHAINAGE KM 162.800 TO KM,Road Transport And Highways,,,2024-04,2024-04,1,2,2.0
PRJ_021A06334E12,KARAIPETTAI TO WALAJAPET FROM KM 71.015 TO 107.091,Road Transport And Highways,,,2024-04,2024-04,1,2,2.0
PRJ_021BBE47118C,REHABILITATION AND UPGRADATION OF NH 111 FROM KM 163.400 TO 215.800 SHIVNAGAR TO AMBIKAPUR SECTION,Road Transport And Highways,,,2024-04,2024-04,1,2,2.0
PRJ_023AA882B72C,Fuel Quality Upgradation Project at Paradip Refinery,Petroleum,,,2024-04,2024-04,1,2,2.0
PRJ_02438A5CBED9,6L ACCESS CONTROLLED LUDHIANA-BATHINDA GREENFIELD HIGHWAY FROM JN. WITH AMRITSAR-BATHANDA GREENFIELD,Road Transport And Highways,,,2024-04,2024-04,1,2,2.0
PRJ_02A67EB77B75,PROTECTION OF MAJULI ISLAND FROM FLOOD AND EROSION OF RIVER BRAHMAPUTRA,Water Resources,,,2024-04,2024-04,1,2,2.0
PRJ_02E1368DDC6D,4 LANE WITH PAVED SHOULDER FROM KM 0.000 TO KM 51.119 OF TADIPATRI TO MUDDANUR OF NH67,Road Transport And Highways,,,2024-04,2024-04,1,2,2.0
PRJ_02F30F15944C,PATHERDIH 2.5 NLW COAL WASHERY,Coal,,,2024-04,2024-04,1,2,2.0
PRJ_031A68E0D372,TRIVANDRUM-KANYAKUMARI DOUBLING,Railways,,,2024-04,2024-04,1,2,2.0
PRJ_031F664259AF,NIMACH-RATLAM,Railways,,,2024-04,2024-04,1,2,2.0
PRJ_0341190A6215,LIFE EXTENSION OF WALL PLATFORMS OF MUMBAI HIGH AND HEERA FIELDS,Petroleum,,,2024-04,2024-04,1,2,2.0
PRJ_038A906C58F0,UPGRADATION TO 4L PS DIVIDED CARRIAGEWAY FROM PATAN (NEAR RAJPUR) TO GOJARIYA FROM KM 52.000 TO KM 1,Road Transport And Highways,,,2024-04,2024-04,1,2,2.0
PRJ_048B3F82146D,DELHI-AMRITSAR-KATRA EXPRESSWAY (PHASE-I PKG-XI) FROM JUNCTION WITH JALANDHAR - KAPURTHALA ROAD (NH-,Road Transport And Highways,,,2024-04,2024-04,1,2,2.0
PRJ_04A43B6184E2,6L ACCESS CONTROLLED GREENFIELD HIGHWAY FROM MALLAPALLE 176.000 KM. TO KAVULAKUNTLA 196.000 KM. PACK,Road Transport And Highways,,,2024-04,2024-04,1,2,2.0
PRJ_04BB17584768,FOUR LANING OF MAMALLAPURAM TO MUGAIYUR SECTION OF NH332A FROM KM 0.000 TO KM 31.000,Road Transport And Highways,,,2024-04,2024-04,1,2,2.0
PRJ_05003312DD19,4 LANING OF NH-31D FROM GHOSHPUKUR - SALSALABARI ( KM 0.00 TO KM . 83.785),Road Transport And Highways,,,2024-04,2024-04,1,2,2.0
PRJ_052CA0CD2F49,SONENAGAR BYE PASS LINE FROM CHIRALAPOTHU TO BAGHA BISHUNPUR,Railways,,,2024-04,2024-04,1,2,2.0
PRJ_053C6084DCE8,4 LANE OF BILASPUR TO URGA PROJECT (KM 0.00 TO KM 70.2) OF NH-130A,Road Transport And Highways,,,2024-04,2024-04,1,2,2.0
PRJ_0553E9F13DD2,SEWER NETWORK SPS AND STP BEGUSARAI,Water Resources,,,2024-04,2024-04,1,2,2.0
PRJ_057D663F7A4B,4L OF SANNUR TO BIKARNAKATTE SECTION FROM KARKALA TO MANGALORE,Road Transport And Highways,,,2024-04,2024-04,1,2,2.0
PRJ_058DBE9642BA,DHOLPUR-SIRMUTTRA WITH EXTENSION TO GANGAPURCITY AND MOHARI-TANTPUR AND TANPUR-BANSI PAHARPUR,Railways,,,2024-04,2024-04,1,2,2.0
PRJ_06127B620A2B,COMMERCIAL POLYMER FLOODING PROJECT IN BECHRAJI FIELD,Petroleum,,,2024-04,2024-04,1,2,2.0
PRJ_0671F0C1EAF5,WIDENING OF EXISTING SINGLE LANE ROAD TO TWO LANE WITH PAVED SHOULDERS CONFIGURATION FROM KM. 235.00,Road Transport And Highways,,,2024-04,2024-04,1,2,2.0
PRJ_06A5633C4EEC,KAZIPET-BALHRSHA,Railways,,,2024-04,2024-04,1,2,2.0
PRJ_076854E8B2B1,NIMACH BADI SADRI NEW LINE PROJECT,Railways,,,2024-04,2024-04,1,2,2.0
PRJ_079388520373,RECONSTRUCTION WITH GEOMETIC IMPROVEMENT OF EXISTING TWO LANE TO 2- LANE WITH PAVED SHOULDERS CONFIG,Road Transport And Highways,,,2024-04,2024-04,1,2,2.0
PRJ_079FF488BEAD,PURULIA TO KOTSHILA DOUBLING,Railways,,,2024-04,2024-04,1,2,2.0
PRJ_07A5D3DDDDBE,DURGAPUR-HALDIA PIPELINE PROJECT,Petroleum,,,2024-04,2024-04,1,2,2.0
PRJ_07B898518221,NOKH PLOT-3 SOLAR PV PROJECT 245MW,Power,,,2024-04,2024-04,1,2,2.0
PRJ_07D4B84924E6,UPGRADATION OF DHORAJI JAMKANDORNA KALAVAD SECTION OF NH 927D FROM DESIGN CHAINAGE KM 00 TO KM 58.11,Road Transport And Highways,,,2024-04,2024-04,1,2,2.0
PRJ_07DBCB6F5C82,HOSPET-HUBLI-LONDA- VASCODAGAMA DL,Railways,,,2024-04,2024-04,1,2,2.0
PRJ_08775DABB640,AMALGAMATED DHANKASA JAMUNIA UG,Coal,,,2024-04,2024-04,1,2,2.0
PRJ_08888CE363F1,"AUGMENTATION OF DIMAPUR DEPOT, DIMAPUR",Petroleum,,,2024-04,2024-04,1,2,2.0
PRJ_08F25C4F26CD,INTEGRATED LAKHANPUR- BELPAHAR-LILARI OCP,Coal,,,2024-04,2024-04,1,2,2.0
PRJ_0901A5286E57,CONSTRUCTION OF NEW LINK (NH- 133B) FROM KM 0/00 (KM 200/87 OF SAHIBANJ BYPASS) IN JHARKHAND TO KM 15,Road Transport And Highways,,,2024-04,2024-04,1,2,2.0
PRJ_09374348C6E9,4L OF KARWAR (KM. 281.980 OF NH- 62 NAGAUR ROAD) TO DANGIYAVAS OF JODHPUR RING ROAD,Road Transport And Highways,,,2024-04,2024-04,1,2,2.0
PRJ_096559BC30EB,KANCHAN OC EXPANSION,Coal,,,2024-04,2024-04,1,2,2.0
PRJ_0A57AAC9FBF5,CAPACITY EXPANSION OF PANIPAT REFINERY FROM 15 TO 25 MMTPA,Petroleum,,,2024-04,2024-04,1,2,2.0
PRJ_0A9536E00136,4-LANNING OF KODINAR TO VERAVAL SECTION OF NH-8E FROM KM 221.610 TO KM 263.000,Road Transport And Highways,,,2024-04,2024-04,1,2,2.0
PRJ_0AD4B8B6C786,PETLAD-BHADRAN,Railways,,,2024-04,2024-04,1,2,2.0
PRJ_0B4BD81BB5FB,ALIGARH-HARDUAGANJ FLYOVER,Railways,,,2024-04,2024-04,1,2,2.0
PRJ_0B5304F9EB0E,BATURA HIGHWALL PROJECT,Coal,,,2024-04,2024-04,1,2,2.0
PRJ_0BF27DD57DFD,MARIKUPPAM - KUPPAM,Railways,,,2024-04,2024-04,1,2,2.0
PRJ_0C276BE7DF2F,CONSTRUCTION OF NEW TERMINAL BUILDING AT JODHPUR AIRPORT,Civil Aviation,,,2024-04,2024-04,1,2,2.0
PRJ_0C5477886397,"KHAVDA PHASE-II-PART B, GUJARAT- TRANSMISSION SCHEME FOR EVACUATION OF 4.5 GW RE INJECTION AT KHAVDA",Power,,,2024-04,2024-04,1,2,2.0
PRJ_0C6A16155DFB,4-LANING OF KAMALAPURAM - ODDANCHATRAM SECTION OF NH- 209,Road Transport And Highways,,,2024-04,2024-04,1,2,2.0
PRJ_0C91878B070E,KHURJA SUPER THERMAL POWER PROJECT,Power,,,2024-04,2024-04,1,2,2.0
PRJ_0CA84D56682B,REHABILITATION AND UPGRADATION TO 2-LANE WITH PAVED SHOULDER CONFIGURATION OF JIRAPUR-SUSNER-MP-RJ B,(TOTAL LENGTH 20.60 KM),,,2024-04,2024-04,1,2,2.0
PRJ_0CAA2BD4AEA2,"4L OF SHAMLI BYAPSS- SAHARANPUR FROM KM 92.2 TO KM 155.025 SECTION OF NH-709B, PKG-II",Road Transport And Highways,,,2024-04,2024-04,1,2,2.0
PRJ_0CD8479F4B3A,MEHSANA PALANPUR DOUBLING PROJECT 65.10 KMS,Railways,,,2024-04,2024-04,1,2,2.0
PRJ_0CE88B45A7CD,CHANDRAGUPT OCP,Coal,,,2024-04,2024-04,1,2,2.0
PRJ_0D1A369F3D4C,HURA - C OC,Coal,,,2024-04,2024-04,1,2,2.0
PRJ_0D1A7785AA1F,ETHYLENE CRACKER PROJECT AT BINA REFINERY INCLUDING DOWNSTREAM PETROCHEMICAL PLANTS AND EXPANSION OF,Petroleum,,,2024-04,2024-04,1,2,2.0
PRJ_0D9E716433E6,DHAD BHOKARDAN TO BHOKARDHAN SILLOD,Road Transport And Highways,,,2024-04,2024-04,1,2,2.0
PRJ_0DCA71F225C4,"4LPS OF MUZAFFARNAGAR TO MIRANPUR SECTION OF NH-709AD, PKG-III",Road Transport And Highways,,,2024-04,2024-04,1,2,2.0
PRJ_0E2966335E4C,NORTH EASTERN REGION STRENGTHENING SCHEME-XII,Power,,,2024-04,2024-04,1,2,2.0
PRJ_0E5D976868E1,MUZAFFARPUR SAGAULI DOUBLING 100.60 KM,Railways,,,2024-04,2024-04,1,2,2.0
PRJ_0E6A78A16582,SEWERAGE SCHEME INTERCEPTION AND DIVERSION WITH STP WORKS AT MEERUT UTTAR PRADESH,Water Resources,,,2024-04,2024-04,1,2,2.0
PRJ_0EAB1FB0DDC1,ESTABLISHMENT OF NATIONAL ANIMAL RESOURCE FACILITY FOR BIOMEDICAL RESEARCH AT HYDERABAD,Health And Family Welfare,,,2024-04,2024-04,1,2,2.0
PRJ_0EC9255AC452,SIX LANING OF NATIONAL CORRIDOR NH19 FROM PANAGARH TO PALSIT IN THE STATE OF WEST BENGAL UNDER BHARA,Road Transport And Highways,,,2024-04,2024-04,1,2,2.0
PRJ_0F7BE6BCB448,6L OF DHANARA - HATIBENA SECTION FROM KM 124.611 TO KM 146.50 OF NH-130-CD (PACKAGE – OD-1),Road Transport And Highways,,,2024-04,2024-04,1,2,2.0
PRJ_10A7E5099CE6,CONSTRUCTION OF A NEW 4 LANE BRIDGE PARALLEL TO EXISTING MG SETU WITH ITS APPROACHES FROM KM 0.00,Road Transport And Highways,,,2024-04,2024-04,1,2,2.0
PRJ_10C4D4BC5024,LUHRI HYDROELECTRIC PROJECT,Power,,,2024-04,2024-04,1,2,2.0
PRJ_11309AB0A1C6,4L GREENFIELD ALIGNMENT OF SHIVRAMPUR TO RAMNAGAR FROM KM. 55.002 TO KM. 109.300 OF NH 119 D (PKG-I,Road Transport And Highways,,,2024-04,2024-04,1,2,2.0
PRJ_11555FCF70A6,"TRANSMISSION SYSTEM FOR POWER EVACUATION FROM ARUN-3 (900MW) HEP, NEPAL OF M/S SAPDC-INDIAN PORTION",Power,,,2024-04,2024-04,1,2,2.0
PRJ_1173162E347A,DEVELOPMENT OF NEWLY DECLARED NH-527C FROM MAJHAULI TO CHAROUT SECTION TO 2 LANE WITH PAVED SHOULDER,Road Transport And Highways,,,2024-04,2024-04,1,2,2.0
PRJ_118346046E1E,4L FROM KM 196.87 (SANKHA) TO KM 219.6 (KHAJURI) ON NH-75 [REHLA / GARHWA BYPASS],Road Transport And Highways,,,2024-04,2024-04,1,2,2.0
PRJ_11C8FEAA770E,WIDENING TO 6L OF EXISTING 4L JETPUR - GONDAL - RAJKOT SECTION FROM KM. 117.600 TO KM. 185.00 ON NH-,Road Transport And Highways,,,2024-04,2024-04,1,2,2.0
PRJ_125042944AAB,NEW MUNDRA-PANIPAT CRUDE OIL PIPELINE,Petroleum,,,2024-04,2024-04,1,2,2.0
PRJ_1286136F8748,MAKARDHOKDA I EXPANSION OC,Coal,,,2024-04,2024-04,1,2,2.0
PRJ_12A3F9070170,SIX LANE OF PALSIT TO DANKUNI SECTION FROM 588.870 TO KM. 652.700,Road Transport And Highways,,,2024-04,2024-04,1,2,2.0
PRJ_12C9AD6B3FD2,ESTABLISHMENT OF PERMANENT CAMPUS PHASE 1 OF IIM SIRMAUR,Department Of Higher Education,,,2024-04,2024-04,1,2,2.0
PRJ_1385A998539B,CONSTRUCTION OF BYPASS TO NAYAGARH TOWN FROM KM 235.469 TO 252.482 OF NH-57 INCLUDING LAND ACQUISITI,Road Transport And Highways,,,2024-04,2024-04,1,2,2.0
PRJ_13B94234FAF5,SIX LANING OF RAMANATTUKARA JUNCTION TO START OF VALANCHERY BYPASS SECTION OF NH-66 (OLD NH-17) FROM,Road Transport And Highways,,,2024-04,2024-04,1,2,2.0
PRJ_13EA11F7D0C0,REHABILITATION AND UP GRADATION OF EXISTING ROAD TO 2-LANE WITH PAVED SHOULDER CONFIGURATION IN PURU,Road Transport And Highways,,,2024-04,2024-04,1,2,2.0
PRJ_1437C93D5278,CHHATTARGARH 150 MW,Power,,,2024-04,2024-04,1,2,2.0
PRJ_1594DEB0F830,4L PS MYDUKUR BADVEL FROM KM 585.820 TO KM 630.960 SECTION OF NH 67,Road Transport And Highways,,,2024-04,2024-04,1,2,2.0
PRJ_15D3F44161F8,6L ACCESS CONTROLLED GREENFIELD HIGHWAY OF NANDINNE VILLAGE TO JULEKAL VILLAGE FROM KM 202.900 TO KM,Road Transport And Highways,,,2024-04,2024-04,1,2,2.0
PRJ_16702D7E26F3,KHADIA EXPANSION OCP,Coal,,,2024-04,2024-04,1,2,2.0
PRJ_16AFCBE93DDA,Bagodara Solar Power Project,Power,,,2024-04,2024-04,1,2,2.0
PRJ_16D8C8199793,4-LANING OF VADIPPATTI - THAMARAIPATTI SECTION OF NH- 744A,Road Transport And Highways,,,2024-04,2024-04,1,2,2.0
PRJ_16DD2617525B,LAYING OF NATURAL GAS PIPELINE FROM HAZARIBAGH TO RANCHI,Petroleum,,,2024-04,2024-04,1,2,2.0
PRJ_1706883D3E43,CONSTRUCTION OF NEW FOUR LANE BYPASS TO PARBHANI CITY (PARWA TO ASOLA) KM 463/265 TO KM 481/180 (DES,Road Transport And Highways,,,2024-04,2024-04,1,2,2.0
PRJ_170C6B25C85B,6L GREENFIELD KANDILI - ALURU SECTION OF NH-130-CD ROAD FROM KM 342+500 TO KM 365+033 (PACKAGE-OD-8,Road Transport And Highways,,,2024-04,2024-04,1,2,2.0
PRJ_176361E5AA8B,PKG NAME: 4L OF KATHLIGHAT TO SHAKRAL VILLAGE FROM KM 128.835 TO KM 146.300 OF NH- 5 (SHIMLA BYPASS,Road Transport And Highways,,,2024-04,2024-04,1,2,2.0
PRJ_176976A0E725,I AND D AND STP WORKS AT BURDWAN WEST BENGAL,Water Resources,,,2024-04,2024-04,1,2,2.0
PRJ_178CBE44396F,"SETTING UP LUBE COMPLEX AT VILLAGES AMULLAVOYAL AND VAIKKADU, CHENNAI AS RESITEMENT OF EXISTING FACI",Petroleum,,,2024-04,2024-04,1,2,2.0
PRJ_17C8516BC400,KWAR HE PROJECT,Power,,,2024-04,2024-04,1,2,2.0
PRJ_1864BAA65232,TRANSMISSION NETWORK EXPANSION IN GUJARAT TO INCREASE ATC FROM ISTS: PART B,Power,,,2024-04,2024-04,1,2,2.0
PRJ_18810E275EC4,2000 BOYS HOSTEL(1000 DOUBLE BEDDED ROOM) AT ISM DHANBAD,Department Of Higher Education,,,2024-04,2024-04,1,2,2.0
PRJ_1916E47B3998,CONSTRUCTION OF ROB WITH APPROACHES IN LIEU OF L C NO 165 OF AHMEDABAD PALANPUR BETWEEN RAILWAY STAT,Road Transport And Highways,,,2024-04,2024-04,1,2,2.0
PRJ_1949B9A048CE,KOTLPALLI-NARASAPUR (NL),Railways,,,2024-04,2024-04,1,2,2.0
PRJ_196D288F3367,4L OF INDORE - BOREGAON (PKG-III) [BALWARA TO DHANGAON] FROM KM. 42.260 TO KM. 82.660 OF NH347BG AND,Road Transport And Highways,,,2024-04,2024-04,1,2,2.0
PRJ_197F62647EDE,DELHI-AMRITSAR-KATRA EXPRESSWAY FROM JUNCTION WITH LUDHIANA-MALERKOTLA ROAD (SH-11) NEAR BHOGIWAL VI,Road Transport And Highways,,,2024-04,2024-04,1,2,2.0
PRJ_19B8176D2678,FOUR LANING OF MADURAI- CHETTIKULAM SECTION OF NH-785 FROM MADURAI (KM 0/000) TO CHETTICULAM (7/300),Road Transport And Highways,,,2024-04,2024-04,1,2,2.0
PRJ_1A1D4031012A,AURANGABAD TO SILLOD,Road Transport And Highways,,,2024-04,2024-04,1,2,2.0
PRJ_1A480E1B21E0,SETTING UP OF PETROCHEMICAL EVACUATION MARKETING TERMINAL (PEMT) AT BARMER,Petroleum,,,2024-04,2024-04,1,2,2.0
PRJ_1A804C8F934F,BHUJ SOLAR 300MW (TRANCHE-IV WIND SOLAR HYBRID),Power,,,2024-04,2024-04,1,2,2.0
PRJ_1A839CBCFD15,POWARKHEDA - JUJHARPUR - SINGLE LINE FLYOVER IN UP DIRECTION,Railways,,,2024-04,2024-04,1,2,2.0
PRJ_1A948EE13308,GRASS-ROOT TERMINAL AT MIRZAPUR UTTAR PRADESH,Petroleum,,,2024-04,2024-04,1,2,2.0
PRJ_1AB5E82CCFF7,ELEVATED CORRIDOR IN RANCHI CITY FROM KM 0.00 TO KM 3.260 OF NH-75 INCLUDING DOWN RAMP ON NH-23 FROM,Road Transport And Highways,,,2024-04,2024-04,1,2,2.0
PRJ_1B36773BC971,"CO CIVIL AVIATION REASEARCH ORG. (PH-II) AT BEGUMPET AIRPORT, HYDRABAD",Civil Aviation,,,2024-04,2024-04,1,2,2.0
PRJ_1B59A3C887A8,4L OF MALOUT-MANDI DABWALI SECTION PKG-01 DANEWALA AT KM 7.000 TO MANDI DABWALI AT KM 29.500 OF NH-0,Road Transport And Highways,,,2024-04,2024-04,1,2,2.0
PRJ_1B7613CDB528,"ALL INDIA INSTITUTE OF MEDICAL SCIENCES AT MANETHI, HARYANA.",Health And Family Welfare,,,2024-04,2024-04,1,2,2.0
PRJ_1CB1521C20EC,CHIKALI TO DHAD,Road Transport And Highways,,,2024-04,2024-04,1,2,2.0
PRJ_1CEDC893216B,4L OF BARAMATI TO INDAPUR (PKG- II) FROM KM. 41.400 TO KM. 84.550 OF NH-965G,Road Transport And Highways,,,2024-04,2024-04,1,2,2.0
PRJ_1D654BC501C5,NETWORK FOR SPECTRUM,Telecommunications,,,2024-04,2024-04,1,2,2.0
PRJ_1D9F6D656A9C,RATLE HE PROJECT,Power,,,2024-04,2024-04,1,2,2.0
PRJ_1DE23A942D58,BELAGAVI AIRPORT- EXPANSION OF TERMINAL BUILDING AND ASSOCIATED WORKS,Civil Aviation,,,2024-04,2024-04,1,2,2.0
PRJ_1E0498DFC45E,4L OF SAGAR - MOHARI FROM KM.8 TO KM.50,Road Transport And Highways,,,2024-04,2024-04,1,2,2.0
PRJ_1E1AD5466BB2,DOUBLING OF PRADHANKHUNTA JN -PATHERDIH BAZAR-BHOJUDIH,Railways,,,2024-04,2024-04,1,2,2.0
PRJ_1E37DB0AC06E,BONDAMUNDA RANCHI DOUBLING,Railways,,,2024-04,2024-04,1,2,2.0
PRJ_1E9420743475,JAYNAGAR-BIJALPURA INCLUDING EXTENSION BIJALPURA- BARDIBAS(NEPAL) GC,Railways,,,2024-04,2024-04,1,2,2.0
PRJ_1E9A6F29537D,BARAUNI- BACHWARA 3RD AND 4TH LINE,Railways,,,2024-04,2024-04,1,2,2.0
PRJ_1E9D02464D29,"CGD PROJECT AT EAST MEDNIPORE, WEST MEDNIPORE AND JHARGRAM DISTRICTS",Petroleum,,,2024-04,2024-04,1,2,2.0
PRJ_1ED924377C70,MATHURA - VRINDAVAN,Railways,,,2024-04,2024-04,1,2,2.0
PRJ_1EEEA7014F15,BHADLA-II 500MW SOLAR PV PROJECT,Power,,,2024-04,2024-04,1,2,2.0
PRJ_1F5C5DEB165C,JHARSUGUDA-BILASPUR 4TH LINE,Railways,,,2024-04,2024-04,1,2,2.0
PRJ_1F7F7BBBBE14,CONSTRUCTION OF ACADEMIC AND RESIDENTIAL COMPLEX UNDER PHASE-II FOR THE CAMPUS OF IIT PATNA,Department Of Higher Education,,,2024-04,2024-04,1,2,2.0
PRJ_2085CD8E013B,SOURCING OF BAUXITE ARRANGEMENT FOR 5TH STREAM ALUMINA REFINERY FROM SOUTH BLOCK MINING LEASE OF PAN,Mines,,,2024-04,2024-04,1,2,2.0
PRJ_2090220AB67E,SEWERAGE SYSTEM WITH SEWER NETWORK AT BARRACKPORE,Water Resources,,,2024-04,2024-04,1,2,2.0
PRJ_20A211971DF0,RCE OF INDARAM OPENCAST PROJECT,Coal,,,2024-04,2024-04,1,2,2.0
PRJ_210FA58D8B84,CONSTRUCTION OF 4-LANE HIGHWAY WITH PAVED SHOULDERS FROM KM 49.155 TO KM 74.700 OF NH-731A ON HYBRID,Road Transport And Highways,,,2024-04,2024-04,1,2,2.0
PRJ_21235D6DBD27,CONSTRUCTION OF 4-LANE GREENFIELD JALBEHRA - SHAHBAD SECTION OF NH – 152G FROM KM 0+000 TO KM 22+850,Road Transport And Highways,,,2024-04,2024-04,1,2,2.0
PRJ_2186ABE953C4,NAGPUR METRO RAIL PROJECT PHASE II,Urban Development,,,2024-04,2024-04,1,2,2.0
PRJ_218730163174,JANGHAI-PHAPHAMAU - DOUBLING WITH ELECTRIFICATION,Railways,,,2024-04,2024-04,1,2,2.0
PRJ_21AF30FD8780,WIDENING TO 2 LANE WITH PAVED,"[N24000993],MoRTH,TELANGANA",,,2024-02,2024-02,1,2,2.0
PRJ_21D68EAFC0FA,DARBHANGA - BYPASS LINE CONNECTING SHISHO HALT AND KAKARGHATI EXCL DARBHANGA YARD,Railways,,,2024-04,2024-04,1,2,2.0
PRJ_21F1361ACEBE,KATNI-BINA 3RD LINE,Railways,,,2024-04,2024-04,1,2,2.0
PRJ_22833BA9732E,BHATADI EXPANSION OC,Coal,,,2024-04,2024-04,1,2,2.0
PRJ_2288BD22D12A,TARANGA HILL ABU ROAD VIA AMBAJI NEW LINE,Railways,,,2024-04,2024-04,1,2,2.0
PRJ_22A026C5838B,4L+PS OF NH -58 FROM BEAWAR- GOMTI (OLD CH KM 108.600 TO KM 144 KM 158.419 TO KM 173.300 PKG- II.,Road Transport And Highways,,,2024-04,2024-04,1,2,2.0
PRJ_22D2D6336C7C,UPGRADATION OF JABALPUR AIRPORT,Civil Aviation,,,2024-04,2024-04,1,2,2.0
PRJ_22E86FD1AC31,4L GREENFIELD ROAD CONNECTING NORTH AND SOUTH INDUSTRIAL CLUSTER OF KHANDALERU CREEK NEAR KRISHNAPAT,Road Transport And Highways,,,2024-04,2024-04,1,2,2.0
PRJ_24583623BCCD,KARAILA ROAD - SHAKTINAGAR DOUBLING,Railways,,,2024-04,2024-04,1,2,2.0
PRJ_2461E5F5860D,UP-GRADATION TO 4-LANE WITH PAVED SHOULDER OF BHIMASAR JUNCTION OF NH-41 TO ANJAR BHUJ UPTO AIRPORT,Road Transport And Highways,,,2024-04,2024-04,1,2,2.0
PRJ_2463F59A61B1,LUDHIANA MULLANPUR DOUBLING,Railways,,,2024-04,2024-04,1,2,2.0
PRJ_24A9D79FE73E,UPGRADATION OF PASSENGER TERMINAL BUILDING AND AIRSIDE FACILITIES AT TIRUCHIRAPALLI INTERNATIONAL AI,Civil Aviation,,,2024-04,2024-04,1,2,2.0
PRJ_24B056FCE700,DEVELOPMENT OF SIX LANE BASANWAHI-MARANGPURI OF NH 130 CD FROM KM.99+500 TO 124+661 UNDER RAIPUR VIS,Road Transport And Highways,,,2024-04,2024-04,1,2,2.0
PRJ_24B93B2FB903,CONSTRUCTION OF LEFT OUT PORTION OF AGRA INNER RING ROAD CONNECTING VILLAGE DEORI TO NH-44 VILLAGE B,Road Transport And Highways,,,2024-04,2024-04,1,2,2.0
PRJ_24E1C6C71DAF,FOUR LANNING OF NERCHOWK- PANDOH BYPASS SECTION OF NH- 21(PACKAGE-I KM 190.000 TO KM 221.305) UNDER NH,Road Transport And Highways,,,2024-04,2024-04,1,2,2.0
PRJ_252165381555,CONSTRUCTION OF A NEW 4 LANE MAJOR BRIDGE ACROSS RIVER KOSI AT PHULAUT INCLUDING RHABILITATION AND,Road Transport And Highways,,,2024-04,2024-04,1,2,2.0
PRJ_25DCC14ED6D0,SAGAULI VALMIKINAGAR DOUBLING 109.7 KM,Railways,,,2024-04,2024-04,1,2,2.0
PRJ_25FAB3C62285,BARABANKI AKBARPUR DOUBLING,Railways,,,2024-04,2024-04,1,2,2.0
PRJ_264B86135041,ESTABLISHMENT OF CENTRAL ARMED POLICE FORCE INSTITUTE OF MEDICAL SCIENCES(CAPFIMS) AT NEW DELHI,Home Affairs,,,2024-04,2024-04,1,2,2.0
PRJ_2662A2D57349,BAL. WORKS OF FAGNE (KM. 510.000) TO MAHARASHTRA/GUJARAT BORDER,Road Transport And Highways,,,2024-04,2024-04,1,2,2.0
PRJ_26651DFDB6AF,"CITY GAS DISTRIBUTION PROJECTS AT LAKHIMPUR KHERI , SITAPUR, BAHRAICH, SHRAVASTI,BALRAMPUR,",Petroleum,,,2024-04,2024-04,1,2,2.0
PRJ_268B1ED884E8,KALPI SOLAR POWER PROJECT,Power,,,2024-04,2024-04,1,2,2.0
PRJ_269BC6507684,GUNTUR-GUNTAKAL,Railways,,,2024-04,2024-04,1,2,2.0
PRJ_26B93828A460,CONSTRUCTION OF FOUR LANE EXPRESSWAY FROM START OF SARDAR PATEL RING ROAD TO SINDHREJ VILLAGE (CH. 0,Road Transport And Highways,,,2024-04,2024-04,1,2,2.0
PRJ_26C15600B0E2,NAGAPATTINAM- THIRUTURAIPUNDI VIA THIRUKUVALAI NEW LINE (MM OF TIRUCHCHIRAPPALLI-NAGORE- KARAIKAL),Railways,,,2024-04,2024-04,1,2,2.0
PRJ_26FA42865561,WIDENING TO 2 LANE WITH PAVED SHOULDERS AND GEOMETRIC IMPROVEMENT OF NH-114A FROM KM 141 TO KM 184 I,Road Transport And Highways,,,2024-04,2024-04,1,2,2.0
PRJ_2778223035D8,"C/O PERMANENT CAMPUS OF IIT BHILAI AT KUTHELABHATA, DURG CHHATTISGARH, STAGE I PHASE I.",Department Of Higher Education,,,2024-04,2024-04,1,2,2.0
PRJ_2780770D67F8,ITARSI-NAGPUR (BAL.) - 3RD LINE,Railways,,,2024-04,2024-04,1,2,2.0
PRJ_279D23E29666,QUADRUPLING BETWEEN GANDHIDHAM - ADIPUR WITH Y CONNECTION AT ADIPUR FOR PROVIDING DIRECT ENTRY TOWAR,Railways,,,2024-04,2024-04,1,2,2.0
PRJ_27AA5D0FB444,MAHAMAYA OPENCAST PROJECT,Coal,,,2024-04,2024-04,1,2,2.0
PRJ_27C57CEB4181,CONSTRUCTION OF BYPASS ON NH- 59 FROM KM 336/350 TO 349/910 (13.56 KM) NEAR BERHAMPUR TOWN INCLUDING,Road Transport And Highways,,,2024-04,2024-04,1,2,2.0
PRJ_27D8DB28BF8D,DWARKA EXPRESSWAY PKG-III (DELHI/HR BORDER TO START OF ROB GURUGRAM),Road Transport And Highways,,,2024-04,2024-04,1,2,2.0
PRJ_28351DBA5C90,SHIMOGA-SHIKARIPURA- RANEBENNUR (UMBRELLA WORK PB#23/2018-19/NR),Railways,,,2024-04,2024-04,1,2,2.0
PRJ_286EDEE081CD,INDORE - HARDA (PKG-I) [INDORE TO RAGHAV GARH FROM KM. 0.25 TO KM. 26.903],(TOTAL LENGTH 20.60 KM),,,2024-04,2024-04,1,2,2.0
PRJ_28AED001E601,DELHI-AMRITSAR-KATRA EXPRESSWAY FROM CH.KM 303+900 TO KM 319+400 OF MAIN EXPRESSWAY) AND AMRITSAR CO,Road Transport And Highways,,,2024-04,2024-04,1,2,2.0
PRJ_28D985F3A287,FOUR LANNING OF CHOLOPURAM- THANJAVUR,Road Transport And Highways,,,2024-04,2024-04,1,2,2.0
PRJ_28DBCD68E1B1,4L OF HARDA - BETUL (PKG-II) FROM KM. 30.00 TO KM.81.00 [TEMAGAON TO CHICHOLI],Road Transport And Highways,,,2024-04,2024-04,1,2,2.0
PRJ_2920C4C4F550,CONSTRUCTION OF TWIN TUBE TUNNELS ON JAMMU KASHMIR RING ROAD (NH-244A) BETWEEN DESIGN CH. 50+600 TO,Road Transport And Highways,,,2024-04,2024-04,1,2,2.0
PRJ_292B870E299C,CORRIDOR EFFICIENCY IMPROVEMENT INCLUDING REMOVAL OF BLACK SPOTS IN LAKHANPUR - SAMBA SECTION OF NH-,Road Transport And Highways,,,2024-04,2024-04,1,2,2.0
PRJ_293627A89C22,NADIAD-PETLAD,Railways,,,2024-04,2024-04,1,2,2.0
PRJ_2970C960BEF4,"C/O PERMANENT CAMPUS OF IIT PALAKKAD PHASE IA AT PUDESSERY VILLAGE,KANJIKODE WEST, DISTRICT PALAKKA",Department Of Higher Education,,,2024-04,2024-04,1,2,2.0
PRJ_29FC132CC3D1,CONSTRUCTION OF BYPASS TO GUDIYATHAM TOWN IN KM 23/100 – 29/250 INCLUDING LA AND SHIFTING OF NH-234,Road Transport And Highways,,,2024-04,2024-04,1,2,2.0
PRJ_2A4A3B26ED71,BAROUD OC EXPANSION,Coal,,,2024-04,2024-04,1,2,2.0
PRJ_2AD0A019F81C,KUMBALAM-THURAVUR - PATCH DOUBLING,Railways,,,2024-04,2024-04,1,2,2.0
PRJ_2AF8E02AC5C2,BANIHAL BYPASS (DELINKED FROM SRINAGAR - BANIHAL) FROM KM. 187.00 TO KM. 189.350,Road Transport And Highways,,,2024-04,2024-04,1,2,2.0
PRJ_2B30EEBC7EC6,"PENUKONDA-DHARMAVARAM, EXCL. DHARMAVARAM",Railways,,,2024-04,2024-04,1,2,2.0
PRJ_2B3DE554C209,INDIAN INSTITUTE OF SCIENCE EDUCATION AND RESEARCH BERHAMPUR,Department Of Higher Education,,,2024-04,2024-04,1,2,2.0
PRJ_2BB0096C98AA,KOTRE BASANTPUR PACHMO OCP,Coal,,,2024-04,2024-04,1,2,2.0
PRJ_2BC84902A9DB,2 LANE + PS PIMPLNER TO SATANA OF NH-752G],Road Transport And Highways,,,2024-04,2024-04,1,2,2.0
PRJ_2BC879C9034C,SIX LANING FROM KODUNGALLUR TO EDAPALLY SECTION OF NH –66 (OLD NH-17) FROM DESIGN CHAINAGE 397+750 (,Road Transport And Highways,,,2024-04,2024-04,1,2,2.0
PRJ_2BE2CD95A6C8,CONSTRUCTION OF 4.5 KM LONG SILKYARA TUNNEL BETWEEN KM 25.40 TO 50.25 KM,Road Transport And Highways,,,2024-04,2024-04,1,2,2.0
PRJ_2BE3D44732AF,NILJAI EXPANSION (DEEP) OC,Coal,,,2024-04,2024-04,1,2,2.0
PRJ_2CC9CF47D1F9,CONSTRUCTION OF FOUR/SIX LANE GREENFIELD LUDHIANA – RUPNAGAR NATIONAL HIGHWAY NO. NH-205K UNDER BHAR,Road Transport And Highways,,,2024-04,2024-04,1,2,2.0
PRJ_2D14A9C89E25,UPGRADATION OF NH 130A MUNGELI TO PONDI FROM NH KM. 51.600 TO KM. 77.870 KM. 80.970 TO 96.970 TO 2,Road Transport And Highways,,,2024-04,2024-04,1,2,2.0
PRJ_2D67E0A671B9,6L ACCESS CONTROLLED GREENFIELD HIGHWAY FROM NALLACHERUVU PALLI 96.300 KM. TO YERRAGUDIPADU 129.000,Road Transport And Highways,,,2024-04,2024-04,1,2,2.0
PRJ_2DA316DB27EA,"CONSTRUCTION OF MIHONA BYPASS, LAHAR BYPASS, DABOH BYPASS and BHANDER BYPASS",Road Transport And Highways,,,2024-04,2024-04,1,2,2.0
PRJ_2DC9126E80D6,SEWERAGE SCHEME AT PAHARI ZONE V PATNA,Water Resources,,,2024-04,2024-04,1,2,2.0
PRJ_2E0CCBBE251E,"NEW B.G. LINE FROM ARARIA TO GALGALIA (THAKURGUNG), NEFR",Railways,,,2024-04,2024-04,1,2,2.0
PRJ_2E235F48EACB,"C/O NEW GREENFIELD AIRPORT AT HISSAR, RAJKOT, GUJARAT",Civil Aviation,,,2024-04,2024-04,1,2,2.0
PRJ_2E94CAE479E5,4L SUNDER NAGAR BYPASS FROM KM173.900 TO KM 179.600 OF NH-21 IN THE STATE OF HP,Road Transport And Highways,,,2024-04,2024-04,1,2,2.0
PRJ_2F1D675E0CB6,CHHAPRA-BALLIA UP,Railways,,,2024-04,2024-04,1,2,2.0
PRJ_2FA2672B08CC,WIDENING and STRENTHENING FROM KM132.895 TO KM 190.15 NH- 80,Road Transport And Highways,,,2024-04,2024-04,1,2,2.0
PRJ_304F7394FC5B,BURHWAL - GONDA - 3RD RUNNING LINE.,Railways,,,2024-04,2024-04,1,2,2.0
PRJ_307E4498913E,GUDHA THATHANA MITHRI TEST TRACK FOR RDSO,Railways,,,2024-04,2024-04,1,2,2.0
PRJ_309961D65BE4,MUMBAI HIGH NORTH REDEVELOPMENT PHASE-IV,Petroleum,,,2024-04,2024-04,1,2,2.0
PRJ_309B7564EDF3,CONSTRUCTION OF PROPOSED 4 LANE REVELGUNJ BYPASS NH-19 _ IN THE STATE OF BIHAR ON EPC MODE CONNECTING,Road Transport And Highways,,,2024-04,2024-04,1,2,2.0
PRJ_30A7F30E020C,KIRU HYDRO ELECTRIC PROJECT,Power,,,2024-04,2024-04,1,2,2.0
PRJ_30CEDFE14895,BHANEGAON OC,Coal,,,2024-04,2024-04,1,2,2.0
PRJ_30D48EE547BE,MEHSANA-PALANPUR,Railways,,,2024-04,2024-04,1,2,2.0
PRJ_311089780282,SAMNI-JAMBUSAR,Railways,,,2024-04,2024-04,1,2,2.0
PRJ_3121FF2B5A1E,4/6L OF SPUR TO HARIDWAR (GREENFIELD) FROM KM. 0.000 TO KM. 49.000,Road Transport And Highways,,,2024-04,2024-04,1,2,2.0
PRJ_31612DBFA415,TRANSMISSION SYSTEM SCHEME FOR EVACUATION OF POWER FROM REZ RAJASTHAN (8.1 GW) UNDER PHASE-II PART,Power,,,2024-04,2024-04,1,2,2.0
PRJ_318BBE2DD930,AUGMENTATION OF TRANSFORMATION CAPACITY IN SOUTHERN REGION.,Power,,,2024-04,2024-04,1,2,2.0
PRJ_31EAB35F66A2,REDEVELOPMENT OF GPRA AT KASTURBA NAGAR PHASE I,Urban Development,,,2024-04,2024-04,1,2,2.0
PRJ_31F32522CE41,"4-LANING OF MELUR - PILLAYARPATTI - KARAIKUDI SECTION OF NH-338, NH-36, NH-383",Road Transport And Highways,,,2024-04,2024-04,1,2,2.0
PRJ_321B5DAA1102,KIRANDUL - JAGDALPUR DOUBLING,Railways,,,2024-04,2024-04,1,2,2.0
PRJ_323C3478CE9F,JAWAHAR KHANI OPENCAST (JK OC) MINE,Coal,,,2024-04,2024-04,1,2,2.0
PRJ_3274A3124C42,"TS FOR EVACUATION OF POWER FROM REZ IN RAJASTHAN (20GW) UNDER PHASE-III, PART E1",Power,,,2024-04,2024-04,1,2,2.0
PRJ_33380633D9BB,4L OF BAL WORKS OF TALAJA - MAHUVA FROM 54.990 KM. TO 100.450 KM. OF OLD NH-8E,Road Transport And Highways,,,2024-04,2024-04,1,2,2.0
PRJ_33505CBAF889,CONSTRUCTION OF PERMANENT CAMPUS FOR INDIAN INSTITUTE OF TECHNOLOGY TIRUPATI AT MERLAPAKA VILLAGE YE,Department Of Higher Education,,,2024-04,2024-04,1,2,2.0
PRJ_33568D5B97F0,CONSTRUCTION OF FOUR LANE GREENFIELD PROJECT OF DELHI- AMRITSAR-KATRA EXPRESSWAY (PHASE-I PKG-V) FROM,Road Transport And Highways,,,2024-04,2024-04,1,2,2.0
PRJ_33D85CA53FEA,INDORE METRO RAIL,Urban Development,,,2024-04,2024-04,1,2,2.0
PRJ_33DD9074BE45,INTERCEPTION AND DIVERSION WITH STP AT MAHESHTALA,Water Resources,,,2024-04,2024-04,1,2,2.0
PRJ_3420012A523F,6L OF ACCESS-CONTROLLED HIGHWAY FROM MOHAND TO DAAT KALI TUNNEL OF GANESHPUR – DEHRADUN SECTION FROM,Road Transport And Highways,,,2024-04,2024-04,1,2,2.0
PRJ_345D0D78B803,C/O OF NITB AND ASSOCIATED WORK AT VIJAYAWADA AIRPORT,Civil Aviation,,,2024-04,2024-04,1,2,2.0
PRJ_345D65DE974E,C/O AIIMS AT AWANTIPORA (KASHMIR) JAMMU AND KASHMIR,Health And Family Welfare,,,2024-04,2024-04,1,2,2.0
PRJ_3464C998CA1A,"CONSTRUCTION OF DOMESTIC PASSENGER TERMINAL BUILDING AT DEHRADUN AIRPORT, DEHRADUN",Civil Aviation,,,2024-04,2024-04,1,2,2.0
PRJ_34ABE73DE443,KHELLANI-KHANABAL PKG-5,Road Transport And Highways,,,2024-04,2024-04,1,2,2.0
PRJ_34D26B2C62B4,PERMANENT CAMPUS FOR IIM BODH GAYA,Department Of Higher Education,,,2024-04,2024-04,1,2,2.0
PRJ_34E5C84FDA20,MANOHARABAD-KOTHPALL NEW LINE,Railways,,,2024-04,2024-04,1,2,2.0
PRJ_34E8D4037E07,BHADRAK - NERGUNDI 3RD LINE,Railways,,,2024-04,2024-04,1,2,2.0
PRJ_34F6E0F1AB75,POL AND LOBS INSTALLATIONS WITH RECEIPT PIPELINES AT RASAYANI,Petroleum,,,2024-04,2024-04,1,2,2.0
PRJ_35BED95FBED0,JAMMU - CONSTRUCTION OF NEW CIVIL ENCLAVE,Civil Aviation,,,2024-04,2024-04,1,2,2.0
PRJ_35F3C8A5446E,CBR ASANUR PIPELINE AND ITS HOOK UP WITH EXISTING CHENNAI TRICHY MADURAI PRODUCT PIPELINE,Petroleum,,,2024-04,2024-04,1,2,2.0
PRJ_364973087E38,FOUR LANING OF MUNGER TO MIRZACHAUKI (NH-80) SECTION FROM MUNGER TO KHARIA VILLAGE JUNCTION DESIGN C,Road Transport And Highways,,,2024-04,2024-04,1,2,2.0
PRJ_366E28C2F94F,FOUR LANING OF OTTANCHATRAM TO PALANI SECTION FROM KM 30/700 TO KM 55/000 OF NH 209(NEW NH-83) INCLU,Road Transport And Highways,,,2024-04,2024-04,1,2,2.0
PRJ_36B91580EC57,DELHI-AMRITSAR-KATRA EXPRESSWAY (PHASE-I SPUR-I) FROM JN. WITH KAPURTHALA - SULTANPUR LODHI ROAD (NH,Road Transport And Highways,,,2024-04,2024-04,1,2,2.0
PRJ_36CAF8540BBC,SRIKAKULAM ANGUL PIPELINE PROJECT,Petroleum,,,2024-04,2024-04,1,2,2.0
PRJ_36FDA4358237,CONSTRUCTION OF BYPASS TO KHORDHA TOWN FROM KM 294/000 TO 300/300 ON NH-57 INCLUDING LA IN THE STATE,Road Transport And Highways,,,2024-04,2024-04,1,2,2.0
PRJ_3700A9D25F4F,6L OF MADURAVOYAL TO SRIPERUMBUDUR SECTION FROM KM. 13.800 TO KM. 37.000 OF NH-4 THROUGH STATE HIGH,Road Transport And Highways,,,2024-04,2024-04,1,2,2.0
PRJ_376DCEDE2870,"LARA SUPER THERMAL POWER PROJECT, STAGE-II",Power,,,2024-04,2024-04,1,2,2.0
PRJ_37BD38639F8B,BALANCE WORK OF 4 LANING OF PANVEL TO INDAPUR SECTION OF NH-66(OLD NH- 17) FROM KM 0.000 (PANVEL) TO,Road Transport And Highways,,,2024-04,2024-04,1,2,2.0
PRJ_38258F4C3C9C,TRANSMISSION SYSTEM FOR EVACUTION OF POWER FROM NEYVELI LIGNITE CORP LTD TS - I (REPLACEMENT) IN NEY,Power,,,2024-04,2024-04,1,2,2.0
PRJ_3834AEBA81EE,4L OF MADANAPALLE TO PILERU SECTION FROM KM 0.000 TO KM 55.900 OF NH-71(PACKAGE-I) - N/05060/01002/A,Road Transport And Highways,,,2024-04,2024-04,1,2,2.0
PRJ_3862FDAB28A3,UPGRADATION TO TWO LANE WITH PAVED SHULDER CONFIGUARATION FROM KM 00 TO 47 OF NH 351 MAHUVA TO BADHA,Road Transport And Highways,,,2024-04,2024-04,1,2,2.0
PRJ_38B97EC0CAC9,HASSAN (ALUR) - BELUR (32 KM) (UMBRELLA WORK PB#23/2018- 19/NR),Railways,,,2024-04,2024-04,1,2,2.0
PRJ_38FBA6B95C74,"CONSTRUCTION OF PERMANENT CAMPUS FOR NATIONAL INSTITUTE OF TECHNOLOGY GOA AT CUNCOLIM, GOA.",Department Of Higher Education,,,2024-04,2024-04,1,2,2.0
PRJ_39111BF0BDE2,NEW BG LINE FROM JAGBANI TO BIRATNAGAR,Railways,,,2024-04,2024-04,1,2,2.0
PRJ_394F54E6CCBE,TALABIRA II AND III OCP,Coal,,,2024-04,2024-04,1,2,2.0
PRJ_39569B8AAB54,4TH LINE BETWEEN BAREJADI NANDEJ (GERATPUR)- SANAND (38.20 KM) (AHMEDABAD BYPASS).,Railways,,,2024-04,2024-04,1,2,2.0
PRJ_397602EB6104,RAMPUR DUMRA - TAL - RAJENDRAPUL DOUBLING INCLUDING GANGA BRIDGE,Railways,,,2024-04,2024-04,1,2,2.0
PRJ_39A51DCE0ED5,HOSPET-BELLARY-KARNATAKA AP BORDER,Road Transport And Highways,,,2024-04,2024-04,1,2,2.0
PRJ_39C6188386ED,6-LANING OF KOZHIKODE BYPASS (CALICUT BYPASS) (I.E. VENGALAM JN. TO RAMANATTUKARA JN.) SECTION OF NH,Road Transport And Highways,,,2024-04,2024-04,1,2,2.0
PRJ_3A406B4D8F9E,GOPALJI-KANIHA OCP,Coal,,,2024-04,2024-04,1,2,2.0
PRJ_3AA38CCA21E6,KHELLANI-KHANABAL PKG-1,Road Transport And Highways,,,2024-04,2024-04,1,2,2.0
PRJ_3AC71B06D057,CONSTRUCTION OF TERMINAL BUILDING AND ASSOCIATED WORKS AT LEH AIRPORT,Civil Aviation,,,2024-04,2024-04,1,2,2.0
PRJ_3B30C096104B,SIX LANING OF KOTTUKULANGARA (DESIGN KM. 454+500) TO START OF KOLLAM BYPASS (DESIGN KM. 486+000) SEC,Road Transport And Highways,,,2024-04,2024-04,1,2,2.0
PRJ_3B588D5E3960,FOUR LANING OF MUGAIYUR TO MARAKKANAM SECTION OF NH-332A FROM KM 31.000 TO KM 62.000,Road Transport And Highways,,,2024-04,2024-04,1,2,2.0
PRJ_3B8D59D62FBE,"CONSTRUCTION OF PERMANENT CAMPUS OF INDIAN INSTITUTE OF MANAGEMENT (IIM) AMRITSAR, PUNJAB.",Department Of Higher Education,,,2024-04,2024-04,1,2,2.0
PRJ_3B97F78E4128,DEVELOPMENT OF SIX-LANE ACCESS CONTROLLED HIGHWAY FROM RANIPUR BARSI (SAHARANPUR DISTRICT) TO ADHOYA,Road Transport And Highways,,,2024-04,2024-04,1,2,2.0
PRJ_3BB239DC49D8,"CGD PROJECT AT KURNOOL, GUNTUR AND PRAKASAM DISTRICTS",Petroleum,,,2024-04,2024-04,1,2,2.0
PRJ_3BD3BCF9F1BA,GEVRA EXPANSION OCP (SECL) (35- 70) MTY,Coal,,,2024-04,2024-04,1,2,2.0
PRJ_3D55F640D8F0,ARDHAPUR TO HIMAYATNAGAR,Road Transport And Highways,,,2024-04,2024-04,1,2,2.0
PRJ_3D88EF329E21,4 LANING FROM KM. 34.600 TO KM. 79.970 and 2LPS FROM KM. 79.970 TO KM. 82.000 OF NARENPUR - PURNEA S,Road Transport And Highways,,,2024-04,2024-04,1,2,2.0
PRJ_3DB0ECCA6F63,CHITRA - BASUKINATH,Railways,,,2024-04,2024-04,1,2,2.0
PRJ_3E2E3471123B,BANGALORE CHENNAI EXPRESSWAY PHASE-III PACKAGE II (WALAJAHPET TO ARAKKONAM) FROM KM 180.000 TO KM 2,Road Transport And Highways,,,2024-04,2024-04,1,2,2.0
PRJ_3E88B49D7701,DOUBLING BETWEEN GOOTY- PENDAKALLU,Railways,,,2024-04,2024-04,1,2,2.0
PRJ_3E9110DADCA0,CONSTRUCTION OF FOUR LANE EXPRESSWAY FROM START OF VEJALLKA VILLAGE TO START OF DSIR ZONE OF AHMEDAB,Road Transport And Highways,,,2024-04,2024-04,1,2,2.0
PRJ_3ED680C6143A,OMKARESHWAR FLOATING SOLAR POWER PROJECT,Power,,,2024-04,2024-04,1,2,2.0
PRJ_3EE31015F5F9,6L OF MH/KN BORDER (NIMBAL VILLAGE) TO KN/TS BORDER (SINGNODI VILLAGE) FROM KM. 162.5 TO KM. 203.100,Road Transport And Highways,,,2024-04,2024-04,1,2,2.0
PRJ_3F0AAE6F3D44,MULTI-PRODUCT PIPELINE FROM KRISHNAPATNAM COASTAL INSTALLATION TO THE PROPOSED INSTALLATION AT HYDER,Petroleum,,,2024-04,2024-04,1,2,2.0
PRJ_3F228D9FAB9A,CONSTRUCTION OF SIX LANE ELEVATED CORRIDOR FROM KM.7.950 (UPPAL) TO KM.14.200 OF NH-163 TO DE-CONGES,Road Transport And Highways,,,2024-04,2024-04,1,2,2.0
PRJ_3F35E6CD5298,TILABONI UG MINE,Coal,,,2024-04,2024-04,1,2,2.0
PRJ_3F4101937DFA,CONSTRUCTION OF NEW 2 LANE WITH PAVED SHOULDER OF HAMIRPUR BYPASS (PACKAGE IVA) OF NH-88 (NEW NH-103,Road Transport And Highways,,,2024-04,2024-04,1,2,2.0
PRJ_3F46F5ADFB86,EXPANSION OF KONAR OCP,Coal,,,2024-04,2024-04,1,2,2.0
PRJ_3F4CFB10D0E4,DHANGAON - BORGAON SECTION (KM 81.000 TO KM 139.000) [INDORE - EDLABAD PKG IV],(TOTAL LENGTH 20.60 KM),,,2024-04,2024-04,1,2,2.0
PRJ_4026D8DE93A1,4-LANING OF GOA/KARNATAKA BORDER-KUNDAPUR SECTION,Road Transport And Highways,,,2024-04,2024-04,1,2,2.0
PRJ_4064E0BACB49,7 NOS PRIORITIZED STPS 1 NO. SPS AND PERIPHERAL SEWERS IN COMMAND AREA OF NAJAFHARH DRAIN DHANSA TO,Water Resources,,,2024-04,2024-04,1,2,2.0
PRJ_407A712D21B7,CONSTRUCTION OF FOUR LANE EXPRESSWAY FROM START OF SINDHREJ VILLAGE (CH. 22.00 TO CH. 48.52) SECTION,Road Transport And Highways,,,2024-04,2024-04,1,2,2.0
PRJ_4083CCD27658,REHABILITATION AND UPGRADATION TO 2-LANE CONFIGURATION OF HAMIRPUR- KARNOHAL SECTION (KM 141.000 TO K,Road Transport And Highways,,,2024-04,2024-04,1,2,2.0
PRJ_40B85DCA96EB,DURGAPUR EXTENSION (DEEP) OC,Coal,,,2024-04,2024-04,1,2,2.0
PRJ_40E301268343,REHABILITATION AND UPGRADATION OF TWO LANING OF MAHESHKHUNT - SAHARSA - PURNEA SECTION PKG - I,Road Transport And Highways,,,2024-04,2024-04,1,2,2.0
PRJ_40E93C4053A4,SCREENING PLANT-III AT KIRANDUL,Steel,,,2024-04,2024-04,1,2,2.0
PRJ_415E780471D8,2LPS FROM KM36.400 TO KM. 107.224 OF NH167BG FROM DUTTALUR TO KAVALI SECTION,Road Transport And Highways,,,2024-04,2024-04,1,2,2.0
PRJ_419253A2BCD6,TS FOR EVACUATION POWER FROM REZ IN RAJASTHAN (20GW) UNDER PHASE-III PART C1,Power,,,2024-04,2024-04,1,2,2.0
PRJ_4238F56F58DB,4 LANE FROM KM 56.400 TO KM 120.300 FROM B.KOTHAPALLI JUNCTION TO GORANTLA OF NH 716G,Road Transport And Highways,,,2024-04,2024-04,1,2,2.0
PRJ_4246B35DFF4A,"COMPREHENSIVE PLANNING, DESIGNING, EXECUTION OF ALL INDIA INSTITUTE OF MEDICAL SCIENCES AT BIBINAGAR",Health And Family Welfare,,,2024-04,2024-04,1,2,2.0
PRJ_42F223AB416E,YESHVANTHPUR-CHANNASANDRA,Railways,,,2024-04,2024-04,1,2,2.0
PRJ_42F60AFC930F,VENKATESH KHANI COAL MINE,Coal,,,2024-04,2024-04,1,2,2.0
PRJ_430FC97DE361,ERNAKULAM-KUMBALAM - PATCH DOUBLING,Railways,,,2024-04,2024-04,1,2,2.0
PRJ_43656CC242CC,6L ACCESS-CONTROLLED HIGHWAY OF DAAT KALI TUNNEL - DEHRADUN OF GANESHPUR – DEHRADUN SECTION FROM KM.,Road Transport And Highways,,,2024-04,2024-04,1,2,2.0
PRJ_43AA022016B9,ADRAJ MOTI-VIAJAPUR,Railways,,,2024-04,2024-04,1,2,2.0
PRJ_43F75E505147,CONSTRUCTION OF LUBE OIL BLENDING AND FILLING PLANT AT RASAYANI,Petroleum,,,2024-04,2024-04,1,2,2.0
PRJ_44168F0A547D,AHMEDABAD METRO RAIL PROJECT PHASE 1,Urban Development,,,2024-04,2024-04,1,2,2.0
PRJ_44192C801173,EXPANSION OF KARO OCP,Coal,,,2024-04,2024-04,1,2,2.0
PRJ_4428ACE3D73B,JARAPADA - BUDHAPANK WITH FLY OVER AT TALCHER ROAD 3RD AND 4TH LINE,Railways,,,2024-04,2024-04,1,2,2.0
PRJ_44A1FA38C7D7,"TARAKESWAR - BISHNUPUR NEW BG LINE (NL), ER",Railways,,,2024-04,2024-04,1,2,2.0
PRJ_456827C85F60,DELHI-AMRITSAR-KATRA EXPRESSWAY (PHASE-I PKG-XII) FROM JUNCTION WITH AMRITSAR- MEHTA-SRIHARGOBINDPUR-,Road Transport And Highways,,,2024-04,2024-04,1,2,2.0
PRJ_459214D54EA8,DELHI VADODARA GREENFIELD ALIGNMENT SECTION OF NH 148N PACKAGE 30,Road Transport And Highways,,,2024-04,2024-04,1,2,2.0
PRJ_45A752486574,SEWERAGE SYSTEM WITH SEWER NETWORK PATNA KARMALICHAK,Water Resources,,,2024-04,2024-04,1,2,2.0
PRJ_45C90FEB25ED,ESTABLISHMENT OF KHAVDA POOLING STATION 3 (KPS3) IN KHAVDA RE PARK,Power,,,2024-04,2024-04,1,2,2.0
PRJ_46249B6B73BE,KHAVDA 1200MW (4X300MW) IN KHAVDA RE PARK,Power,,,2024-04,2024-04,1,2,2.0
PRJ_468B72F0C7BC,REORGANISATION OF BHARATPUR OCP EXPANSION,Coal,,,2024-04,2024-04,1,2,2.0
PRJ_46DB1A88F2EF,4L OF DUDHADHARI ELEVATED FLYOVER (MUZAFFARNAGAR – HARIDWAR SECTION) FROM KM 356.450 TO KM 353.800 OF,Road Transport And Highways,,,2024-04,2024-04,1,2,2.0
PRJ_46E7419593E0,PERMANENT RECTIFICATION OF 3 NOS. OF BLACK SPOTS IN PROJECT HIGHWAY NH-27 OF U.P BORDER - DEWAPUR -,Road Transport And Highways,,,2024-04,2024-04,1,2,2.0
PRJ_477F769C3311,EASTERN REGION EXPANSION SCHEME XXIX,Power,,,2024-04,2024-04,1,2,2.0
PRJ_47C043F1D582,HARIHARGANJ TO PARWA MODE SECTION FROM KM 23.284 TO KM 57.049 OF NH-98,Road Transport And Highways,,,2024-04,2024-04,1,2,2.0
PRJ_47C73AB1960C,CONSTRUCTION OF (I) CONNECTING ROAD FROM Z-MORH TUNNEL TO ZOJILA TUNNEL AND (II) 14.150 KM LONG BI-D,Road Transport And Highways,,,2024-04,2024-04,1,2,2.0
PRJ_47FFC2C05600,2 LANE + PS ASTHAMODE - TIVATYAL [DESIGN CH. KM 24.300 - 62.00] [KM 134.98-172.95 OF NH-63],Road Transport And Highways,,,2024-04,2024-04,1,2,2.0
PRJ_4800B309E0BD,CGD PROJECTS AT FAZILKA (EXCEPT AREA ALREADY AUTHORIZED) GANGANAGAR AND HANUMANGARH DISTRICTS,Petroleum,,,2024-04,2024-04,1,2,2.0
PRJ_4812EFD908FB,"DEVELOPMENT OF 4-LANING SECTION OF NH-31 FROM KM 551.36 (GHOSHPUKUR) TO KM 563.26 (BIHAR MORE, BAGDO",Road Transport And Highways,,,2024-04,2024-04,1,2,2.0
PRJ_4857B5495D9E,WIDENING AND STRENGTHENING/RECONSTRUCTIO N TO TWO LANE WITH PAVED SHOULDER/ TWO LANE WITH PAVED SHOUL,Road Transport And Highways,,,2024-04,2024-04,1,2,2.0
PRJ_486DAF400CBF,6L OF AGRA BYPASS (NORTHERN) CONNECTING KM. 174.500 OF NH-2 (NEW NH-19) TO KM. 141.000 OF YAMUNA EXP,Road Transport And Highways,,,2024-04,2024-04,1,2,2.0
PRJ_487E50145A9E,BAKHTIYARPUR RAJAULI PKG-II FROM KM 54.405 TO KM 101.630 NH20,Road Transport And Highways,,,2024-04,2024-04,1,2,2.0
PRJ_487E642D4153,6L ACCESS CONTROL GREENFIELD HIGHWAY OF VILL-KHYAWARI TO VILL-LATIFPUR AT SAHARANPUR BYPASS FROM KM,Road Transport And Highways,,,2024-04,2024-04,1,2,2.0
PRJ_48A7C8FEA8E6,SIX LANING OF NEELESHWARAM TO THALIPARAMBHA SECTION FROM CH. 94+540 (EXISTING KM 96+450) TO CH. 134+,Road Transport And Highways,,,2024-04,2024-04,1,2,2.0
PRJ_48BCDAB04747,SIX LANING OF THURAVOOR (DESIGN KM. 378+612) TO PARAVOOR (DESIGN KM.417+000) SECTION OF NEW NH-66 (O,Road Transport And Highways,,,2024-04,2024-04,1,2,2.0
PRJ_491918FCA8C4,CONSTRUCTION OF PARTIALLY ACESS CONTROLLED FOUR LANE ELEVATED HIGHWAY BETWEEN SAMRALA CHOWK (DESIGN,Road Transport And Highways,,,2024-04,2024-04,1,2,2.0
PRJ_492F26798A06,CONSTRUCTION OF ATAL AKSHAY URJA BHAWAN CGO COMPLEX LODHI ROAD NEW DELHI,Renewable Energy,,,2024-04,2024-04,1,2,2.0
PRJ_495E59C40115,6L GREENFIELD KANPUR - LUCKNOW (EXPRESSWAY) PKG II FROM KM. 28.500 TO KM. 73.744,Road Transport And Highways,,,2024-04,2024-04,1,2,2.0
PRJ_49654B7BD99F,4L+PS OF NH -58 FROM BEAWAR- GOMTI (OLD CH KM 58.245 TO KM. 108.600) PKG-I.,Road Transport And Highways,,,2024-04,2024-04,1,2,2.0
PRJ_49695AC110F0,DELHI-AMRITSAR-KATRA EXPRESSWAY (PHASE-II PKG-XV) [JUNCTION WITH HIRANAGAR ROAD NEAR VILLAGE GURHA B,Road Transport And Highways,,,2024-04,2024-04,1,2,2.0
PRJ_49A9096564F0,5TH STREAM ALUMINA REFINERY EXPANSION PROJECT,Mines,,,2024-04,2024-04,1,2,2.0
PRJ_49D97BF6A309,AGRA FORT-BANDIKUI,Railways,,,2024-04,2024-04,1,2,2.0
PRJ_4A6AEA790AE4,SHIMOGA-HARIHAR NL,Railways,,,2024-04,2024-04,1,2,2.0
PRJ_4A97CA52CB2D,KG-DWN-98-2 CLUSTER II DEVELOPMENT PROJECT,Petroleum,,,2024-04,2024-04,1,2,2.0
PRJ_4AFC1AB18F7F,KHELLANI-KHANABAL PKG-2,Road Transport And Highways,,,2024-04,2024-04,1,2,2.0
PRJ_4B04C4B21EDA,DEVELOPMENT OF SIX LANE SARGI- BASANWAHI OF NH 130 CD FROM KM.42+800 TO 99+500 UNDER RAIPUR VISAKHAPA,Road Transport And Highways,,,2024-04,2024-04,1,2,2.0
PRJ_4B1A5232F81F,4L MITIGATION MEASURE STRUCTURES ON CH/MH BORDER TO WAINGANGA BRIDGE SECTION OF NH-53,Road Transport And Highways,,,2024-04,2024-04,1,2,2.0
PRJ_4B1F6EAF2CFD,FOUR LANING OF BHAVNAGAR- TALAJA SECTION OF NH-8E FROM KM. 7.090 TO KM. 53.585 (DESIGN CH FROM KM. 6.,Road Transport And Highways,,,2024-04,2024-04,1,2,2.0
PRJ_4BB2CF7B9843,BATURA WEST OC PROJECT,Coal,,,2024-04,2024-04,1,2,2.0
PRJ_4BC4CDFE2728,PAKAL DUL HYDRO ELECTRIC PROJECT,Power,,,2024-04,2024-04,1,2,2.0
PRJ_4CC215EBE84D,KALYAN-MURBAD VIA ULHASNAGAR,Railways,,,2024-04,2024-04,1,2,2.0
PRJ_4CCB8F67E37E,CONSTRUCTION OF RESIDENTIAL TOWERS AT BIOM KIRANDUL COMPLEX,Steel,,,2024-04,2024-04,1,2,2.0
PRJ_4CE1D97CC4A2,EASTERN REGION STRENTHENING SCHEME XVII,Power,,,2024-04,2024-04,1,2,2.0
PRJ_4D1D68B70EF9,REHABILITATION AND UPGRADATION TO 2-LANE CONFIGURATION OF KALWAHAN- MANDI SECTION (KM 208.950 TO KM 2,Road Transport And Highways,,,2024-04,2024-04,1,2,2.0
PRJ_4D21F8EC7497,CONSTRUCTION OF TWINS 2-LANE ROB AND ITS APPROACHES IN REPLACEMENT OF EXISTING LEVEL CROSSING GATE N,Road Transport And Highways,,,2024-04,2024-04,1,2,2.0
PRJ_4D369FD8B032,4 LANING OF NAJIBABAD BYPASS OF NH-119 FROM KM. 105.423 TO KM. 118.373 (EXCLUDING 2.45 KM. OF NH-74,Road Transport And Highways,,,2024-04,2024-04,1,2,2.0
PRJ_4EC3466BF32B,4L OF EXISTING BEAS – BABA BAKALA - DERA BABA NANAK SECTION FROM START OF BATALA BYPASS TILL INTERSE,Road Transport And Highways,,,2024-04,2024-04,1,2,2.0
PRJ_4EC7EA880587,CONSTRUCTION OF TUNNELS/VIADUCTS AT IDENTIFIED SLIDING/SLIP ZONES AT KM 130.550 TO KM.130.750; KM.,Road Transport And Highways,,,2024-04,2024-04,1,2,2.0
PRJ_4ED967FD201A,NIPANIA-BHATAPRA (14.4 KM) 4TH LINE (PB#72/NR/2022-23),Railways,,,2024-04,2024-04,1,2,2.0
PRJ_4EE70D8B8247,PARBATI HEP (4X200 MW) (NHPC) II,Power,,,2024-04,2024-04,1,2,2.0
PRJ_4F13853779C6,"CCS INTERNATIONAL AIRPORT , LUCKNOW",Civil Aviation,,,2024-04,2024-04,1,2,2.0
PRJ_4F1D4B5777EE,TELANGANA SUPER THERMAL POWER PROJECT PHASE I,Power,,,2024-04,2024-04,1,2,2.0
PRJ_506323B29F0D,WIDENING TO 4/6/8 LANES OF EXISTING NH-17 FROM KM 522/615 (NEAR GMC) TO KM 530/850 JOINING NEW ZUIAR,Road Transport And Highways,,,2024-04,2024-04,1,2,2.0
PRJ_5079FFD9ABDE,REHABILITATION AND UPGRADATION OF NH 43 KANKER TO BEDMA SECTION KM. 130 TO 180,Road Transport And Highways,,,2024-04,2024-04,1,2,2.0
PRJ_5096C0E25344,SURFACE TRIANGLE LINE BETWEEN BHADURA STATION AND NEW CROSSING STN KARMA DOUBLING,Railways,,,2024-04,2024-04,1,2,2.0
PRJ_50C23504D525,INSTALLATION OF STANDBY SRU TRAIN OF 525 TPD ALONGWITH INCINERATOR AT PARADIP REFINERY,Petroleum,,,2024-04,2024-04,1,2,2.0
PRJ_50CA10C84717,NEW BG LINE FROM BALURGHAT TO HILLY NFR,Railways,,,2024-04,2024-04,1,2,2.0
PRJ_50F3B63C60F7,FOUR LANING OF BASUKINATH- DEOGHAR SECTION OF NH-114A FROM KM 85.081 TO KM 130.240 UNDER NHDP PHASE-I,Road Transport And Highways,,,2024-04,2024-04,1,2,2.0
PRJ_510C5A522E4D,RPR GAURI PAUNI EXPANSION OC,Coal,,,2024-04,2024-04,1,2,2.0
PRJ_51278277DC72,CHIMUR TO WARORA,Road Transport And Highways,,,2024-04,2024-04,1,2,2.0
PRJ_51AD86362FBB,DELHI VADODARA GREENFIELD ALIGNMENT SECTION OF NH 148N PACKAGE 28,Road Transport And Highways,,,2024-04,2024-04,1,2,2.0
PRJ_51DADC8F1355,DAYAPAR WIND- III,Power,,,2024-04,2024-04,1,2,2.0
PRJ_522CED24CC76,VISHNUPURI UG TO OC,Coal,,,2024-04,2024-04,1,2,2.0
PRJ_52351699F726,KALOL-KADI-KATOSAN ROAD,Railways,,,2024-04,2024-04,1,2,2.0
PRJ_52385E3984E7,VIJAY WEST OPENCAST PROJECT,Coal,,,2024-04,2024-04,1,2,2.0
PRJ_526579F92281,UPGRADATION OF REWA-SIRMOUR ROAD TO 2L + PS,(TOTAL LENGTH 20.60 KM),,,2024-04,2024-04,1,2,2.0
PRJ_527067C755F2,I AND D AND STP AT CHAPPRA,Water Resources,,,2024-04,2024-04,1,2,2.0
PRJ_527B993CF648,CONSTRUCTION OF 564 MLD 124 MGD WASTE WATER TREATMENT PLANT WITH EFFLUENT STANDARDS OF BOD – 10MG/L,Water Resources,,,2024-04,2024-04,1,2,2.0
PRJ_52B390B59751,CITY GAS DISTRIBUTION IN WEST BENGAL,Petroleum,,,2024-04,2024-04,1,2,2.0
PRJ_52E91503B524,"CONSTRUCTION OF 5 HL BRIDGES AT KM 379/000 (PANGAM), KM 439/400 (POTTERU), KM 444/237",Road Transport And Highways,,,2024-04,2024-04,1,2,2.0
PRJ_533CA6BEDE5D,PUNE METRO RAIL PROJECT,Urban Development,,,2024-04,2024-04,1,2,2.0
PRJ_53DFA0F980C3,4L OF LEFT-OVER WORKS INCLUDING ADDITIONAL STRUCTURES FROM KERALA/TAMIL NADU BORDER TO KANYAKUMARI S,Road Transport And Highways,,,2024-04,2024-04,1,2,2.0
PRJ_53FE8ECF1E41,INTERCEPTION AND DIVERSION WITH STP AT BALLY,Water Resources,,,2024-04,2024-04,1,2,2.0
PRJ_540AE140B690,AHMADPUR TO PIMPLA,Road Transport And Highways,,,2024-04,2024-04,1,2,2.0
PRJ_542235A19459,KERANDARI COAL MINING PROJECT,Power,,,2024-04,2024-04,1,2,2.0
PRJ_54816FAC0584,PARASEA- BELBAID REORGANISATION UG MINE,Coal,,,2024-04,2024-04,1,2,2.0
PRJ_5494FDD9EC3B,MOPA AIRPORT,Road Transport And Highways,,,2024-04,2024-04,1,2,2.0
PRJ_54C816D4C26B,4L GREENFIELD ALIGNMENT OF AMAS TO SHIVRAMPUR FROM 0.000 KM. TO 55.002 KM. OF NH 119 D,Road Transport And Highways,,,2024-04,2024-04,1,2,2.0
PRJ_54D0D8E0DDF9,SHAJAPUR 325MW SOLAR PV PROJECT,Power,,,2024-04,2024-04,1,2,2.0
PRJ_55145D84C64D,CONSTRUCTION OF FOUR-LANE “WESTERN SIDE SPUR OF RAMPUR- RUDRAPUR SECTION CONNECTING NH-24 TO NH-87 BY,Road Transport And Highways,,,2024-04,2024-04,1,2,2.0
PRJ_556BB60B89C4,CONSTRUCTION OF EIGHT LANE ACCESS CONTROLLED EXPRESSWAY CARRIAGEWAY FROM RAJASTHAN/MP BORDER TO JODM,Road Transport And Highways,,,2024-04,2024-04,1,2,2.0
PRJ_5588E3341A38,"150 MW SOLAR PV PROJECT IN GUJARAT (LIMBDI, MESANKA AND RADHANPUR)",Power,,,2024-04,2024-04,1,2,2.0
PRJ_55DEA6598983,KOTTAVALSA - KORAPUT DOUBLING,Railways,,,2024-04,2024-04,1,2,2.0
PRJ_5642EA9EAC7D,GOKUL EXPANSION OC,Coal,,,2024-04,2024-04,1,2,2.0
PRJ_566435987158,"PROTOTYPE FAST BREEDER REACTOR (BHAVINI, 500 MWE)",Atomic Energy,,,2024-04,2024-04,1,2,2.0
PRJ_566BCB9C0879,2LPS FROM GONDIGUDA TO ARAKU BHALLAGUDA KM 27.480 TO KM 51.772 SECTION OF NH 516E,Road Transport And Highways,,,2024-04,2024-04,1,2,2.0
PRJ_569D5E46792E,4-LANING OF MEERUT NAJIBABAD SECTION FROM KM. 11.500 TO KM 39.250 AND KM 86.590 TO KM. 112.545.IN TH,Road Transport And Highways,,,2024-04,2024-04,1,2,2.0
PRJ_56ECE2FE08E2,CONSTRUCTION OF ROAD FROM KM 0/0 TO 72/0 OF NH-26 SUCH AS 4 LANE FROM KM 0/0 TO 21/0 (BARGARH TO BAR,Road Transport And Highways,,,2024-04,2024-04,1,2,2.0
PRJ_56F6A8AD690F,"CGD PROJECT AT JHUNJHUNU, SIKAR AND NAGAUR DISTRICTS",Petroleum,,,2024-04,2024-04,1,2,2.0
PRJ_572FF9AA811D,MATHURA-JHANSI-3RD LINE,Railways,,,2024-04,2024-04,1,2,2.0
PRJ_575244500600,4 LANING OF BAHADURGANJ ARARIA SECTION FROM KM 49.000 TO KM 94.000 (PACKAGE-II) OF NH- 327E,Road Transport And Highways,,,2024-04,2024-04,1,2,2.0
PRJ_57625E31802B,4L OF RATNAGIRI - KOLHAPUR SECTION OF NH-166 FROM KM 0.000 TO KM 19.769 AND KM 31.000 TO KM 67.140 (,Road Transport And Highways,,,2024-04,2024-04,1,2,2.0
PRJ_5775240FBFB5,UP GRADATION OF AUTOMATION SYSTEM OF HOT STRIP MILL AT BOKARO STEEL PLANT,Steel,,,2024-04,2024-04,1,2,2.0
PRJ_57810F7F7CA8,"REVAMPING, AUGMENTATION OF FACILITIES AT EXISTING PORT TERMINAL AT MANGALORE",Petroleum,,,2024-04,2024-04,1,2,2.0
PRJ_5794B165ADF2,REHABILITATION AND UPGRADATION OF NH 200 FROM KM 178.944 TO 241.553 BANARI VILLAGE TO MASANIA KALA V,Road Transport And Highways,,,2024-04,2024-04,1,2,2.0
PRJ_5795C22BA21F,CITY GAS DISTRIBUTION PROJECTS AT GOPALGANJ SIWAN WEST CHAMPARAN EAST CHAMPARAN AND DEORIA DISTRICTS,Petroleum,,,2024-04,2024-04,1,2,2.0
PRJ_57E0C1B2EA2E,BANGALORE-WHITEFIELD- BANGALORE CITY- KRISHNARAJAPURAM QUADRUPLING,Railways,,,2024-04,2024-04,1,2,2.0
PRJ_57F4333D6C39,"CONSTRUCTION OF IITB RESEARCH PARK AT IIT BOMBAY, POWAI, MUMBAI",Department Of Higher Education,,,2024-04,2024-04,1,2,2.0
PRJ_583807A76D6F,DOMINGARH - GORAKHPUR - GORAKHPUR CANTT - KUSUMHI - 3RD RUNNING LINE,Railways,,,2024-04,2024-04,1,2,2.0
PRJ_5876C652A7F6,FOUR LANING OF PARARIA TO MOHANIA SECTION OF NH 319 (OLD NH 30) FROM KM. 54+530 (DESIGN CHAINAGE) TO,Road Transport And Highways,,,2024-04,2024-04,1,2,2.0
PRJ_587AD65EEF8E,RAMPUR BATURA OC,Coal,,,2024-04,2024-04,1,2,2.0
PRJ_5927565C8ADF,4L SPUR OF PANIPAT - SHAMLI CONNECTING NH-709AD (PANIPAT – SHAMLI – MUZAFFARNAGAR) AND NH-709A (KARN,Road Transport And Highways,,,2024-04,2024-04,1,2,2.0
PRJ_596934E8C458,CHENNAI BEACH-CHENNAI EGMORE (4.3 KM) (UMBRELLA WORK PB#57/2019-20/NR),Railways,,,2024-04,2024-04,1,2,2.0
PRJ_597A3597F658,UKNI DEEP OC,Coal,,,2024-04,2024-04,1,2,2.0
PRJ_59AA1EA8B979,4-LANNING OF VARANASI GORAKHPUR SECTION OF NH-29 FROM 148.00 208.300 KM [PACKAGE- IV],Road Transport And Highways,,,2024-04,2024-04,1,2,2.0
PRJ_59B20BF41239,FOUR LANING OF MUNGER TO MIRZACHAUKI (NH-80) SECTION FROM START OF EXISTING BHAGALPUR BYPASS TO RASU,Road Transport And Highways,,,2024-04,2024-04,1,2,2.0
PRJ_59B2277BC981,BAGHUAPAL FLY OVER,Railways,,,2024-04,2024-04,1,2,2.0
PRJ_59B27D2F90F1,TUMKUR-CHITRADURGA- DAVENGERE NL,Railways,,,2024-04,2024-04,1,2,2.0
PRJ_59F482D655EC,SANCHORE - SANTALPUR FROM KM 4.888 - KM 35.000 OF NH-754K,Road Transport And Highways,,,2024-04,2024-04,1,2,2.0
PRJ_5A41E99569FA,AMRITDHARA OC PROJECT,Coal,,,2024-04,2024-04,1,2,2.0
PRJ_5A4FB07C1D27,BARASGAON TO RAHATEE,Road Transport And Highways,,,2024-04,2024-04,1,2,2.0
PRJ_5A5B030E5611,REHABILITATION AND UPGRADING TO 2 LANES/2 LANE WITH PAVED SHOULDERS (KM 40 TO KM 219.945) OF NH-104,Road Transport And Highways,,,2024-04,2024-04,1,2,2.0
PRJ_5AB446078A7B,SIX LANING FROM START OF VALANCHERY BYPASS TO KAPPIRIKKAD-SECTION OF NH- 66(OLD NH-17) FROM DESIGN CH,Road Transport And Highways,,,2024-04,2024-04,1,2,2.0
PRJ_5AE1B1274ADB,TS FOR EVACUATION POWER FROM REZ IN RAJASTHAN (20GW) UNDER PHASE-III PART E2,Power,,,2024-04,2024-04,1,2,2.0
PRJ_5B20ADE68F66,RATLAM-MHOW-KHANDWA-AKOLA,Railways,,,2024-04,2024-04,1,2,2.0
PRJ_5B2F9C24B390,GANDHIGRAM UG MINE,Coal,,,2024-04,2024-04,1,2,2.0
PRJ_5BA2CE94D655,MURAIDIH UG TURN-KEY PROJECT,Coal,,,2024-04,2024-04,1,2,2.0
PRJ_5BD41D0BE5BD,SATNA - REWA,Railways,,,2024-04,2024-04,1,2,2.0
PRJ_5C5FE5E6F91C,CONSTRUCTION OF 4-LANING OF BHIWANI HANSI ROAD SECTION OF NH 148B (DESIGN LENGTH 42.934 KM) UNDER BH,Road Transport And Highways,,,2024-04,2024-04,1,2,2.0
PRJ_5C84B30D3459,DEVELOPMENT OF TUTICORIN AIRPORT,Civil Aviation,,,2024-04,2024-04,1,2,2.0
PRJ_5CDF93B80B92,KATNI GRADE SEPARATOR/BYE PASS,Railways,,,2024-04,2024-04,1,2,2.0
PRJ_5CE366D0DE48,REHABILITATION AND UPGRADATION TO 4L CONFIGURATION and STRENGTHENING OF SIHUNI TO RAJOL FROM KM 51.0,Road Transport And Highways,,,2024-04,2024-04,1,2,2.0
PRJ_5D39E1DAAB17,SIX LANING OF BIHAR - JHARKHAND BORDER (CHORDAHA) TO GORHAR SECTION,Road Transport And Highways,,,2024-04,2024-04,1,2,2.0
PRJ_5D42AE33CC71,CONSTRUCTION OF PROPOSED REWARI BYPASS (DESIGN LENGTH 14.4 KM) NH-11 AS A FEEDER ROUTE IN THE STATE,Road Transport And Highways,,,2024-04,2024-04,1,2,2.0
PRJ_5D531A08A813,INDORE - EDLABAD (PKG-II) [TEJAJINAGAR TO BALWARA],(TOTAL LENGTH 20.60 KM),,,2024-04,2024-04,1,2,2.0
PRJ_5D69DE9D6C87,DHULE (BORVIHIR)-NARDANA,Railways,,,2024-04,2024-04,1,2,2.0
PRJ_5D9674269CEB,"DAHOD-INDORE VIA SARDARPUR, JHABUA AND DHAR",Railways,,,2024-04,2024-04,1,2,2.0
PRJ_5D9BA08AB3B9,RPR PAUNI II EXPANSION OC,Coal,,,2024-04,2024-04,1,2,2.0
PRJ_5DD8E38B2FE3,INTERCEPTION AND DIVERSION WORKS AND SEWAGE TREATMENT PLANT AT JAUNPUR UTTAR PRADESH,Water Resources,,,2024-04,2024-04,1,2,2.0
PRJ_5DF91CC83995,4L SPUR OF SHAMLI- MUZZAFARNAGAR CONNECTING NH-709AD (PANIPAT-SHAMLI- MUZAFFARNAGAR) AND NH-58 (MEERUT,Road Transport And Highways,,,2024-04,2024-04,1,2,2.0
PRJ_5E15927DDF53,RAJKOT-KANALUS,Railways,,,2024-04,2024-04,1,2,2.0
PRJ_5E62C7E1E009,KARGIL-ZANSKR PACKAGE-8,Road Transport And Highways,,,2024-04,2024-04,1,2,2.0
PRJ_5E7E6728B76C,HIMAYATNAGAR TO PHULSAWANGI,Road Transport And Highways,,,2024-04,2024-04,1,2,2.0
PRJ_5E8C7191EC1B,INSTALLATION OF INDEPENDENT DE- AROMATIZED SOLVENTS PRODUCTION FACILITIES AT MUMBAI REFINERY,Petroleum,,,2024-04,2024-04,1,2,2.0
PRJ_5EB9B44D62EA,SAKRI-HASANPUR ROAD,Railways,,,2024-04,2024-04,1,2,2.0
PRJ_5F040E2B7C12,DEVELOPMENT/WIDENING OF TALEGAON – CHAKAN – SHIKRAPUR – NHAVARA SECTION OF NH 548DG (NHAVARA TO CHOU,Road Transport And Highways,,,2024-04,2024-04,1,2,2.0
PRJ_5F4E09E8AB24,MUNGOLI NIRGUDA EXTENSION (DEEP) OC,Coal,,,2024-04,2024-04,1,2,2.0
PRJ_5F7AF4F408C5,UDAIPUR AIRPORT- CONSTRUCTION OF NEW INTEGRATED PASSENGER TERMINAL BUILDING,Civil Aviation,,,2024-04,2024-04,1,2,2.0
PRJ_5F9E6C2CA93F,REHABILITATION AND UP- GRADATION OF EXISTING ROAD TO 2L PS FROM END OF HAMIRPUR BYPASS (NEAR CHILBAHA,Road Transport And Highways,,,2024-04,2024-04,1,2,2.0
PRJ_5FFABD110955,DAMAN UPSIDE DEVELOPMENT PROJECT (DUDP) IN TAPTI DAMAN BLOCK,Petroleum,,,2024-04,2024-04,1,2,2.0
PRJ_60084CFF3003,MADURAI-TUTICORIN VIA ARUPPUKKOTTAI,Railways,,,2024-04,2024-04,1,2,2.0
PRJ_6028575ADBF1,LATA-TAPOVAN HYDRO ELECTRIC POWER PROJECT 3X57 MW,Power,,,2024-04,2024-04,1,2,2.0
PRJ_602E2A6630D7,REHABILITATION AND UPGRADATION TO 2 LANE WITH PAVED SHOULDER FROM EXISTING,Road Transport And Highways,,,2024-04,2024-04,1,2,2.0
PRJ_60E0E97FD180,KUDANKULAM NUCLEAR POWER PROJECT UNIT-3 and 4,Atomic Energy,,,2024-04,2024-04,1,2,2.0
PRJ_61409AFD78A8,SIX LANE ACCESS CONTROLLED OF DELHI SAHARANPUR HIGHWAY FROM AKSHARDHAM NH 9 JUNCTION TO DELHI UP BOR,Road Transport And Highways,,,2024-04,2024-04,1,2,2.0
PRJ_616F1D2A11EB,CONSTRUCTION OF FOUR-LANE GREENFIELD DELHI-AMRITSAR- KATRA EXPRESSWAY FROM JUNCTION WITH ROHTAK-PANIP,Road Transport And Highways,,,2024-04,2024-04,1,2,2.0
PRJ_61768C9553BE,CONSTRUCTION OF MISSING LINKS (SINGLE LANE) IN LAKHPAT GADULI HAJIPIR ODMA KHAVDA DHOLAVIRA MAUVANA,Road Transport And Highways,,,2024-04,2024-04,1,2,2.0
PRJ_61B617012899,FOUR LANING OF POONDIYANKUPPAM (KM.67/000) TO SATTANATHAPOURAM (KM.123/800) SECTION OF NH-45A ON HAM,Road Transport And Highways,,,2024-04,2024-04,1,2,2.0
PRJ_61B6DD8EA7CA,REHABILITATION AND UP GRADATION OF SECTION FROM KM 206.00 TO KM 242.00 (NIMBUTALA TO AUSTIN CREEK) O,Road Transport And Highways,,,2024-04,2024-04,1,2,2.0
PRJ_61BA68CC1BCF,6L ACCESS CONTROLLED GREENFIELD HIGHWAY FROM ODULAPALLE 72.000 KM. TO NALLACHERUVUPALLI 96.300 KM.,Road Transport And Highways,,,2024-04,2024-04,1,2,2.0
PRJ_61C51445BD20,"MANSA-BHATINDA (PHASE-I), INCL. NEW MATERIAL MODIFICATION FOR RAMA MANDI (RAMAN) - SADA SINGHWALA VI",Railways,,,2024-04,2024-04,1,2,2.0
PRJ_61C5AB19C7FC,4/6L OF BANGALORE - PUNE SECTION OF BYPASS CONNECTING DHARWAD - HUBLI FROM KM. 403.80 TO KM. 433.20,Road Transport And Highways,,,2024-04,2024-04,1,2,2.0
PRJ_61D8ABC69A60,ANDHERI RESIDENTIAL TOWERS MUMBAI,Petroleum,,,2024-04,2024-04,1,2,2.0
PRJ_61DDB672268C,"CONSTRUCTION OF 4 LANE WITH PAVED SHOULDER FROM (DESIGN CH. 14+200 TO 24+400), (DESIGN CH. 35+300 TO",Road Transport And Highways,,,2024-04,2024-04,1,2,2.0
PRJ_61E889636BB2,CONSTRUCTION OF FOUR LANE RINGROAD BYPASS SRINAGAR CITY,Road Transport And Highways,,,2024-04,2024-04,1,2,2.0
PRJ_61EAB99AB135,HP CRUDE TO OLEFINS AND AROMATICS TECHNOLOGY DEMO UNIT AT VISAKH REFINERY,Petroleum,,,2024-04,2024-04,1,2,2.0
PRJ_620584D3882E,UCE OF EPR OF NORTH URIMARI OCP,Coal,,,2024-04,2024-04,1,2,2.0
PRJ_626B78159FD1,6L ACCESS CONTROLLED GREENFIELD HIGHWAY FROM KODUR 0.000 KMS TO VANAVOLU 24.300 KMS OF NH 544G PACKA,Road Transport And Highways,,,2024-04,2024-04,1,2,2.0
PRJ_6272CAEA5040,VIJAYAWADA-GUDUR,Railways,,,2024-04,2024-04,1,2,2.0
PRJ_62A0A3BCD06D,"C/O OF 152 NOS TYPE-II,304 NOS,TYPE-III,76 NOS, TYPE-IV QTRS. FOR INCOME TAX DEPARTMENT AT CHENNAI",Finance,,,2024-04,2024-04,1,2,2.0
PRJ_62C8D0B5EBEE,4TH LINE - BHILAI-BHILAI NAGAR (8.8 KM) (PB#72/NR/2022-23),Railways,,,2024-04,2024-04,1,2,2.0
PRJ_6316F6D95805,CONSTRUCTION OF 4-LANE FROM BARELA TO MANEGAON SECTION OF NH-30 FROM DESIGN CH. 2.900 TO DESIGN CH.,Road Transport And Highways,,,2024-04,2024-04,1,2,2.0
PRJ_6370DF7298A4,6L GREENFIELD BAUNSAGUAR - BARAJA SECTION OF NH-130-CD ROAD FROM KM 293+000 TO KM 338+500 (PACKAGE –,Road Transport And Highways,,,2024-04,2024-04,1,2,2.0
PRJ_63970E7C0FDD,EPR PUNDI OCP,Coal,,,2024-04,2024-04,1,2,2.0
PRJ_63B1B1892510,DELHI VADODARA GREENFIELD ALIGNMENT SECTION OF NH 148N PACKAGE 31,Road Transport And Highways,,,2024-04,2024-04,1,2,2.0
PRJ_63E1D80A4776,2L NH-1 FROM KM 8.660 TO KM 33.775 (SUMBAL TO WAYUL) TO 4L DUAL CARRIAGEWAY NH STANDARD AS PART OF S,Road Transport And Highways,,,2024-04,2024-04,1,2,2.0
PRJ_6440364BD61E,BALANCE WORKS OF 4L PANVEL- INDAPUR SECTION OF NH-66 (OLD NH-17) FROM KM 42.300 (KASU) TO KM 84.600 (,Road Transport And Highways,,,2024-04,2024-04,1,2,2.0
PRJ_6452D8A60ACE,60 KTA POLYPROPYLENE PROJECT,Petroleum,,,2024-04,2024-04,1,2,2.0
PRJ_647A9F65665A,URDHAN OC,Coal,,,2024-04,2024-04,1,2,2.0
PRJ_647DC92A40B7,FOUR LANING OF BHOGU TO SANKHA FROM KM 147.450 TO KM 196.870 ON NH-75 PKG SEC-III,Road Transport And Highways,,,2024-04,2024-04,1,2,2.0
PRJ_6494E5CEBC82,6L OF KAGAL-SATARA SECTION FROM KM 658.000 TO KM 725.000 OF NH-48,Road Transport And Highways,,,2024-04,2024-04,1,2,2.0
PRJ_651D3E5A0CDC,"REPLACEMENT OF CONVERTER VESSELS, TRUNNION RINGS, SUPPORT SYSTEM AND INSTALLATION OF SECONDARY EMISS",Steel,,,2024-04,2024-04,1,2,2.0
PRJ_6528EE023961,REBUILDING OF COKE OVEN BATTERY NO.6 OF BOKARO STEEL PLANT,Steel,,,2024-04,2024-04,1,2,2.0
PRJ_654F3D978CAB,"4L BYPASSES FOR JAGATPUR, B4ABUGANJ, UNCHAHAR, ALAPUR BYPASS, AND SAI RIVER BRIDGE OF RAEBARELI- PRA",Road Transport And Highways,,,2024-04,2024-04,1,2,2.0
PRJ_65AEC69FF365,CONSTRUCTION OF 8LANE EXPRESSWAY NE4 STARTING BEFORE KMP EXPRESSWAY AND ENDS AT CH. 47+000 NEAR KHAN,Road Transport And Highways,,,2024-04,2024-04,1,2,2.0
PRJ_65F7BB55A435,ROURKELA-BONDAMUNDA A-CABIN 5TH LINE (10 KM) (UMBRELLA WORK PB#57/2019-20/NR),Railways,,,2024-04,2024-04,1,2,2.0
PRJ_660132E38D2B,SRP OC-II EXPANSION PROJECT,Coal,,,2024-04,2024-04,1,2,2.0
PRJ_66018BD65C8F,DWARKA EXPRESSWAY FROM KM - 0.600 TO KM 5.300 - PKG-I (SHIVMURTI CHOWK-RUB NEAR DWARKA SECTOR 21),Road Transport And Highways,,,2024-04,2024-04,1,2,2.0
PRJ_660F681840A9,BUXAR THERMAL POWER PLANT,Power,,,2024-04,2024-04,1,2,2.0
PRJ_667C21DB8A71,CONSTRUCTION OF TWO PRODUCED WATER TREATMENT PLANTS (PWTP) AT BECHARAJI AND SOBHASAN INSTALLATION OF,Petroleum,,,2024-04,2024-04,1,2,2.0
PRJ_66B557964095,AGRA METRO RAIL PROJECT,Urban Development,,,2024-04,2024-04,1,2,2.0
PRJ_66C5ACDC5918,"CONSTRUCTION OF PERMANENT CAMPUS FOR IISER AT JANGALAPALLI VILLAGE, YERPEDU MANDAL, CHITTOOR DISTRIC",Department Of Higher Education,,,2024-04,2024-04,1,2,2.0
PRJ_671E35694614,CONSTRUCTION OF 6 LANE ELEVATED CORRIDOR ALONG WITH DEVELOPMENT OF EXISTING 4 LANE ROAD AT GROUND LE,Road Transport And Highways,,,2024-04,2024-04,1,2,2.0
PRJ_676595973991,4-LANNING OF BODHRE-DHULE SECTION(KM 390.000 TO 452.800),Road Transport And Highways,,,2024-04,2024-04,1,2,2.0
PRJ_6767034B2253,CONSTRUCTION OF 4-LANE GREEN FIELD HIGHWAY FROM KM. 35.000 TO KM. 49.155 OF NH-731A WITH PAVED SHOUL,Road Transport And Highways,,,2024-04,2024-04,1,2,2.0
PRJ_678142EB9AAD,KARMA OCP,Coal,,,2024-04,2024-04,1,2,2.0
PRJ_67B3F98E1259,6L ACCESS-CONTROLLED HIGHWAY FROM (GANESHPUR) TO(NEAR MOHAND) OF GANESHPUR – DEHRADUN SECTION FROM K,Road Transport And Highways,,,2024-04,2024-04,1,2,2.0
PRJ_67ED6DB57CCD,"ADDITIONAL WORKS (2VUPS, MR-10 JUNCTION FLYOVER AND UNDERPASS) IN SIX LANE INDORE- DEWAS SECTION OF N",Road Transport And Highways,,,2024-04,2024-04,1,2,2.0
PRJ_680DF4953420,VIZIANAGARAM -SAMABALPUR 3RD LINE,Railways,,,2024-04,2024-04,1,2,2.0
PRJ_6867A3C68B0A,NIGAHI EXPANSION OCP,Coal,,,2024-04,2024-04,1,2,2.0
PRJ_687465DD770C,EPR ROHINI KARKATA OCP,Coal,,,2024-04,2024-04,1,2,2.0
PRJ_68DAEF857300,NATIONAL INDUSTRIAL CORRIDOR PROJECT,Dpiit,,,2024-04,2024-04,1,2,2.0
PRJ_690F8AFD3658,BHUBANESWARI EXPANSION OCP,Coal,,,2024-04,2024-04,1,2,2.0
PRJ_699C0E37D064,AMADAND OPENCAST EXPANSION PROJECT,Coal,,,2024-04,2024-04,1,2,2.0
PRJ_6A0A92B66254,SANCHORE - SANTALPUR FROM KM 99.000- KM 130.073 OF NH-754K,Road Transport And Highways,,,2024-04,2024-04,1,2,2.0
PRJ_6A7D9B14D05A,RECONSTRUCTION WITH GEOMETRIC IMPROVEMENT OF EXISTING SINGLE/INTERMEDIATE LANE TO 2LANE WITH PAVED S,Road Transport And Highways,,,2024-04,2024-04,1,2,2.0
PRJ_6AF5BB3A5462,"REMAINING WORK OF 2L+PS OF TRICHY - KARAIKUDI SECTION OF NH-210, INCLUDING TRICHY BYPASS",Road Transport And Highways,,,2024-04,2024-04,1,2,2.0
PRJ_6B20ADC837EB,POTTANGI BAUXITE MINES,Mines,,,2024-04,2024-04,1,2,2.0
PRJ_6B34A50EC1C3,KAKRAPAR ATOMIC POWER PROJECT - 3 AND 4,Atomic Energy,,,2024-04,2024-04,1,2,2.0
PRJ_6B46A113C6EE,CONSTRUCTION OF EIGHT LANE EXPRESSWAY FROM KM 190.000 TO KM 217.500 GANDEVA TO ENA SECTION OF VADODA,Road Transport And Highways,,,2024-04,2024-04,1,2,2.0
PRJ_6B5D4E763D9A,DIGRAS DARWAH KARANJA,Road Transport And Highways,,,2024-04,2024-04,1,2,2.0
PRJ_6B7AB219353E,TETARIAKHAR EXPANSION OCP,Coal,,,2024-04,2024-04,1,2,2.0
PRJ_6C27A0F63E40,DELHI-AMRITSAR-KATRA EXPRESSWAY (PHASE-II PKG-XVI) EXISTING JAKH (VIJAYPUR)- KUNJWANI SECTION OF NH-4,Road Transport And Highways,,,2024-04,2024-04,1,2,2.0
PRJ_6C61902EB594,CALICUT AIRPORT - DEVELOPMENT OF ADDITIONAL RESA ON EITHER END ON RUNWAY 10-28 AT CALICUT AIRPORT,Civil Aviation,,,2024-04,2024-04,1,2,2.0
PRJ_6C63C59A8757,BALANCE WORK OF 4L OF NAURADEHI SANCTUARY DE- SCOPED STRETCH OF HIRAN RIVER TO SINDOOR RIVER FROM KM.,Road Transport And Highways,,,2024-04,2024-04,1,2,2.0
PRJ_6CF2A4EE1749,NOKH PLOT-2 SOLAR PV PROJECT 245MW,Power,,,2024-04,2024-04,1,2,2.0
PRJ_6CF4DD032560,2L PS SRIGANGANAGAR TO RAISINGHNAGAR (DESIGN CHAINAGE -0.500 KM TO DESIGN CHAINAGE 101.000 KM) (PACK,Road Transport And Highways,,,2024-04,2024-04,1,2,2.0
PRJ_6D762363C81A,AMDI TO SAONER,Road Transport And Highways,,,2024-04,2024-04,1,2,2.0
PRJ_6D8487B9BD5D,BRUNDAMAL-JHARSUGUDA- FLYOVER CONNECTION FOR JOINING DN LINE,Railways,,,2024-04,2024-04,1,2,2.0
PRJ_6DB49AA01AB7,SIX LANNING OF AURANGABAD TO BIHAR/JHARKHAND BORDER SECTION OF NH-19 (OLD NH-2) FROM KM. 209.827 TO,Road Transport And Highways,,,2024-04,2024-04,1,2,2.0
PRJ_6E3A2A97BBD2,NSG AT KOLKATA,Home Affairs,,,2024-04,2024-04,1,2,2.0
PRJ_6E5FA1C78854,TAPOVAN-VISHNUGAD HEP,Power,,,2024-04,2024-04,1,2,2.0
PRJ_6E68335A0DCB,"LALITPUR-SATNA-REWA-SINGRULI NL,",Railways,,,2024-04,2024-04,1,2,2.0
PRJ_6E7DB94EBE43,KHARSIA DHARAMJAIGARH WITH SPUR LINE EAST CORRIDOR-PHASE I,Railways,,,2024-04,2024-04,1,2,2.0
PRJ_6F3DD0222C08,REDEVELOPMENT OF GPRA COLONY AT NAUROJI NAGAR,Urban Development,,,2024-04,2024-04,1,2,2.0
PRJ_6F5C285AF8C5,MUMBAI NAGPUR JHARSUGUDA PIPELINE PROJECT,Petroleum,,,2024-04,2024-04,1,2,2.0
PRJ_6FDC2DDAB230,6L OF AMBALA-CHANDIGARH GREENFIELD SECTION FROM KM. 0.000 TO KM. 25.000 WITH 4L SPUR TO LALRU FROM K,Road Transport And Highways,,,2024-04,2024-04,1,2,2.0
PRJ_6FEF4C9BCB2E,SIX LANING OF KADAMBATTUKONAM TO KAZHAKKOOTTAM SECTION OF NH- 66(OLD NH-47) FROM KM. 517+250 TO KM.54,Road Transport And Highways,,,2024-04,2024-04,1,2,2.0
PRJ_7026D689B68F,EXT AND STR. OF EXISTING RUNWAY 08/26 AT TIRUPATI AIRPORT,Civil Aviation,,,2024-04,2024-04,1,2,2.0
PRJ_707A73BC079D,SEWERAGE SYSTEM AND STP FOR KANKARBAG ZONE PATNA,Water Resources,,,2024-04,2024-04,1,2,2.0
PRJ_70C325D78917,CONSTRUCTION OF PERMANENT CAMPUS IIT JAMMU,Department Of Higher Education,,,2024-04,2024-04,1,2,2.0
PRJ_715AE2DD761B,CONSTRUCTION OF SHOHRATGARH BYPASS ON NH-730 UNDER EPC MODE IN THE STATE OF UTTAR PRADESH,Road Transport And Highways,,,2024-04,2024-04,1,2,2.0
PRJ_71EDE2B09EB5,UPGRADATION AND WIDENING OF BILASPUR TO MUNGELI SECTION NH-130A,Road Transport And Highways,,,2024-04,2024-04,1,2,2.0
PRJ_725BBA7B8B20,CGD PROJECT AT DHARMAPURI AND KRISHNAGIRI DISTRICTS,Petroleum,,,2024-04,2024-04,1,2,2.0
PRJ_72BA103BD5DF,FOUR LANING OF MEHGAMA HANSDIHA SECTION OF NH-33 FROM EXISTING KM 41.900 TO 93.000 IN THE STATE OF J,Road Transport And Highways,,,2024-04,2024-04,1,2,2.0
PRJ_73201FF7576B,"CONSTRUCTION OF 4-LANE NH- 344P-PACKAGE-4 (FROM KM 0+000 TO KM 29+600, 29.6KM), STARTING FROM BAWANA",Road Transport And Highways,,,2024-04,2024-04,1,2,2.0
PRJ_738A870A2AB6,AMALGAMATED INDER-KAMPTEE DEEP OC,Coal,,,2024-04,2024-04,1,2,2.0
PRJ_7417B42755A5,TURAVUR-AMBALAPUZHA DOUBLING,Railways,,,2024-04,2024-04,1,2,2.0
PRJ_7419982DCAE3,REHABILITATION AND UPGRADATION OF NH 78 FROM KM 469.000 TO 531.000 PATTHALGAON TO KUNKURI,Road Transport And Highways,,,2024-04,2024-04,1,2,2.0
PRJ_743E7F878DEB,PATNA-MUZZAFFARPUR,Road Transport And Highways,,,2024-04,2024-04,1,2,2.0
PRJ_74A5F7B9B56A,6-LANING OF VIJAYAWADA BYPASS FROM GOLLAPUDI (DESIGN CH. 30+000) TO CHINNAKAKANI (DESIGN CH. 47+881),Road Transport And Highways,,,2024-04,2024-04,1,2,2.0
PRJ_74F0489238C1,UPGRADATION OF NH 930 JHALMALA TO SHERPER FROM NH KM 30.600 TO KM 67.800 TO TWOFOUR LANE WITH PAVED,Road Transport And Highways,,,2024-04,2024-04,1,2,2.0
PRJ_757B32250211,REDEVELOPMENT OF SOBHASAN COMPLEX,Petroleum,,,2024-04,2024-04,1,2,2.0
PRJ_75C155E902E1,"CONSTRUCTION OF COMBINED OPERATIONAL OFFICES FOR DGCA, BCAS, AAIB, AERA AND AAI AT SAFDARJUNG AIRPOR",Civil Aviation,,,2024-04,2024-04,1,2,2.0
PRJ_75F86315E864,MORAPPUR-DHARMAPURI,Railways,,,2024-04,2024-04,1,2,2.0
PRJ_765EAFCEC847,DELHI-AMRITSAR-KATRA,"[N24001983],NHAI,ANDHRA PRADESH",,,2024-03,2024-03,1,2,2.0
PRJ_77005053F441,CONSTRUCTION729 QUARTERS (TYPE II-180 TYPE III-364 TYPE IV-112 TYPE V-68 TYPE-VI-5 SHOPS COMMUNI,Urban Development,,,2024-04,2024-04,1,2,2.0
PRJ_77135CF79BEE,25.5 MW WIND POWER PROJECT AT KAYATHAR IN TAMILNADU,Mines,,,2024-04,2024-04,1,2,2.0
PRJ_7721C7BEB2A0,WIDENING EXISTING 2 LANE TO 4 LANE WITH PAVED SHOULDER INCLUDING STRENGTHENING CARRIAGEWAY FROM KM 8,Road Transport And Highways,,,2024-04,2024-04,1,2,2.0
PRJ_7727E50A32FC,PIPELINE REPLACEMENT PROJECT - VII,Petroleum,,,2024-04,2024-04,1,2,2.0
PRJ_778484B19D1B,BHANDARA TO GHOTITOK,Road Transport And Highways,,,2024-04,2024-04,1,2,2.0
PRJ_778887B0DD17,4L FROM GAJU VILLAGE AT KM 32.982 TO DEVINAGAR BYPASS (END) AT KM 208.000 OF NH 530B,Road Transport And Highways,,,2024-04,2024-04,1,2,2.0
PRJ_77BBA87F1C48,"INTERCEPTION, DIVERSION AND TREATMENT WORKS FOR NAINI DISTRICT G PHAPHAMAU DISTRICT F AND JHUSI AREA",Water Resources,,,2024-04,2024-04,1,2,2.0
PRJ_7820304C9D34,"UPGRADING IPSHEM TO WORLD CLASS FACILITY OF ONGC, GOA",Petroleum,,,2024-04,2024-04,1,2,2.0
PRJ_7831056801A9,CONVERSION OF FLAT BOTTOM SETTLERS AND WASHERS WITH A SINGLE TRAIN OF HRDS AND DCWS IN STREAMS 1 AND,Mines,,,2024-04,2024-04,1,2,2.0
PRJ_78604661E0DD,BALANCE WORK OF TWO LANING WITH PAVED SHOULDER OF PIPRAKOTHI–MOTIHARI- RAXAUL SECTION OF NH-28A FRO,Road Transport And Highways,,,2024-04,2024-04,1,2,2.0
PRJ_787EDD52DB75,RECONSTRUCTION WITH GEOMETRIC IMPROVEMENT OF EXISTING SINGLE/INTERMEDIATE LANE TO 2 LANE WITH EAR,Road Transport And Highways,,,2024-04,2024-04,1,2,2.0
PRJ_789E0B13F260,RELIABLE COMMUNICATION SCHEME UNDER CENTRAL SECTOR FOR NORTHERN REGION,Power,,,2024-04,2024-04,1,2,2.0
PRJ_78EAB3B09E8E,CONSTRUCTION OF NEW 4-LANE BRIDGE (PARALLEL TO EXISTING VIKRAMASHILA SETU)FROM KM 8+920 TO KM 13+375,Road Transport And Highways,,,2024-04,2024-04,1,2,2.0
PRJ_78F0168C43E5,CGD PROJECT IN WEST BENGAL 11TH ROUND,Petroleum,,,2024-04,2024-04,1,2,2.0
PRJ_794A9E3101E4,4/6L GREENFIELD LUDHIANA RUPNAGAR HIGHWAY FROM JUNCTION WITH NE 05 VILLAGR NEAR TO MANEWAL (LUDHIANA,Road Transport And Highways,,,2024-04,2024-04,1,2,2.0
PRJ_797A890DC27C,CONSTRUCTION OF PRATAPGARH BYPASS (EXTENSION) CONNECTING NH-31 TO NH-330,Road Transport And Highways,,,2024-04,2024-04,1,2,2.0
PRJ_7A12FAFF619C,KARGIL-ZANSKR PACKAGE-1,Road Transport And Highways,,,2024-04,2024-04,1,2,2.0
PRJ_7A704FFA1246,CONSTRUCTION OF 80000MT LPG CAVERN AT MANGALORE,Petroleum,,,2024-04,2024-04,1,2,2.0
PRJ_7A8AD7B69297,ADASA UG TO OC,Coal,,,2024-04,2024-04,1,2,2.0
PRJ_7ADF523FB7AF,BALANCE WORK OF PANIKOILI RIMULI SECTION OF NEW NH-20 FROM KM 0.00 TO KM. 163.000,Road Transport And Highways,,,2024-04,2024-04,1,2,2.0
PRJ_7B1BABEA6455,UPGRADATION and WIDENING OF JHARKHEDA- BERASIA - DHOLKHEDI FROM DESIGN KM 0+000 TO KM 87+900 (DESIGN,(TOTAL LENGTH 20.60 KM),,,2024-04,2024-04,1,2,2.0
PRJ_7B88534CABDA,BALANCE WORK 2-LANE WITH PAVED SHOULDERS OF NAGAPATTINAM - THANJAVUR SECTION OF NH-67,Road Transport And Highways,,,2024-04,2024-04,1,2,2.0
PRJ_7B88BB4ECE0B,SEWERAGE SYSTEM WITH SEWER NETWORK PATNA BEUR,Water Resources,,,2024-04,2024-04,1,2,2.0
PRJ_7C0BD6DEE5E0,SETTING UP PHYSICAL INFRASTRUCTURE FOR THE NATIONAL INSTITUTE OF COMMUNICATION FINANCE(NICF) AT GHIT,Telecommunications,,,2024-04,2024-04,1,2,2.0
PRJ_7C2E5ACAB883,GANDHAMARDAN IRON ORE MINES TO GOALDIH STATION,Railways,,,2024-04,2024-04,1,2,2.0
PRJ_7C439F43178B,DOUBLING BETWEEN JAUNPUR JN- ZAFFARABAD,Railways,,,2024-04,2024-04,1,2,2.0
PRJ_7C71053F9B31,SONEPUR BAZARI EXPANSION OC,Coal,,,2024-04,2024-04,1,2,2.0
PRJ_7C76157B3ADC,CONSTRUCTION OF 2 LANE WITH PAVED SHOULDER NORTHERN BYPASS PHASE-II OF KOTA CITY FROM DESIGN CHAINAG,Road Transport And Highways,,,2024-04,2024-04,1,2,2.0
PRJ_7C9B83FC76C3,JAMMU - AKHNOOR SECTION OF NH 144A PKG-3B,Road Transport And Highways,,,2024-04,2024-04,1,2,2.0
PRJ_7CAFB4815563,KHURDA ROAD-BOLANGIR(NL)ECOR,Railways,,,2024-04,2024-04,1,2,2.0
PRJ_7CD2FDB635D5,REHABILITATION AND UPGRADATION OF 2 LANE WITH PAVED SHOULDER FROM EXISTING KM. 195.175 TO KM. 220.00,Road Transport And Highways,,,2024-04,2024-04,1,2,2.0
PRJ_7CEBA3B3D486,4-LANING OF KASHIPUR-SITARGANJ SECTION,Road Transport And Highways,,,2024-04,2024-04,1,2,2.0
PRJ_7D0BC1EB4D98,"UDHAMPUR-SRINAGAR-BARAMULLA (NL),NR",Railways,,,2024-04,2024-04,1,2,2.0
PRJ_7D8815128249,JHARKHAND LAIYO OCP,Coal,,,2024-04,2024-04,1,2,2.0
PRJ_7DFFEB88573F,GOLETI OPENCAST MINE,Coal,,,2024-04,2024-04,1,2,2.0
PRJ_7E400BE91B2E,BALANCE WORKS OF FOUR LANE FROM KM 43+950 (THIRUVALLUR BYPASS) TO KM 61+470 (VEPPAMPATTU BYPASS) PAS,Road Transport And Highways,,,2024-04,2024-04,1,2,2.0
PRJ_7E597DD86881,DAHEGAON TO KUHI,Road Transport And Highways,,,2024-04,2024-04,1,2,2.0
PRJ_7ED9858CD81E,DUDHICHUA EXPANSION OCP,Coal,,,2024-04,2024-04,1,2,2.0
PRJ_7F2ABDE2D206,RAYADURGA-TUMKUR NL,Railways,,,2024-04,2024-04,1,2,2.0
PRJ_7F32D0DE9334,300 MW SOLAR POWER PROJECT UNDER CPSU SCHEME,Power,,,2024-04,2024-04,1,2,2.0
PRJ_7F5445D90161,REHABILITATION AND UPGRADATION TO 2-LANE CONFIGURATION OF HEWNA- ASHYARI SECTION (KM 25.000 TO KM 50.,Road Transport And Highways,,,2024-04,2024-04,1,2,2.0
PRJ_7F7641A21635,TALCHER - ANGUL NEW LINE WITH Y CONNECTION AT TALCHER,Railways,,,2024-04,2024-04,1,2,2.0
PRJ_8024611C46CA,6L ACCESS CONTROLLED GREENFIELD HIGHWAY FROM AUDIREDDIPALLE 160.000 KM. TO MALLAPALLE 176.000 KM. PA,Road Transport And Highways,,,2024-04,2024-04,1,2,2.0
PRJ_806B70F0F68C,KUDANKULAM NUCLEAR POWER PROJECT 5 AND 6,Atomic Energy,,,2024-04,2024-04,1,2,2.0
PRJ_8085A50BDF21,RCE OF RAMAGUNDAM OPENCAST II EXTENSION PROJECT,Coal,,,2024-04,2024-04,1,2,2.0
PRJ_80B7850876CB,CONSTRUCTION OF EIGHT LANE VADODARA KIM EXPRESSWAY FROM KM 254.430 TO KM 279.000 (KIM TO ANKLESHWAR,Road Transport And Highways,,,2024-04,2024-04,1,2,2.0
PRJ_80E8F53120E4,4L OF PALMA TO GUMLA SECTION OF NH23 FROM KM. 26.00 TO KM. 89.170 ON HAM MODE IN THE STATE OF JHARKH,Road Transport And Highways,,,2024-04,2024-04,1,2,2.0
PRJ_811639230D4E,RELIABLE COMMUNICATION SCHEME UNDER CENTRAL SECTOR FOR SOUTHERN REGION,Power,,,2024-04,2024-04,1,2,2.0
PRJ_8121D05E18B1,KADUR CHIKMAGALUR SAKLESHPUR NEW LINE,Railways,,,2024-04,2024-04,1,2,2.0
PRJ_8128C87B9739,3L MAJOR BRIDGE OVER RIVER BRAHMANI AT KM. 401.250 (DUBURI CHANDIKHOLE SECTION) OF NH 200 (NEW NH 5,Road Transport And Highways,,,2024-04,2024-04,1,2,2.0
PRJ_8178F505C4DC,HVDC BIPOLE LINK BETWEEN WR AND SR -NORTH TRICHUR - SCHEME -II AC SYSTEM STRENGTHENING AT PUGALUR EN,Power,,,2024-04,2024-04,1,2,2.0
PRJ_81CAFC3F7AD2,6 LANING FROM KM 9.90 TO KM 19.948 (ARAMGARH-SAMSHABAD SECTION) OF HYDERABAD- SAMSHABAD SECTION OF NH,Road Transport And Highways,,,2024-04,2024-04,1,2,2.0
PRJ_81FDC62C3A17,CONSTRUCTION OF 8 LANING OF EXISTING 4 LANE VADAPE TO THANE FROM KM 539.202 TO KM 563.000 SECTION OF,Road Transport And Highways,,,2024-04,2024-04,1,2,2.0
PRJ_824E480CC431,REDEVELOPMENT OF LINCH FIELD,Petroleum,,,2024-04,2024-04,1,2,2.0
PRJ_82C4D11136C5,NEW WORK FOR CONSTRUCTION OF METRO RAILWAY FROM NSCB AIRPORT TO NEW GARIA VIA RAJARHAT,Railways,,,2024-04,2024-04,1,2,2.0
PRJ_82CBABEC8ED2,2-LANE EXISTING RAMPUR BYPASS OF RAMPUR TO BE DEVELOPED TO 4-LANE ON EPC MODE IN THE STATE OF UTTAR,Road Transport And Highways,,,2024-04,2024-04,1,2,2.0
PRJ_82E7B6A9C228,BAIYYAPPANAHALLI-HOSUR,Railways,,,2024-04,2024-04,1,2,2.0
PRJ_8319F2B46E37,AJANTHA TO BULDHANA,Road Transport And Highways,,,2024-04,2024-04,1,2,2.0
PRJ_8338AEBFDEFC,RAJRAPPA RCE OCP,Coal,,,2024-04,2024-04,1,2,2.0
PRJ_834EADFA2A26,JHANSI BINA DOUBLING,Railways,,,2024-04,2024-04,1,2,2.0
PRJ_837EDCF53BD2,INTERCEPTION AND DIVERSION WORKS WITH STP AT LUCKNOW UTTAR PRADESH,Water Resources,,,2024-04,2024-04,1,2,2.0
PRJ_840A6682E842,RCE OF KAKATHIYAKHANI OC - 2 PROJECT,Coal,,,2024-04,2024-04,1,2,2.0
PRJ_8413C7FFAF5D,SAMBHU KI BHURJ-II SOLAR 300MW,Power,,,2024-04,2024-04,1,2,2.0
PRJ_84757E446925,6L ACCESS CONTROLLED GREENFIELD HIGHWAY FROM NARAYANMPET (CH. 203+500) TO CHANDRASEKHARPURAM (CH. 22,Road Transport And Highways,,,2024-04,2024-04,1,2,2.0
PRJ_850F1F3A6D1A,RECONSTRUCTION WITH GEOMETIC IMPROVEMENT OF SINGLE LANE TO 2- LANE WITH PAVED SHOULDER CONFIGURATION,Road Transport And Highways,,,2024-04,2024-04,1,2,2.0
PRJ_857659BAB7EC,4L OF BAL WORKS OF MAHUVA TO KAGVADAR FROM 100.450 KM. TO 140.470 KM. OF NH-8E,Road Transport And Highways,,,2024-04,2024-04,1,2,2.0
PRJ_8593C88D1480,FOUR LANING OF BAL. WORKS OF BARASAT-KRISHNAGAR FROM KM.48.553 TO KM.115.272,Road Transport And Highways,,,2024-04,2024-04,1,2,2.0
PRJ_86147215C892,6-LANE AMRITSAR-BATHINDA GREENFIELD SECTION OF NH-754A FROM JUNCTION WITH MOGA JALANDHAR ROAD (NH-70,Road Transport And Highways,,,2024-04,2024-04,1,2,2.0
PRJ_861903B0F806,DELHI VADODARA GREENFIELD ALIGNMENT SECTION OF NH 148N PACKAGE 27,Road Transport And Highways,,,2024-04,2024-04,1,2,2.0
PRJ_864A174BE5EB,SEWERAGE SYSTEM AND STP WORKS AT HALISHAHR,Water Resources,,,2024-04,2024-04,1,2,2.0
PRJ_869A5EBE8743,CONSTRUCTION OF FOUR LANE HIGHWAY FROM GHAZIPUR BALLIA UP BIHAR STATE BORDER GREENFIELD SECTION OF N,Road Transport And Highways,,,2024-04,2024-04,1,2,2.0
PRJ_86E4EA65DB08,SURAT METRO RAIL PROJECT,Urban Development,,,2024-04,2024-04,1,2,2.0
PRJ_87074C141402,DEVELOPMENT OF 6 LANE JALANDHAR BYPASS FROM KAHLWAN NATIONAL HIGHWAY 03 DESIGN KM 0.00 ENDING AT K,Road Transport And Highways,,,2024-04,2024-04,1,2,2.0
PRJ_8774C5259C89,6L OF IT CITY CHOWK TO KURALI CHANDIGARH ROAD,Road Transport And Highways,,,2024-04,2024-04,1,2,2.0
PRJ_87BD662C06CD,"CGD PROJECT AT MADURAI, THENI AND VIRUDHNAGAR DISTRICTS",Petroleum,,,2024-04,2024-04,1,2,2.0
PRJ_87C935A96530,REHABILITATION AND UPGRADATION TO 2 LANE WITH PS OF MIRANPUR KATRA TO RADHAITA SECTION OF NH-730C F,Road Transport And Highways,,,2024-04,2024-04,1,2,2.0
PRJ_87E06237ADEF,2L+PS FOR WORK OF NH-325 (BALOTRA TO SANDERAO VIA JALORE) BY CONSTRUCTION OF BYPASSES:(1) ASOTRA- BR,Road Transport And Highways,,,2024-04,2024-04,1,2,2.0
PRJ_87FF8DA6FDEC,4L PS FROM MANDLEM (EXISTING KM. 38.000/DESIGN KM.30.600) TO ATMAKUR (EXISTING KM.73.000/DESIGN KM 6,Road Transport And Highways,,,2024-04,2024-04,1,2,2.0
PRJ_889108F8204A,OPTICAL TRANSPORT NETWORK (OTN) PH-4 IN BSNL,Telecommunications,,,2024-04,2024-04,1,2,2.0
PRJ_88C969071291,CONSTRUCTION OF 4 LANE FLYOVER AT NAGPUR RTO CHOWK TO NAGPUR UNIVERSITY CAMPUS FROM CH 2/250 TO 5/10,Road Transport And Highways,,,2024-04,2024-04,1,2,2.0
PRJ_88D1AFA68D2A,CONSTRUCTION OF STAND ALONE RING ROAD/ BYPASS AROUND JAMMU CITY IN THE STATE OF J AND K ON EPC MODE,Road Transport And Highways,,,2024-04,2024-04,1,2,2.0
PRJ_88F171AB24BA,UTKAL D AND E COAL BLOCK,Mines,,,2024-04,2024-04,1,2,2.0
PRJ_891775161453,CONSTRUCTION OF FOUR LANE HIGHWAY FORM GHAZIPUR BALLIA UP BIHAR STATE BORDER (GREENFIELD) SECTION OF,Road Transport And Highways,,,2024-04,2024-04,1,2,2.0
PRJ_893B3FF0A72F,DEDICATED TEST TRACK FOR RDSO,Railways,,,2024-04,2024-04,1,2,2.0
PRJ_8963AD904E70,MAYLADUTHURAI-THIRUVARUR- KARAIKUDI-THIRU 'PONDI'- AGASTIYAMPALLI,Railways,,,2024-04,2024-04,1,2,2.0
PRJ_8964CE299B8D,DOUBLING OF BORIDAND - AMBIKAPUR,Railways,,,2024-04,2024-04,1,2,2.0
PRJ_899C6CCAEC41,CONSTRUCTION OF HEADQUARTER BUILDING OF CRPF AT LODHI ROAD NEW DELHI,Home Affairs,,,2024-04,2024-04,1,2,2.0
PRJ_8A94E2EFC27F,REHABILITATION AND UP GRADATION OF SECTION FROM KM 107.760 TO KM 129.445 (AFTER MIDDLE STRAIT TO HUM,Road Transport And Highways,,,2024-04,2024-04,1,2,2.0
PRJ_8AD063FF108B,INTEGRATED PARA XYLENE (PX) AND PURIFIED TEREPHTHALIC ACID (PTA) PROJECT AT PARADIP REFINERY,Petroleum,,,2024-04,2024-04,1,2,2.0
PRJ_8ADCC2CEB551,RAJASTHAN REFINERY PROJECT,Petroleum,,,2024-04,2024-04,1,2,2.0
PRJ_8AEC5B7E7378,HALDIA PANAGARH PIPELINE PROJECT,Petroleum,,,2024-04,2024-04,1,2,2.0
PRJ_8AFCCB66C018,NEW BG LINE INTERSECTION (5 NOS) BETWEEN GERATPUR- SANAND & BOTAD-AHMEDABAD (16.51 KM) (PB#29/NR/202,Railways,,,2024-04,2024-04,1,2,2.0
PRJ_8B0D295802E8,PARASNATH-MADHUBAN-GIRIDIH,Railways,,,2024-04,2024-04,1,2,2.0
PRJ_8B487D9DA417,"AIRSIDE CAPACITY ENHANCEMENT OF NSBI AIRPORT, KOLKATA",Civil Aviation,,,2024-04,2024-04,1,2,2.0
PRJ_8BD3DB5899F6,CONSTRUCTION OF 8 LANE DWARKA EXPRESSWAY (NH-248BB PACKAGE IV FROM RAIL OVER BRIDGE (ROB) TILL END P,Road Transport And Highways,,,2024-04,2024-04,1,2,2.0
PRJ_8BE43026B05A,BHUJ-NALIYA(GC) WITH EXTENSION FROM NALIYA TO VAYOR,Railways,,,2024-04,2024-04,1,2,2.0
PRJ_8BF640E669CF,TS FOR EVACUATION POWER FROM REZ IN RAJASTHAN (20GW) UNDER PHASE-III PART B1,Power,,,2024-04,2024-04,1,2,2.0
PRJ_8C002938FC49,FOUR LANNING OF VIKRAVANDI- SETHIYAHOPU FROM KM 0.000 TO KM 60.250(DESIGN CHAINAGE KM 0.000 TO KM 65.,Road Transport And Highways,,,2024-04,2024-04,1,2,2.0
PRJ_8C0790E7F8B9,"CONSTRUCTION OF TWO LANE WITH PAVED SHOULDER FOR FATEHPUR BYPASS, MANDAWA BYPASS AND JHUNJHUNU BYPAS",Road Transport And Highways,,,2024-04,2024-04,1,2,2.0
PRJ_8CA162B1F59C,PCMC NIGDI PROJECT EXTENSION OF CORRIDOR 1 OF PUNE METRO PHASE 1,Urban Development,,,2024-04,2024-04,1,2,2.0
PRJ_8CD9D697512B,SCHEME TO RELIEVE HIGH LOADING OF WR-NR INTER REGIONAL CORRIDOR,Power,,,2024-04,2024-04,1,2,2.0
PRJ_8CDA768A8360,SAMASTIPUR-DARBANGHA,Railways,,,2024-04,2024-04,1,2,2.0
PRJ_8D293DC25AA8,6L ACCESS CONTROLLED GREENFIELD HIGHWAY OF JULEKAL VILLAGE TO DINNEDEVARAPADU VILLAGE FROM KM 242.20,Road Transport And Highways,,,2024-04,2024-04,1,2,2.0
PRJ_8D79A922E233,SIX LANING OF TUTICORIN PORT ROAD SECTION OF NH-7A (NEW NH- 138) FROM KM 0.000 TO KM 6.140 [EFFECTIVE,Road Transport And Highways,,,2024-04,2024-04,1,2,2.0
PRJ_8D86137AFC35,4L BANGALORE-CHENNAI EXPRESSWAY FROM KM. 230.000 TO KM. 261.705 OF KANCHEPURAM TO SRIPERUMBUDUR SECT,Road Transport And Highways,,,2024-04,2024-04,1,2,2.0
PRJ_8D958D48C4A8,BANGALORE METRO RAIL PROJECT LIMITED. PHASE. 2A AND 2B,Urban Development,,,2024-04,2024-04,1,2,2.0
PRJ_8DA621F787DD,AHMEDNAGAR-PARLI VAIJNATH(NL) CR,Railways,,,2024-04,2024-04,1,2,2.0
PRJ_8DF859065899,HUBBALI AIRPORT - CONSTRUCTION OF NEW DOMESTIC TERMINAL BUILDING AND MISCELLANEOUS WORKS,Civil Aviation,,,2024-04,2024-04,1,2,2.0
PRJ_8E17DE7742C6,2LPS OF CHAPRATHIPALEM TO LAMBASINGI SECTION OF NH 516E,Road Transport And Highways,,,2024-04,2024-04,1,2,2.0
PRJ_8E7B513398AB,4L OF KODAD (DESIGN KM 0.00/EXISTING KM 185.00 OF NH-65) TO KHAMMAM (DESIGN KM 31.800/EXISTING KM 29,Road Transport And Highways,,,2024-04,2024-04,1,2,2.0
PRJ_8EBA96AA9530,4-LANNING EXISTING KM 189.700 TO 237.00] HASSAN TO MARANAHALLY,Road Transport And Highways,,,2024-04,2024-04,1,2,2.0
PRJ_8EC81FBEB7B9,VIJAPUR-AMBLIYASAN,Railways,,,2024-04,2024-04,1,2,2.0
PRJ_8F2C0B058372,6L AMRITSAR BATHINDA GREENFIELD SECTION FROM VILLAGE TIBA ON NE 5A TO JN. WITH MOGA JALANDHAR ROAD N,Road Transport And Highways,,,2024-04,2024-04,1,2,2.0
PRJ_8F42B1A531DC,4L OF UJJAIN TO BADNAWAR FROM KM 26.900 TO KM 96.00 OF NH-752D,Road Transport And Highways,,,2024-04,2024-04,1,2,2.0
PRJ_8F77F3AEB413,KODINGAMALI BAUXITE MINES TO SINGARAM RAILWAY STATION,Railways,,,2024-04,2024-04,1,2,2.0
PRJ_8FCCC52C2936,BIKANER SOLAR POWER PROJECT,Power,,,2024-04,2024-04,1,2,2.0
PRJ_8FDAEC6D9382,BALANCE WORK OF REHABILITATION AND UP- GRADATION TO NH-166F FROM MAHAD JUNCTION (AT KM 123/400 ON NH-,Road Transport And Highways,,,2024-04,2024-04,1,2,2.0
PRJ_8FE2B2362923,WIDENING AND STRENTHENING FROM KM 70.15 TO KM 121.025 OF NH-80,Road Transport And Highways,,,2024-04,2024-04,1,2,2.0
PRJ_8FED7EAB80E0,ESTABLISHMENT OF FIBER OPTIC COMMUNICATION SYSTEM IN NR UNDER FIBER OPTIC EXPANSION PROJECT (ADDITIO,Power,,,2024-04,2024-04,1,2,2.0
PRJ_900A3B17BD44,"FATUHA-ISLAMPUR INCL. MM FOR EXTENSION OF NEW LINE FORM BIHARSHARIF-BARBIGHA, DANIYAWAN-BIHARSHARIF,",Railways,,,2024-04,2024-04,1,2,2.0
PRJ_90E968802CCF,DHAMRA HALDIA PIPELINE PROJECT,Petroleum,,,2024-04,2024-04,1,2,2.0
PRJ_90F420B30C92,IMPROVEMENT TO TWO LANE WITH PAVED SHOULDERS OF NH-319A FROM KM 0 TO KM 45 IN STATE OF BIHAR UNDER,Road Transport And Highways,,,2024-04,2024-04,1,2,2.0
PRJ_9123B068F75B,FOUR LANING OF JAMMU-AKHNOOR PKG-1,Road Transport And Highways,,,2024-04,2024-04,1,2,2.0
PRJ_91539FEED0B3,4L GREENFIELD ALIGNMENT FROM KALYANAPUR TO TAL DASHRAHA OF NH-119D,Road Transport And Highways,,,2024-04,2024-04,1,2,2.0
PRJ_9174A71DBE8F,"RAMGANJMUNDI-BHOPAL (NL),WCR",Railways,,,2024-04,2024-04,1,2,2.0
PRJ_91771DB10AA0,REVAMPING OF OLD SUB SYSTEM OF BLAST FURNACE 3 AT BOKARO STEEL PLANT,Steel,,,2024-04,2024-04,1,2,2.0
PRJ_91ACE2CE7329,4-LANING OF LOHA - WARANGA SECTION OF NH-361 FROM KM. 187.800 TO KM. 244.369 (DESIGN LENGTH 56.569 K,Road Transport And Highways,,,2024-04,2024-04,1,2,2.0
PRJ_91B0D15ED726,KHARAGPUR-ADITYAPUR - 3RD LINE,Railways,,,2024-04,2024-04,1,2,2.0
PRJ_920937326A15,SHARDA UG,Coal,,,2024-04,2024-04,1,2,2.0
PRJ_92174A39A8FB,DEVELOPMENT PLAN OF CBM - BOKARO BLOCK,Petroleum,,,2024-04,2024-04,1,2,2.0
PRJ_92C802ECECE4,44 LANE DIVIDED CARRIAGEWAY OF BARMER BYPASS OF NH-15 (NEW NH-68) IN THE STATE OF RAJASTHAN ON EPC M,Road Transport And Highways,,,2024-04,2024-04,1,2,2.0
PRJ_92DDAC1C1128,COMPREHENSIVE SCHEME FOR THE STRENGHTENING OF THE TRANSMISSION AND DISTRIBUTION SYSTEM IN A P,Power,,,2024-04,2024-04,1,2,2.0
PRJ_92E423888AB8,CHANDIGARH-BADDI,Railways,,,2024-04,2024-04,1,2,2.0
PRJ_930804A0D061,"NSCBI AIRPORT KOLKATA: RE- CONSTRUCTION OF RIGID POSITIONS OF SECONDARY RUNWAY, 'K' AND 'A' TAXIWAY",Civil Aviation,,,2024-04,2024-04,1,2,2.0
PRJ_936CA6297343,DALLIRAJHARA - ROWGHAT (95 KM) {PART OF DALLIRAJHARA- JAGDALPUR (235 KM)},Railways,,,2024-04,2024-04,1,2,2.0
PRJ_93D980406D1F,REHABILITATION AND UPGRADATION TO 2-LANE CONFIGURATION OF ASHYARI-SHRI KYARI SECTION (KM 50.000 TO K,Road Transport And Highways,,,2024-04,2024-04,1,2,2.0
PRJ_93DCE0935635,"DAUSA-GANGAPUR CITY(NL),NWR",Railways,,,2024-04,2024-04,1,2,2.0
PRJ_943BB5A211AD,"TRANSMISSION SYSTEM FOR PROVIDING CONNECTIVITY TO RE PROJECTS AT BIKANER (PG), FATEHGARH-II AND BHAD",Power,,,2024-04,2024-04,1,2,2.0
PRJ_94A434117FCC,LAYING OF POL PIPELINES IN COMMON CORRIDOR FOR PROPOSED GRASS ROOT TERMINAL AT VALLUR,Petroleum,,,2024-04,2024-04,1,2,2.0
PRJ_94D6AF711172,GOMOH - FLYOVER FOR DOWN TRAINS,Railways,,,2024-04,2024-04,1,2,2.0
PRJ_94F00E0CCF0E,6L ACCESS CONTROLLED HIGHWAY FROM JN WITH JAITPUR PUSHTA ROAD TO JN WITH SECTOR 62/65 DIVIDING ROAD,Road Transport And Highways,,,2024-04,2024-04,1,2,2.0
PRJ_950875B07218,4L OF MIRZA CHAUKI TO FARKKA SECTION OF NH80 FROM KM 215.00 TO KM 260.00 ON HAM MODE IN THE STATE OF,Road Transport And Highways,,,2024-04,2024-04,1,2,2.0
PRJ_951F7B07D268,MHN TCPP PGC BGC PROJECT,Petroleum,,,2024-04,2024-04,1,2,2.0
PRJ_9521B8CA5540,PELMA OCP,Coal,,,2024-04,2024-04,1,2,2.0
PRJ_9548FBAAE2FB,R and D CAMPUS II AT FARIDABAD,Petroleum,,,2024-04,2024-04,1,2,2.0
PRJ_9570F930BB0B,4-LANING OF DERGAON TOWN,Road Transport And Highways,,,2024-04,2024-04,1,2,2.0
PRJ_95AC60228933,DEVELOPMENT OF 6L UER-II (PACKAGE-I) (NH-1 NEAR BAKOLI TILL KARALA KANJHAWALA ROAD) FROM KM. (-)0.70,Road Transport And Highways,,,2024-04,2024-04,1,2,2.0
PRJ_95D50D947339,UP GRADATION OF NH 130C ABHANPUR TO PAUND FROM NK KM 0.000 TO KM. 40.380 TO TWO LANE WITH PAVED SHOU,Road Transport And Highways,,,2024-04,2024-04,1,2,2.0
PRJ_95E96DFF2B4A,CONSTRUCTION OF FOUR LANE GREENFIELD PROJECT OF DELHI- AMRITSAR-KATRA EXPRESSWAY (PHASE-I PKG-IV) FRO,Road Transport And Highways,,,2024-04,2024-04,1,2,2.0
PRJ_95FE9BEA4AD8,2 LANE WITH PAVED SHOULDER FROM KM 399.00 TO KM 430.00 OF KARANPARYAG TO CHAMOLI UNDER CHARDHAM PARI,Road Transport And Highways,,,2024-04,2024-04,1,2,2.0
PRJ_960F91937362,KARAIKAL - PERALAM NEW LINE (MM OF TIRUCHCHIRAPPALLI-NAGORE- KARAIKAL),Railways,,,2024-04,2024-04,1,2,2.0
PRJ_974A14C8436F,"GRASS ROOT RAIL FED DEPOT AT SEKERKOTE, AGARTALA AS RESITEMENT OF EXISTING DHARMANAGAR DEPOT",PETROLEUM,IOCL,TRIPURA,2024-06,2024-06,1,2,2.0
PRJ_9780FC18C762,CHHAL OC SEAM -III,Coal,,,2024-04,2024-04,1,2,2.0
PRJ_9788E52890EE,SAIDPUR SEWER NETWORK PATNA,Water Resources,,,2024-04,2024-04,1,2,2.0
PRJ_97C3E4562570,4 LANING OF BATHALAPALLI TO MUDIGUBBA SECTION (DESIGN CHAINAGE KM. 96.300 TO 129.300) INCLUDING BATH,Road Transport And Highways,,,2024-04,2024-04,1,2,2.0
PRJ_97C9EBD45C35,CONSTRUCTION OF STRR (WEST SIDE)-NH948A-BALAGONDAPALLI (TAMIL NADU) TO KARNATAKA/TAMIL NADU BORDER F,Road Transport And Highways,,,2024-04,2024-04,1,2,2.0
PRJ_97CF01BC04C0,"CONSTRUCTION OF AIIMS AT JAMMU VIJAYPUR, SAMBA JAMMU AND KASHMIR",Health And Family Welfare,,,2024-04,2024-04,1,2,2.0
PRJ_9819BB78EB2C,NORTH EASTERN REGION POWER SYSTEM IMPROVEMENT PROJECT (NERPSIP) FOR SIX (6) STATES,Power,,,2024-04,2024-04,1,2,2.0
PRJ_98E47AD83AC0,RENIGUNTA WADI GOOTY - BYPASS,Railways,,,2024-04,2024-04,1,2,2.0
PRJ_9932CD31846E,CONSTRUCTION OF TWO LANE WITH HARD SHOULDERS OF MERANGKONG-TAMLU-MON ROAD FROM EXISTING KM 41.065 TO,Road Transport And Highways,,,2024-04,2024-04,1,2,2.0
PRJ_9957C104D389,TRANSMISSION SYSTEM FOR KURNOOL WIND ENERGY ZONE SOLAR ENERGY ZONE (AP) PART-A PART B,Power,,,2024-04,2024-04,1,2,2.0
PRJ_99AD1E3F32FA,CONSTRUCTION OF 4 LANE ROB WITH APPROACHES IN LIEU OF LC NO. RV-172 AT KM 176.00 OF NH-201 (PRESENT,Road Transport And Highways,,,2024-04,2024-04,1,2,2.0
PRJ_99CC8D9A9587,ADDITIONAL INFRASTRUCTURE AT IISC BANGALORE SH RCC MONOLITHIC FOR MEN WOMEN HOSTEL,Department Of Higher Education,,,2024-04,2024-04,1,2,2.0
PRJ_99CDB1C6F3FD,RCE OF KALYANIKHANI OPENCAST PROJECT,Coal,,,2024-04,2024-04,1,2,2.0
PRJ_99DBEF3FE6F0,"C/o separate family accommodation (Phase-I) on EPC basis for SSB at Faridabad (Haryana)""",Home Affairs,,,2024-04,2024-04,1,2,2.0
PRJ_9A0AE8B07ECA,4TH LINE - BHATAPARA-HATHBAND (8.8 KM) (PB#72/NR/2022-23),Railways,,,2024-04,2024-04,1,2,2.0
PRJ_9A9EDEA4E8AE,2L+PS FROM KM. 0+000 TO KM. 32+000 (MUDIGUBBA TO PUTTAPARTHI) OF NH-342,Road Transport And Highways,,,2024-04,2024-04,1,2,2.0
PRJ_9AADC10D606E,RANIGANJ MASTER PLAN,Coal,,,2024-04,2024-04,1,2,2.0
PRJ_9B14493181A5,PETROCHEMICAL AND LUBE INTEGRATION PROJECT AT GUJARAT REFINERY,Petroleum,,,2024-04,2024-04,1,2,2.0
PRJ_9B1E2223BC9E,UP GRADATION OF NH 930 SHERPAR TO KOHKA FROM KM 67.880 TO KM 114.860 TO TWO LANE WITH PAVED SHOULDER,Road Transport And Highways,,,2024-04,2024-04,1,2,2.0
PRJ_9B68FFA1C5B7,GARHWA ROAD - RAIL OVER RAIL,Railways,,,2024-04,2024-04,1,2,2.0
PRJ_9B8F28BC3B06,FOUR LANING OF NERALURU TO THORAPALLI AGRAHARAM SECTION OF NH-844 (PKG-I) FROM KM.0+000 TO KM.23+350,Road Transport And Highways,,,2024-04,2024-04,1,2,2.0
PRJ_9B9C248B5C27,FOUR LANING OF KHAJURI TO WYNDHAMGANJ FROM KM 219.600 TO KM 260.483 ON NH-75 PKG SEC-V ON HAM,Road Transport And Highways,,,2024-04,2024-04,1,2,2.0
PRJ_9BC49CDF30A9,CONSTRUCTION OF FOUR LANE ROB AND ITS APPROACHES IN LIEU OF EXISTING LEVEL CROSSING NO. RV-71 AT KM,Road Transport And Highways,,,2024-04,2024-04,1,2,2.0
PRJ_9BDE7E621CC0,FOUR LANING OF JITTANDAHALLI TO DHARMAPURI SECTION OF NH-844 (PKG-III) FROM KM.60+100 TO KM.94+460,Road Transport And Highways,,,2024-04,2024-04,1,2,2.0
PRJ_9BE2E8A75A9E,6L WITH ACCESS CONTROL PROVISION SAHARANPUR BYPASS TO GANESHPUR SECTION FROM 13.89 KM TO 41.820 KM O,Road Transport And Highways,,,2024-04,2024-04,1,2,2.0
PRJ_9BEE4C630A69,AKOLA TO AKOT,Road Transport And Highways,,,2024-04,2024-04,1,2,2.0
PRJ_9BFBF51C8035,NATHDWARA-NEW NATHDWARA NEW LINE ( MM OF AJMER- CHITTAURGARH-UDAIPUR),Railways,,,2024-04,2024-04,1,2,2.0
PRJ_9C9BF56A8493,ANUPPUR-KATNI,Railways,,,2024-04,2024-04,1,2,2.0
PRJ_9CF7E74D8AC6,UPGRADATION OF DINDORI- SAGARTOLA-KABICHABUTRA (MP- CG BORDER) SECTION OF NH -45 FROM KM 0+00,(TOTAL LENGTH 20.60 KM),,,2024-04,2024-04,1,2,2.0
PRJ_9CFB2B3C0CF6,NAHATI - RANAGHAT 3RD LINE (MM OF KALINARAYANPUR - KRISHNANAGAR),Railways,,,2024-04,2024-04,1,2,2.0
PRJ_9D79DFDAFD41,CONSTRUCTION OF NEW 4 LANE BRIDGE OVER RIVER GANGA AT DOWNSTREAM OF FARAKKA BARRAGE INCLUDING APPROA,Road Transport And Highways,,,2024-04,2024-04,1,2,2.0
PRJ_9D7E0DA4EE8A,AMRITSAR AIRPORT JUNCTION RAMDAS FROM KM. 100.835 TO KM. 139.813 PKG IV,Road Transport And Highways,,,2024-04,2024-04,1,2,2.0
PRJ_9D93C43633AC,"CONSTRUCTION OF SIX LANE FLYOVER AT KATRAJ JUNCTION AT KM, 3/880 OF NH 548-DD (VADGAON - KATRAJ - KO",Road Transport And Highways,,,2024-04,2024-04,1,2,2.0
PRJ_9DA7121A1296,RPR OF HINGULA -II EXPANSION PH- III,Coal,,,2024-04,2024-04,1,2,2.0
PRJ_9DC9FC998702,6L ACCESS CONTROLLED GREENFIELD HIGHWAY FROM POLAVARAM (CH. 260+000) TO MARRIPUDI (CH. 285+500) OF [,Road Transport And Highways,,,2024-04,2024-04,1,2,2.0
PRJ_9E2D590A2CB1,CONSTRUCTION OF 318 MLD WWTP WITH 10 YEARS O AND M AT CORONATION PILLAR DELHI,Water Resources,,,2024-04,2024-04,1,2,2.0
PRJ_9E461E4B95AD,4LBERKHEDI TO GODPEHRA NH-44,Road Transport And Highways,,,2024-04,2024-04,1,2,2.0
PRJ_9EB086509A46,"FOUR LANING OF SOLAN- KAITHLIGHAT SECTION OF NH-22 (NOW NH-5) FROM KM 106.139 TO KM 129.050, ON EPC M",Road Transport And Highways,,,2024-04,2024-04,1,2,2.0
PRJ_9EBF6CFD85F3,6L OF KAGAL-SATARA SECTION FROM KM 592.240 TO KM 658.000 OF NH-48,Road Transport And Highways,,,2024-04,2024-04,1,2,2.0
PRJ_9EC49D28A30A,CONSTRUCTION OF PERMANENT CAMPUS OF IIM JAMMU,Department Of Higher Education,,,2024-04,2024-04,1,2,2.0
PRJ_9ED1E4226548,DHAULASIDH HYDROELECTRIC PROJECT,Power,,,2024-04,2024-04,1,2,2.0
PRJ_9ED9D4C3553C,"INTERCEPTION, DIVERSION AND TREATMENT WORKS AT HOWRAH",Water Resources,,,2024-04,2024-04,1,2,2.0
PRJ_9EFB7FA288C1,6-LANING OF VIJAYAWADA BYPASS FROM CHINNA AVUTUPALLI (DESIGN CH.0+000) TO GOLLAPUDI (DESIGN CH. 30+0,Road Transport And Highways,,,2024-04,2024-04,1,2,2.0
PRJ_9F2119D0D20B,TALCHER THERMAL POWER PROJECT STAGE III,Power,,,2024-04,2024-04,1,2,2.0
PRJ_9F3D973463D2,"CONSTRUCTION OF NEW DORNESTIC TERMINAL BUILDING AND OTHER STRUCTURES, PHASE I AND II",Civil Aviation,,,2024-04,2024-04,1,2,2.0
PRJ_9F8717E40B0E,4-LANNING OF NH17 AND NEW NO. NH66 FROM KM 161/600 TO 205/400 UNDER HYBRID ANNUITY MODE,Road Transport And Highways,,,2024-04,2024-04,1,2,2.0
PRJ_9FB4B767EE0D,JAGANNATHPUR OC RCE,Coal,,,2024-04,2024-04,1,2,2.0
PRJ_9FBB38C5641C,GADAG-WADI NL,Railways,,,2024-04,2024-04,1,2,2.0
PRJ_9FD924F58308,Chinnasalem-Kallakurichi New Line (MM of cuddalore- Salem 191 KM),Railways,,,2024-04,2024-04,1,2,2.0
PRJ_A008DDCE61B2,CONSTRUCTION OF ROB AND ITS APPROACHES IN LIEU OF UNMANNED LEVEL CROSSING AT KM 303.9 ON NH-60 (PAND,Road Transport And Highways,,,2024-04,2024-04,1,2,2.0
PRJ_A03CE8787496,SIDULI MINE,Coal,,,2024-04,2024-04,1,2,2.0
PRJ_A057DADE5CB3,NEW SINTER PLANT AT BOKARO STEEL PLANT,Steel,,,2024-04,2024-04,1,2,2.0
PRJ_A071291E4B4D,CONSTRUCTION OF 6- LANE BRIDGE AND ITS APPROACHES ACROSS RIVER GANGA AS PART OF PATNA RING ROAD (NH-,Road Transport And Highways,,,2024-04,2024-04,1,2,2.0
PRJ_A0A6D0C8805C,4L GREENFIELD SPUR FROM DELHI- VADODARA GREENFIELD EXPRESSWAY NEAR BANDIKUI TO JAIPUR,Road Transport And Highways,,,2024-04,2024-04,1,2,2.0
PRJ_A0E773A7FDDC,JAMPALI OCP RCE,Coal,,,2024-04,2024-04,1,2,2.0
PRJ_A108593066AD,FOUR LANINIG OF CHETTIKULAM TO NATHAM SECTION OF NH-785 FROM CHETTIKULUM (KM 7.300) TO NATHAM (KM. 3,Road Transport And Highways,,,2024-04,2024-04,1,2,2.0
PRJ_A11AE8BEC8CD,CONSTRUCTION OF PERMANENT CAMPUSES OF CENTRAL UNIVERSITY OF HIMACHAL PRADESH AT DEHRA AND DHARAMSHAL,Department Of Higher Education,,,2024-04,2024-04,1,2,2.0
PRJ_A18D8525B368,4L OF SUHAGADI TO BARDIYA AMRA FROM KM. 89.200 TO KM. 135.351 OF NH-752D,Road Transport And Highways,,,2024-04,2024-04,1,2,2.0
PRJ_A1C5906113ED,NORTH EAST GAS GRID,Petroleum,,,2024-04,2024-04,1,2,2.0
PRJ_A1D683141FAD,4- LANING OF ROHTAK-JIND SECTION FROM KM. 307+000 TO KM. 347+800 OF NH-71 AND CONNECTING LINK FROM K,Road Transport And Highways,,,2024-04,2024-04,1,2,2.0
PRJ_A1D863756C84,KATNI BYPASS FROM KM. 359.50 TO KM. 378.50,(TOTAL LENGTH 20.60 KM),,,2024-04,2024-04,1,2,2.0
PRJ_A1EA07F37959,"CGD PROJECT AT BEED, JALGAON AND JALNA DISTRICTS",Petroleum,,,2024-04,2024-04,1,2,2.0
PRJ_A1FE07A8D95E,MPLS-IP BASED ACCESS AND AGGREGATION NETWORK (MAAN) IN BSNL ALONG WITH TEST AND MEASURING EQUIPMENT,Telecommunications,,,2024-04,2024-04,1,2,2.0
PRJ_A24A83B85B76,BHANDAI - FLYOVER FOR ETAWAH BOUND DOWN TRAINS,Railways,,,2024-04,2024-04,1,2,2.0
PRJ_A2A4C0600894,6L ACCESS CONTROL GREENFIELD HIGHWAY OF VILL-KARAUNDA MAHAJAN TO VILL-KHYAWARI FROM KM. 56.500 TO K,Road Transport And Highways,,,2024-04,2024-04,1,2,2.0
PRJ_A2BD16C25C6F,BHARATMALA PARIYOJANA OF BOKARO JAINA MORE - GOLA SECTION OF NH-320 FROM KM. 21.110 TO KM. 53.600 IN,Road Transport And Highways,,,2024-04,2024-04,1,2,2.0
PRJ_A3834BE32EA7,4L OF BEAS-MEHTA-BATALA-DERA BABA NANAK FROM INTERSECTION WITH JALANDHAR-AMRITSAR HIGHWAY (NH-3) NEA,Road Transport And Highways,,,2024-04,2024-04,1,2,2.0
PRJ_A41A26409E1C,FOUR LANÌNG OF PUDUCHERRY (KM.29/000) TO POONDIYANKUPPAM (KM.67/000) SECTION OF NH-45A ON HAM UNDER,Road Transport And Highways,,,2024-04,2024-04,1,2,2.0
PRJ_A427FA302423,4-LANNING OF HARIDWAR-NAGINA SECTION OF NH 74 FROM (KM 204.300 OF NH 58) TO KM 73.00,Road Transport And Highways,,,2024-04,2024-04,1,2,2.0
PRJ_A42B076639E0,4L MEDINIPUR TO BALLUPUR FROM KM. 458.65 TO KM. 487.65 OF NH- 07,Road Transport And Highways,,,2024-04,2024-04,1,2,2.0
PRJ_A45BFAB13266,FOUR LANING OF SATTANATHAPURAM (KM.123/800) TO NAGAPATTINAM (KM.179/555) SECTION OF NH-45A ON HAM UN,Road Transport And Highways,,,2024-04,2024-04,1,2,2.0
PRJ_A47BA52C2E9C,INTERCEPTION AND DIVERSION WORKS AND STP AT MUZAFFARNAGAR UTTAR PRADESH,Water Resources,,,2024-04,2024-04,1,2,2.0
PRJ_A4ECAAEF098E,CONSTRUCTION OF TWO NOS GIRLS HOSTELS AND ONE NO BOYS HOSTEL OF 500 CAPACITY EACH G PLUS 8 STOREYED,Department Of Higher Education,,,2024-04,2024-04,1,2,2.0
PRJ_A518C72593CA,INDIA INTERNATIONAL CONVENTION AND EXPO CENTRE,Dpiit,,,2024-04,2024-04,1,2,2.0
PRJ_A54212D9E523,JHAJHA - BATIA (UMBRELLA WORK PB#23/2018-19/NR),Railways,,,2024-04,2024-04,1,2,2.0
PRJ_A5601F2F4E22,BARAUNI REFINERY CAPACITY EXPANSION FROM 6.0 TO 9.0 MMTPA,Petroleum,,,2024-04,2024-04,1,2,2.0
PRJ_A598F88C4AC5,AMERA OC RCE,Coal,,,2024-04,2024-04,1,2,2.0
PRJ_A59FCB40FC4A,WIDENING AND STRENGTHENING OF EXISTING PAVEEMNT TO TWO LANE WITH PAVED SHOULDERS FROM KM 116.00 TO K,Road Transport And Highways,,,2024-04,2024-04,1,2,2.0
PRJ_A5AA37FE4B90,EPR TAPIN SOUTH OCP,Coal,,,2024-04,2024-04,1,2,2.0
PRJ_A5E10B81E60D,ANTA SOLAR 90 MW,Power,,,2024-04,2024-04,1,2,2.0
PRJ_A5E44EB83D8E,CONSTRUCTION OF 4 LANE ELEVATED VIADUCT AT KM. 7.500 MUNSHI PULIA OF NH-24A,Road Transport And Highways,,,2024-04,2024-04,1,2,2.0
PRJ_A60FCA5B5B22,"CGD PROJECT AT KHAGARIA, SAHARSA AND MADHEPURA",Petroleum,,,2024-04,2024-04,1,2,2.0
PRJ_A632F03F35C6,BALANCE WORK OF 4L OF INDORE- GUJARAT/MP BORDER FROM KM 106.210 TO KM 115.250 (START AND END POINT OF,Road Transport And Highways,,,2024-04,2024-04,1,2,2.0
PRJ_A67A7D643FB9,REHABILITATION AND UPGRADING TO 2 LANES/2 LANE WITH PAVED SHOULDERS CONFIGURATION OF BIRPUR - BIHPUR,Road Transport And Highways,,,2024-04,2024-04,1,2,2.0
PRJ_A6983552DE25,AUGMENTATION OF FACILITIES AT THE EXISTING RAIPUR DEPOT,Petroleum,,,2024-04,2024-04,1,2,2.0
PRJ_A6F014AC2BAB,REPLACEMENT AND EXTENSION OF JETTY PIPELINES AT KOCHI REFINERY,Petroleum,,,2024-04,2024-04,1,2,2.0
PRJ_A7A74F4F8F5C,BANGALORE CHENNAI EXPRESSWAY PHASE-III – PACKAGE I (GUDIPALA TO WALAJAJHPET) FROM KM 156.000 TO KM 1,Road Transport And Highways,,,2024-04,2024-04,1,2,2.0
PRJ_A7E0008BD5A3,CONSTRUCTION OF NEW 4 LANE PRAYAGRAJ SOUTHERN BYPASS (PHASE-I) FROM DESIGN KM 43+200 (AT MAHUWARI VI,Road Transport And Highways,,,2024-04,2024-04,1,2,2.0
PRJ_A7E5320585B5,ANAND GODHRA DOUBLING PROJECT 79 KMS,Railways,,,2024-04,2024-04,1,2,2.0
PRJ_A7FAC839F7D7,UPGRADATION AND STRENGTHENING TO 2 LANE PS FROM KM 95/500 TO KM 129/775 OF NH 168 G IDAR BHILODA SA,Road Transport And Highways,,,2024-04,2024-04,1,2,2.0
PRJ_A853B053E69F,PLANNIN ENGINEERING SUPPLY INSTALLATION TESTING COMMISSIONING INTEGARTION and ANNUAL MAINTENANCE OF,Telecommunications,,,2024-04,2024-04,1,2,2.0
PRJ_A854EE3BE6C2,TRANSMISSION SYSTEM STRENGTHENING FOR SRINAGAR- LEH TRANSMISSION SYSTEM,Power,,,2024-04,2024-04,1,2,2.0
PRJ_A8C6E8A5BBDF,NEW BG LINE BETWEEN NALIYA- JAKHAU PORT,Railways,,,2024-04,2024-04,1,2,2.0
PRJ_A925A234E3E9,BELLORA-NAIGAON DEEP OC,Coal,,,2024-04,2024-04,1,2,2.0
PRJ_A93797A12A47,HIMMATNAGAR-KHEDBRAHMA,Railways,,,2024-04,2024-04,1,2,2.0
PRJ_A99BF4E6EE0B,2-LANE WITH PS OF BEWAR TO NEAR KARRI VILLAGE SECTION OF NH-92 FROM KM.0.00 TO 30.00 UNDER GNHCP,Road Transport And Highways,,,2024-04,2024-04,1,2,2.0
PRJ_A9D90804D765,BARH STPP(3X660MW) NTPC,Power,,,2024-04,2024-04,1,2,2.0
PRJ_A9E3F0260EE7,2L+PS FROM KM 148/170 TO 211 /100 (DEVAL- DUNGARPUR-HIRATA - VARDA-SAGWARA) SECTION OF NH- 927A. PKG-,Road Transport And Highways,,,2024-04,2024-04,1,2,2.0
PRJ_A9F2DD253B30,BALANCE WORK FOR FOUR LANING OF ITARSI TO BETUL SECTION OF NH69 FROM KM 63.000 TO KM 137.00 (DESIGN,Road Transport And Highways,,,2024-04,2024-04,1,2,2.0
PRJ_AA1BC9B863EF,CONSTRUCTION AND UPGRADATION OF EXISTING ROAD TO 2 LANE WITH PAVED SHOULDER FROM KM 368.00 TO KM 399,Road Transport And Highways,,,2024-04,2024-04,1,2,2.0
PRJ_AA5DCE4025D3,SAONER UG MINE I EXPANSION,Coal,,,2024-04,2024-04,1,2,2.0
PRJ_AA9C1B084D25,4-LANNING OF WARANGA- MAHAGAON SECTION(KM 253.7000 TO 320.580),Road Transport And Highways,,,2024-04,2024-04,1,2,2.0
PRJ_AAB6D9A66BF2,"CONSTRUCTION OF NEW INTEGRATED TERMINAL BUILDING,",Civil Aviation,,,2024-04,2024-04,1,2,2.0
PRJ_AB1E3B5A64CF,KUSMUNDA EXPN.OCP(SECL)(15- 50)MTY,Coal,,,2024-04,2024-04,1,2,2.0
PRJ_AB28605E40DE,4L GREENFIELD A. MALOUT BYPASS FROM CH. KM 44.500 TO CH. KM 35.500 ON NH-07 AND CH. KM 0.000 TO KM 6,Road Transport And Highways,,,2024-04,2024-04,1,2,2.0
PRJ_AB32AF586CD5,UPGRADATION OF NASRULLAGANI- REHTI-BUDHNI SCCTION TO 2-LANE WITH PAVED SHOULDER FROM KM 0+150 TO KM,(TOTAL LENGTH 20.60 KM),,,2024-04,2024-04,1,2,2.0
PRJ_AB8E0ECE34CF,REVAMPING OF FACILITIES AT VIZAG TERMINAL,Petroleum,,,2024-04,2024-04,1,2,2.0
PRJ_ABD7C30774FF,4L OF PILERU TO KALUR SECTION FROM KM 55.900 TO KM 92.800 AND KM 94.500 TO KM 95.717,Road Transport And Highways,,,2024-04,2024-04,1,2,2.0
PRJ_AC05DB31AE7C,4L OF HP/PUNJAB BO4L OF HP/PUNJAB BORDER - MO FROM KM. 11.00 TO KM. 42.00 OF OLD NH-20,Road Transport And Highways,,,2024-04,2024-04,1,2,2.0
PRJ_AC35EEE9F25D,BASUNDHARA (WEST) OC EXTN,Coal,,,2024-04,2024-04,1,2,2.0
PRJ_AC3752B27217,"C/O RESIDENTIAL COMPLEX BUILDING FOR CENTRAL BOARD OF INDIRECT TAXES AND CUSTOMS AT SECTOR-9, DWARKA",Finance,,,2024-04,2024-04,1,2,2.0
PRJ_AC39EB07B8A0,JHANSI MANIKPUR AND KHAIRAR BHIMSEN DOUBLING,Railways,,,2024-04,2024-04,1,2,2.0
PRJ_AC65BF875344,BHATNI - AUNRIHAR WITH ELECTRIFICATION (125 KM) (EXCL INDARA - MAU (116.95 KM)),Railways,,,2024-04,2024-04,1,2,2.0
PRJ_AC85A218B548,MANMAD - JALGAON - 3RD LINE,Railways,,,2024-04,2024-04,1,2,2.0
PRJ_AD4F2659465D,IMPLEMENTATION OF 500 MVAR THYRISTOR CONTROLLED REACTOR AT KURUKSHETRA,Power,,,2024-04,2024-04,1,2,2.0
PRJ_AD66E4201AE0,TS FOR EVACUATION POWER FROM REZ IN RAJASTHAN (20GW) UNDER PHASE-III PART H,Power,,,2024-04,2024-04,1,2,2.0
PRJ_ADC26F74FCFC,MUMBAI METRO LINE 3,Urban Development,,,2024-04,2024-04,1,2,2.0
PRJ_AE23AF5719CA,FOUR LANING OF MUNGER TO MIRZACHAUKI (NH-80) SECTION FROM NEAR RASULPUR TO MIRZACHAUKI (DESIGN CH,Road Transport And Highways,,,2024-04,2024-04,1,2,2.0
PRJ_AE3BEA3AE6A7,DEVELOPMENT OF AYODHYA AIRPORT PHASE-01,Civil Aviation,,,2024-04,2024-04,1,2,2.0
PRJ_AE9A031D8E22,3RD LINE BETWEEN DHANBAD SONNAGAR,Railways,,,2024-04,2024-04,1,2,2.0
PRJ_AECC5AD86046,SASTI EXPANSION OC,Coal,,,2024-04,2024-04,1,2,2.0
PRJ_AF5AC1B4CA87,"SHAHGANJ-BHATNI-PHEPHNA- INDARA, MAU-SHAHGANJ (EXCL. MAU-INDARA) PATCH DOUBLING.",Railways,,,2024-04,2024-04,1,2,2.0
PRJ_AF5B947F7BE0,TWO-LANNING WITH PAVED SHOULDER OF MAHSHKUNT- SAHARSA-PURNEA SECTION FROM EXISTING KM.89.020 (DESIGN,Road Transport And Highways,,,2024-04,2024-04,1,2,2.0
PRJ_AF62CC17851B,CONSTRUCTION OF KUND BYPASS FROM EXISTING KM 33+130 TO KM 41+260 (EXISTING LENGTH: 8.130 KM); DESIGN,Road Transport And Highways,,,2024-04,2024-04,1,2,2.0
PRJ_AF903173EC77,CONSTRUCTION OF (I) 4-LANE HIGHWAY FROM VIDISHA TO HINOTIYA FROM KM. 0.000 TO KM. 27.000 (LENGTH=27,Road Transport And Highways,,,2024-04,2024-04,1,2,2.0
PRJ_B02257BDBA3F,DEVANGONTHI MARKETING TERMINAL,Petroleum,,,2024-04,2024-04,1,2,2.0
PRJ_B05C12314EC0,FOUR LANING OF THORAPALLI AGRAHARAM TO JITTANDAHALLI SECTION OF NH-844 (PKG-II) FROM KM.23+350 TO KM,Road Transport And Highways,,,2024-04,2024-04,1,2,2.0
PRJ_B091D389CFCA,"EXTENSION OF TERMINAL BUILDING, PTT, APRON AND CAR PARK AT SURAT AIRPORT.",Civil Aviation,,,2024-04,2024-04,1,2,2.0
PRJ_B0B3565B4DDF,CONSTRUCTION OF JASRA BYPASS WITH FOUR LANE PAVED SHOULDER CONFIGURATION FROM KM. 379.670 ON NH-76 (,Road Transport And Highways,,,2024-04,2024-04,1,2,2.0
PRJ_B10EB91FA8F2,4L+PS OF RAS-BEAWAR SECTION (KM 0.00 TO KM 30.00) OF NH-158 (GNHCP) WORLD BANK. PKG-I.,Road Transport And Highways,,,2024-04,2024-04,1,2,2.0
PRJ_B17F3A82362A,4 LANING OF JAGADHRI TAJEWALA ROAD SECTION OF NH 907 (OLD NH 73A) UNDER NH(O) (PKG 1) IN THE STATE O,Road Transport And Highways,,,2024-04,2024-04,1,2,2.0
PRJ_B1D8AC92122B,SAMLAYA-TIMBA ROAD,Railways,,,2024-04,2024-04,1,2,2.0
PRJ_B1F039CB895E,CONSTRUCTION OF EIGHT LANE EXPRESSWAY STARTING AT CH. 47+000 NEAR KHANPUR GHATI AND ENDS AT HARYANA,Road Transport And Highways,,,2024-04,2024-04,1,2,2.0
PRJ_B25F629C0ABA,"EXTENSION OF RUNWAY WITH BLAST PAD, RESA, TAXIWAY, APRON, GSE AREA, ISOLATION BAY, NEW DOMESTIC TERM",Civil Aviation,,,2024-04,2024-04,1,2,2.0
PRJ_B2C69B3B26B8,BANGALORE CHENNAI EXPRESSWAY PHASE-III PACKAGE III (ARAKKONAM TO KANCHEEPURAM) FROM KM 204.500 TO K,Road Transport And Highways,,,2024-04,2024-04,1,2,2.0
PRJ_B2D1601C27E2,SANCHORE - SANTALPUR FROM KM 67.000- KM 99.000 OF NH-754K,Road Transport And Highways,,,2024-04,2024-04,1,2,2.0
PRJ_B30975781F89,FOUR LANING OF UDHAMBUR - RAMBAN SECTION OF NH-1A,Road Transport And Highways,,,2024-04,2024-04,1,2,2.0
PRJ_B30AE82ABACE,CONSTRUCTION OF FOUR LANE GREENFIELD PROJECT OF DELHI- AMRITSAR-KATRA EXPRESSWAY (PHASE-I PKG-III) F,Road Transport And Highways,,,2024-04,2024-04,1,2,2.0
PRJ_B336756C8AD7,EXTENSION OF EXISTING INTEGRATED TERMINAL BUILDING AND ALLIED WORKS AT GOA AIRPORT.,Civil Aviation,,,2024-04,2024-04,1,2,2.0
PRJ_B3BF87BA4C76,"CONSTRUCTION OF PERMANENT CAMPUS FOR INDIAN INSTITUTE OF TECHNOLOGY, DHARWAD",Department Of Higher Education,,,2024-04,2024-04,1,2,2.0
PRJ_B4560E631650,STP AT PANKHA KANPUR AND INTEGRATION WITH EXISTING STPS,Water Resources,,,2024-04,2024-04,1,2,2.0
PRJ_B4F7B0F8CA15,NEW MAJARI UG TO OC,Coal,,,2024-04,2024-04,1,2,2.0
PRJ_B5AEBDB452E2,BALANCE WORK - WB-10 (GANDAK BRIDGE) KM 402.00 TO KM 440.00,Road Transport And Highways,,,2024-04,2024-04,1,2,2.0
PRJ_B5CE896708E3,EXECUTION OF RAIL CONNECTIVITY PROJECT FOR COAL TRANSPORTATION IN ODISHA FOR MCRL,Railways,,,2024-04,2024-04,1,2,2.0
PRJ_B5E355924307,CONSTRUCTION OF 726 Nos RESIDENTIAL QUARTERS CHENNAI,Finance,,,2024-04,2024-04,1,2,2.0
PRJ_B621EBF075C1,SIRKA OCP,Coal,,,2024-04,2024-04,1,2,2.0
PRJ_B6D20370E51D,CONSTRUCTION OF NEW 4 LANE PRAYAGRAJ SOUTHERN BYPASS FROM DESIGN KM 50.860 (NABABA URF NIBI KALA UPA,Road Transport And Highways,,,2024-04,2024-04,1,2,2.0
PRJ_B6DB480638F2,SIX LANNING FROM KM. 401.200 TO 494.410 OF NH-8 ON HYBRID ANNUITY MODE UNDER NHDP- V(PKG VI)REG.,Road Transport And Highways,,,2024-04,2024-04,1,2,2.0
PRJ_B6FE569FCD2E,AUGMENTATION OF FACILITIES AT MATHURA BITUMEN PLANT,Petroleum,,,2024-04,2024-04,1,2,2.0
PRJ_B719A9C1ECAE,CGD PROJECTS AT THE NILGIRIS AND ERODE DISTRICTS,Petroleum,,,2024-04,2024-04,1,2,2.0
PRJ_B7C2FBD22FEC,2L PS OF SATNA - MAIHAR SECTION OF NH-135BG FROM KM 80.800 TO KM 120.125,Road Transport And Highways,,,2024-04,2024-04,1,2,2.0
PRJ_B81D7908C39F,"REVAMPING OF SV STATIONS, GAS TERMINAL AND KRIBHCO TERMINAL",Petroleum,,,2024-04,2024-04,1,2,2.0
PRJ_B89170FD860E,BHANUPALI-BILASPUR BERI NL,Railways,,,2024-04,2024-04,1,2,2.0
PRJ_B8956110A97F,4L OF INDORA CHOWK TO PACHPAOLI AND AGRASEN CHOWK - ASHOKA CHOWK,Road Transport And Highways,,,2024-04,2024-04,1,2,2.0
PRJ_B8EB221D03D9,KIUL - GAYA DOUBLING PROJECT,Railways,,,2024-04,2024-04,1,2,2.0
PRJ_B9012A488B27,AMALGAMATED YEKONA-I YEKONA- II,Coal,,,2024-04,2024-04,1,2,2.0
PRJ_B94AF1232C3E,BLOCK-B EXPANSION OPENCAST PROJECT,Coal,,,2024-04,2024-04,1,2,2.0
PRJ_B9BBDE6FF4D8,FOUR LANING OF VILUPPURAM TO PUDHUCHERRY (DESIGN CH. KM. 00/000 TO KM. 29/000) SECTION OF NH-45A ON,Road Transport And Highways,,,2024-04,2024-04,1,2,2.0
PRJ_B9C398C60D7C,CONSTRUCTION OF 4 LANE GREEN FIELD NORTHERN EAST SIDE GORAKHPUR BYPASS (26.616 KMS) STARTING FROM NH,Road Transport And Highways,,,2024-04,2024-04,1,2,2.0
PRJ_BA067872FE1E,FARDAPUR TO JALGAON,Road Transport And Highways,,,2024-04,2024-04,1,2,2.0
PRJ_BA1C89B691D5,MANMAD-PARBHANI-NANDED- SECUNDERABAD-GADWAL-DHONE- GUNTAKAL - TRAIN COLLISION AVOIDANCE SYSTEM (958 K,Railways,,,2024-04,2024-04,1,2,2.0
PRJ_BA8FF19A6BE1,CONSTRUCTION OF FOUR-LANE ELEVATED VIADUCT FROM KM.4+634 TO KM.6+345 ON NH-24A INCLUDING RETAINING W,Road Transport And Highways,,,2024-04,2024-04,1,2,2.0
PRJ_BA90C9704184,FOUR LANING OF MUNGER TO MIRZACHAUKI (NH-80) SECTION FROM KHARIA VILLAGE JUNCTION TO START OF EXISTI,Road Transport And Highways,,,2024-04,2024-04,1,2,2.0
PRJ_BAADD780D83E,4-LANING OF GOHANA-SONIPAT (PKG-2) SECTION FROM KM 40.601 TO KM 78.837 (LENGTH = 38.236KM) OF NH-352,Road Transport And Highways,,,2024-04,2024-04,1,2,2.0
PRJ_BAB397935A15,CONSTRUCTION OF BYPASS FOR PROVIDING INTER CONNECTIVITY AMONG (NHS) AROUND THE PRATAPGARH CITY (PRAT,Road Transport And Highways,,,2024-04,2024-04,1,2,2.0
PRJ_BB8C7E551348,KATIHAR-KUMEDPUR & KATIHAR- MUKURIA (64.5 KM) (UMBRELLA WORK PB#57/2019-20/NR),Railways,,,2024-04,2024-04,1,2,2.0
PRJ_BBA781E92344,EPC- CORRIDOR APPROACH WORKS - NH (O): WIDENING EXISTING 2 LANE TO 2 LANE WITH PAVED SHOULDERS IN KM,Road Transport And Highways,,,2024-04,2024-04,1,2,2.0
PRJ_BBBA960471BB,CONSTRUCTION OF RED MUD POND - II AT NALCO DAMANJODI ODISHA,Mines,,,2024-04,2024-04,1,2,2.0
PRJ_BBEE38C8E50C,KHELLANI-KHANABAL PKG-4,Road Transport And Highways,,,2024-04,2024-04,1,2,2.0
PRJ_BBEF8627FD7A,BHOGAN KHURD TO KASHEDI,Road Transport And Highways,,,2024-04,2024-04,1,2,2.0
PRJ_BBFDA4E1B59B,BALANCE WORK OF 4- LANING OF PATNA-GAYA-DOBHI SECTION (KM. 39.00 TO KM. 83.00) OF NH-83 IN THE STATE,Road Transport And Highways,,,2024-04,2024-04,1,2,2.0
PRJ_BC572E91B780,CONSTRUCTION OF ADDITIONAL 3 LANE WITH PAVED SHOULDER (DESIGN LENGTH 8.87 KM) AS REALIGNMENT OF BAKA,Road Transport And Highways,,,2024-04,2024-04,1,2,2.0
PRJ_BC5AD0BA86E6,"CONSTRUCTION OF BASEMENTG FLOOR10 STORIES BUILDING FOR THE STATE OF THE ART, DG, GSI AT SECTOR-V, SA",Mines,,,2024-04,2024-04,1,2,2.0
PRJ_BC6722EBAD7D,REDEVELOPMENT OF GENERAL POOL RESIDENTIAL COLONY AT SRINIWASPURI NEW DELHI PHASE-I,Urban Development,,,2024-04,2024-04,1,2,2.0
PRJ_BC8EFD0A2115,6L ACCESS CONTROLLED HIGHWAY FROM DND MAHARANI BAGH JN. WITH JAITPUR PUSHTA ROAD OF NH 148NA FROM,Road Transport And Highways,,,2024-04,2024-04,1,2,2.0
PRJ_BC9F689A4C1B,INDORE - HARDA (PKG-III) [NANASA TO PIDGAON SECTION FROM KM 95.000 TO KM 142.445],(TOTAL LENGTH 20.60 KM),,,2024-04,2024-04,1,2,2.0
PRJ_BCB59FC30C2F,CONSTRUCTION OF RING ROAD AROUND KANPUR FROM KM.000 TO KM. 23.325 (CHACHENDI SACHENDI I TO MAHARAJPU,Road Transport And Highways,,,2024-04,2024-04,1,2,2.0
PRJ_BCBC5FFC0A9B,CONSTRUCTION OF 6 LANE DURG RAIPUR ARANG BYPASS PKG 1 SECTION OF NH 53 FROM CH 0.000 TO CH 44.50,Road Transport And Highways,,,2024-04,2024-04,1,2,2.0
PRJ_BD5674DA4DF8,Rehabilitation and up gradation to 2 lane with paved shoulder configuration from existing km. 122.00,Road Transport And Highways,,,2024-04,2024-04,1,2,2.0
PRJ_BD97691B6570,4-LANNING OF THALSERRY -MAHE BYPASS,Road Transport And Highways,,,2024-04,2024-04,1,2,2.0
PRJ_BDA58F383AAB,6L OF KARKI – KALIAGURA SECTION FROM KM 226.500 TO KM 249.000 OF NH-130-CD (PACKAGE – OD-4),Road Transport And Highways,,,2024-04,2024-04,1,2,2.0
PRJ_BDA765E6EDC8,6L FROM SANKESHWAR BYPASS TO MH KNT BORDER FROM KM. 555.017 TO KM. 592.853 OF NH-48,Road Transport And Highways,,,2024-04,2024-04,1,2,2.0
PRJ_BDACAC7D570E,6L OF EXISTING 4L FROM GUNDLAPOCHAMPALLY TO BOWENPALLY FROM KM 471.300 TO KM 481.331 OF NH-44,Road Transport And Highways,,,2024-04,2024-04,1,2,2.0
PRJ_BDB85B892B31,JABALPUR TO HIREN RIVER SECTION OF NH-12 IN MADHYA PRADESH KM 11/400 TO 66/400,(TOTAL LENGTH 20.60 KM),,,2024-04,2024-04,1,2,2.0
PRJ_BDC6C631BB75,POWERGRID NEEMUCH TRANSMISSION SYSTEM LIMITED,Power,,,2024-04,2024-04,1,2,2.0
PRJ_BDF5137AB9BB,DIPKA OC EXPANSION 40 MTY,Coal,,,2024-04,2024-04,1,2,2.0
PRJ_BE2541E77D81,EXPANSION PROJECT AMRAPALI OCP,Coal,,,2024-04,2024-04,1,2,2.0
PRJ_BE3D74A0CD6C,"CGD PROJECT AT KANYAKUMARI, TUTICORIN, TIRUNVELI KATTABO AND TENKASI DISTRICTS",Petroleum,,,2024-04,2024-04,1,2,2.0
PRJ_BE492CE3084F,KHAGARIA-KUSHESHWAR ASTHAN (NL),Railways,,,2024-04,2024-04,1,2,2.0
PRJ_BEA5F5548F6E,WIDENING TO 2 LANES WITH PAVED SHOULDERS FROM KM.87/000 TO 133/720 (NATTUKAL TO THANAU JN. IN PALAKK,Road Transport And Highways,,,2024-04,2024-04,1,2,2.0
PRJ_BF0E4CCD8087,"CONSTRUCTION OF MAJOR BRIDGE ACROSS MANJRA RIVER NEAR YESGI VILLAGE @ KM, 166/500 ON NH 63 TQ BILOLI",Road Transport And Highways,,,2024-04,2024-04,1,2,2.0
PRJ_BF570F6FD2E9,JAUNPUR AKBARPUR (TANDA) DOUBLING,Railways,,,2024-04,2024-04,1,2,2.0
PRJ_BF601805952E,4-LANNING OF NH17 AND NEW NO. NH66 FROM KM 241/300 TO 281/300 UNDER HYBRID ANNUITY MODE,Road Transport And Highways,,,2024-04,2024-04,1,2,2.0
PRJ_BF6B24D7DDF2,CONSTRUCTION OF ATC TOWER AND TECHNICAL BLOCK AT NSCBI AIRPORT KOLKATA,Civil Aviation,,,2024-04,2024-04,1,2,2.0
PRJ_BFB1389BAB0A,2- LANE WITH PAVED SHOULDERS OF HINOTIYA TO MEHULWA FROM DESIGN KM 27+000 9OF EXISTING SH-19 KM 26+5,Road Transport And Highways,,,2024-04,2024-04,1,2,2.0
PRJ_BFDB6776CC16,SIX LANING OF PARAVOOR(DESIGN KM. 417+000) TO KOTTUKULANGARA(DESIGN KM. 454+500) SECTION OF NEW NH-6,Road Transport And Highways,,,2024-04,2024-04,1,2,2.0
PRJ_BFE49605EBC0,FOUR LANING OF UNA TO KODINAR OF NH-8E FROM KM. 180.478 TO KM 221.610 (PACKAGE-V) IN THE STATE OF GU,Road Transport And Highways,,,2024-04,2024-04,1,2,2.0
PRJ_BFE70E89666D,WHITEFIELD-KOLAR,Railways,,,2024-04,2024-04,1,2,2.0
PRJ_BFFF1F8952D9,UMARIYA TO SHAHDOL SECTION OF NH-78 IN MADYA PRADESH KM 68/4 TO 142/200,(TOTAL LENGTH 20.60 KM),,,2024-04,2024-04,1,2,2.0
PRJ_C00C6B6A8502,4L OF KHEDAKHAJURIYA TO SUHAGADI FROM KM. 41.400 TO KM. 89.200 OF NH-148NG,Road Transport And Highways,,,2024-04,2024-04,1,2,2.0
PRJ_C0939D9E3726,CONSTRUCTION OF REALIGNMENT BETWEEN PANDRASS- PASHKYUN (TOTAL LENGTH 27.10 KM) ON ROAD ZOZILA-KARGIL,Road Transport And Highways,,,2024-04,2024-04,1,2,2.0
PRJ_C0B2E0A23CF1,4-LANING OF ODDANCHATRAM - MADATHUKULAM SECTION OF NH- 209,Road Transport And Highways,,,2024-04,2024-04,1,2,2.0
PRJ_C11389B33A24,SINGHORI DEEP OC,Coal,,,2024-04,2024-04,1,2,2.0
PRJ_C144EFBE9AD6,6L ACCESS CONTROLLED GREENFIELD HIGHWAY FROM MARRIPUDI (CH. 285+500) TO SOMAVARAPPADU (CH. 314+600),Road Transport And Highways,,,2024-04,2024-04,1,2,2.0
PRJ_C17259E31251,SIX LANING FROM THALIKULAM TO KODUNGALLUR SECTION OF NH – 66 (OLD NH-17) FROM DESIGN CH.369+015 (EX.,Road Transport And Highways,,,2024-04,2024-04,1,2,2.0
PRJ_C194A93B7735,ANAND VIHAR-TILAK BRIDGE 3RD AND 4TH LINE,Railways,,,2024-04,2024-04,1,2,2.0
PRJ_C1CAA9FF9EC6,SIX LANING OF KT/KL BORDER (THALAPPDY) TO CHENGALA SECTION OF NH17 (NEW NH-66) FROM CH. 17.200 TO CH,Road Transport And Highways,,,2024-04,2024-04,1,2,2.0
PRJ_C1D83C0DC687,CONSTRUCTION OF NEW DOUBLE TIER 4 LANE ELEVATED CORRIDOR FROM CHENNAI PORT TO MADURAVOYAL IN CHENNAI,Road Transport And Highways,,,2024-04,2024-04,1,2,2.0
PRJ_C231B6538052,CONSTRUCTION OF MARIAHU BYPASS WITH FOUR LANE PAVED SHOULDER CONFIGURATION (KM.53.540 TO KM.59.200),Road Transport And Highways,,,2024-04,2024-04,1,2,2.0
PRJ_C313F603E057,DETAILED PROJECT REPORT FOR I AND D SEWERAGE SYSTEM AND STP FOR ASANSOL AND KULTI TOWNS,Water Resources,,,2024-04,2024-04,1,2,2.0
PRJ_C33459124185,NLC TALABIRA THERMAL POWER PROJECT (PHASE-1: 3 X 800 MW),Coal,,,2024-04,2024-04,1,2,2.0
PRJ_C38AA0120F77,SAWAIMADHOPUR - BYPASS LINE (6.98 KM) (UMBRELLA WORK PB#57/2019-20/NR),Railways,,,2024-04,2024-04,1,2,2.0
PRJ_C396C14234A9,NEYVELI UTTAR PRADESH POWER PROJECT LIMITED 1980 MW,Coal,,,2024-04,2024-04,1,2,2.0
PRJ_C4155C0C6FDB,NAGPUR- NAGBHIR RAILWAY LINE GAUGE CONVERSION PROJECT,Railways,,,2024-04,2024-04,1,2,2.0
PRJ_C45FDF9B9457,THOPPUR METTUR BHAVANI ERODE SECTION OF NH 544H FOR A LENGTH OF 85 KM,Road Transport And Highways,,,2024-04,2024-04,1,2,2.0
PRJ_C46D09EF0818,4 LANING OF NH 544D FROM EXISTING KM 346.300 OF NH 44 (DESIGN CHAINAGE KM 0.000) TO KM 39.380 (DESIG,Road Transport And Highways,,,2024-04,2024-04,1,2,2.0
PRJ_C47BF0F1E7ED,PORDA CHIMTAPANI OCP,Coal,,,2024-04,2024-04,1,2,2.0
PRJ_C4F37A8CC03C,ER WR TRANSMISSION LIMITED,Power,,,2024-04,2024-04,1,2,2.0
PRJ_C5388AC76490,UPGRADATION OF NH-81 WITH A MINIMUM OF 2-LANE WITH PAVED SHOULDER CONFIGURATION STARTING FROM KM 19.,Road Transport And Highways,,,2024-04,2024-04,1,2,2.0
PRJ_C56EE7B2E5A6,TALCHER-BIMALAGARH(NL),Railways,,,2024-04,2024-04,1,2,2.0
PRJ_C57CA667470D,KANPUR METRO RAIL PROJECT,Urban Development,,,2024-04,2024-04,1,2,2.0
PRJ_C6097A196B7B,BARAMATI - LONAND,Railways,,,2024-04,2024-04,1,2,2.0
PRJ_C618184F5F90,LUDHIANA KILA RAIPUR (19 KMS) WITH FREIGHT LINE AT GILL STATION ON LDH-JHL SECTION,Railways,,,2024-04,2024-04,1,2,2.0
PRJ_C6297BA48433,BONJEMEHARI EXPANSION OCP,Coal,,,2024-04,2024-04,1,2,2.0
PRJ_C6503DCA9D58,KARGIL-ZANSKR PACKAGE-2,Road Transport And Highways,,,2024-04,2024-04,1,2,2.0
PRJ_C6D2D66737BC,UPGRADATION AND 4L OF HARIDWAR BYPASS FROM KM 0.000 (KM 188.100 OF NH-58) TO KM. 15.100 (KM 5.100 OF,Road Transport And Highways,,,2024-04,2024-04,1,2,2.0
PRJ_C6E16FDA9859,DONIPAWA TO ASHAJIPORA BYPASS PKG-7,Road Transport And Highways,,,2024-04,2024-04,1,2,2.0
PRJ_C6F43037CA21,BINA KAKRI AMALGAMATION OCP 14 MTPA,Coal,,,2024-04,2024-04,1,2,2.0
PRJ_C715C8B8B311,"NANGALDAM-TALWARA(NL),NR",Railways,,,2024-04,2024-04,1,2,2.0
PRJ_C73033D79340,REBUILDING OF COKE OVEN BATTERY-2 ALONGWITH AUGMENTATION OF COKE HANDLING AND GAS HANDLING FACILITY,Steel,,,2024-04,2024-04,1,2,2.0
PRJ_C7318DDC3346,4L OF RATNAGIRI - KOLHAPUR SECTION FROM KM 67.140 TO KM 112.340 OF NH-166 (PKG – II),Road Transport And Highways,,,2024-04,2024-04,1,2,2.0
PRJ_C777F2D010EA,NLCIL 300 MW SOLAR POWER PROJECT (PART OF 510 MW CPSU SCHEME),Coal,,,2024-04,2024-04,1,2,2.0
PRJ_C7B01514DC7A,ADDITIONAL STRUCTURES ON 6LGURGAON-JAIPUR SECTION OF NH-48 BETWEEN KM 42.700 TO KM 273.00,Road Transport And Highways,,,2024-04,2024-04,1,2,2.0
PRJ_C7DFADD40053,REDEVELOPMENT OF GPRA AT NETAJI NAGAR NEW DELHI PACKAGE 2,Urban Development,,,2024-04,2024-04,1,2,2.0
PRJ_C7E786E6D974,GHONSA EXPANSION DEEP OC,Coal,,,2024-04,2024-04,1,2,2.0
PRJ_C80795FFAA88,EXPANSION OF ASHOK OCP,Coal,,,2024-04,2024-04,1,2,2.0
PRJ_C829D7AE8CA7,FOUR LANING OF AURANGABAD- PAITHAN SECTION OF NH-752E ON EPC MODE IN THE STATE OF MAHARASHTRA .,Road Transport And Highways,,,2024-04,2024-04,1,2,2.0
PRJ_C841E6F7CB76,4L OF ADDAHOLE TO BANTWAL CROSS SECTION INCLUDING FLYOVER AT KALLADKA TOWN,Road Transport And Highways,,,2024-04,2024-04,1,2,2.0
PRJ_C853752452D7,SHYAMSUNDARPUR UG INCLUDING SAPI UNIT,Coal,,,2024-04,2024-04,1,2,2.0
PRJ_C85566E9C1BA,4-LANNING OF VARANASI GORAKHPUR SECTION OF NH-29 FROM 88.00 148.00 KM 4-LANNING OF VARANASI GORAKHPU,Road Transport And Highways,,,2024-04,2024-04,1,2,2.0
PRJ_C8D8B33B3072,ACRYLICS OR OXO-ALCOHOL PROJECT AT GUJARAT REFINERY,Petroleum,,,2024-04,2024-04,1,2,2.0
PRJ_C8EC7B4411D6,VARANASI-AURANGABAD KM.786 TO KM.978.40,Road Transport And Highways,,,2024-04,2024-04,1,2,2.0
PRJ_C9018C66D376,2L+PS OF THIKRI ANJAD SECTION OF NH-347B,Road Transport And Highways,,,2024-04,2024-04,1,2,2.0
PRJ_C90DB52694B5,6 L OF AURANGABAD TO BIHAR- JHARKHAND BORDER (CHORDAHA) SECTION FROM KM. 180.000 TO KM. 209.827 OF N,Road Transport And Highways,,,2024-04,2024-04,1,2,2.0
PRJ_C915807A0F45,CONSTRUCTION OF GURGAON - PATAUDI - REWARI SECTION OF NH- 352W (DESIGN LENGTH 46.11 KM) AS FEEDER ROU,Road Transport And Highways,,,2024-04,2024-04,1,2,2.0
PRJ_C916891919CC,FOUR LANING OF JIND GOHANA GREENFIELD ALIGNMENT PACKAGE 1 IN THE STATE OF HARYANA UNDER HYBRID ANNUI,Road Transport And Highways,,,2024-04,2024-04,1,2,2.0
PRJ_C938434A341F,4L FROM MATHURA BYPASS (START) AT EXISTING KM. 154.20 OF NH-44 TO GAJU VILLAGE AT KM 32.982 OF NH-53,Road Transport And Highways,,,2024-04,2024-04,1,2,2.0
PRJ_C958F792B057,SEWER NETWORKS SPS AND STP HAJIPUR,Water Resources,,,2024-04,2024-04,1,2,2.0
PRJ_C962F34425ED,I AND D AND STP WORKS FOR BHAGALPUR,Water Resources,,,2024-04,2024-04,1,2,2.0
PRJ_C99055A84C80,DELHI-AMRITSAR-KATRA EXPRESSWAY (PHASE-I PKG-VI) FROM JUNCTION WITH PATIALA- SAMANA-PATRAN ROAD (SH-1,Road Transport And Highways,,,2024-04,2024-04,1,2,2.0
PRJ_C9ED993F9EE9,"CONSTRUCTION OF KAITHI-PADARIA KALA BYPASS, PATNA-TAMOLI BYPASS, JASO BYPASS , NAGOD BYPASS (TOTAL L",Road Transport And Highways,,,2024-04,2024-04,1,2,2.0
PRJ_CA152B67052F,C/O NEW HOSPITAL BLOCK FOR SREE CHITRA TIRUNAL INSTITIUTE OF MEDICAL SCIENCE AND TECHNOLOGY (SCTIMST,Health And Family Welfare,,,2024-04,2024-04,1,2,2.0
PRJ_CA3FA0DAD1A1,KARTALI (EAST) OCP,Coal,,,2024-04,2024-04,1,2,2.0
PRJ_CA71909A3185,"SINGRAULI SUPER THERMAL POWER PROJECT, STAGE-III",Power,,,2024-04,2024-04,1,2,2.0
PRJ_CAF5452ED40A,OLD PIPE LINE REPLACEMENT (OPRP) GROUP-A,Petroleum,,,2024-04,2024-04,1,2,2.0
PRJ_CB7CE1236B93,CONSTRUCTION OF 683 VARIOUS TYPE FAMILY QUARTERS AT GROUP CENTRE CRPF CHANDAULI,Home Affairs,,,2024-04,2024-04,1,2,2.0
PRJ_CCBFDB31E615,6L OF BADAKUMARI - KARKI SECTION FROM KM 179.000 TO KM 226.500 OF NH-130-CD (PACKAGE – OD-3),Road Transport And Highways,,,2024-04,2024-04,1,2,2.0
PRJ_CCD7570127A4,PIRPAINTI-JASIDIH,Railways,,,2024-04,2024-04,1,2,2.0
PRJ_CCE3CFB7E734,DEVELOPMENT OF FOUR LANNING OF ANGUL-SAMBALPUR SECTION OF NATIONAL HIGHWAY NH-42 (NEW NH-55 IN THE S,Road Transport And Highways,,,2024-04,2024-04,1,2,2.0
PRJ_CCE8EEC01275,"PROCUREMENT, AND CONSTRUCTION OF REHABILITATION AND UPGRADING TO 2 LANES/2 LANE(FOR LOT-III-KM 156.5",Road Transport And Highways,,,2024-04,2024-04,1,2,2.0
PRJ_CDB2FADA79AE,FOUR LANING OF BAKHTIYARPUR - MOKAMA SECTION OF NH-31,Road Transport And Highways,,,2024-04,2024-04,1,2,2.0
PRJ_CE2D60B53A41,CONSTRUCTION OF EIGHT LANE ACCESS CONTROLLED EXPRESSWAY CARRIAGEWAY FROM BANI VILLAGE TO BARDAWADI V,Road Transport And Highways,,,2024-04,2024-04,1,2,2.0
PRJ_CE594EA50A71,TIDIVANAM-NAGARI,Railways,,,2024-04,2024-04,1,2,2.0
PRJ_CF7E0ED34AF1,ALLAHABAD-BAMHRAULI - 4TH LINE (10 KM) WITH FLY-OVER AT SUBEDARGANJ,Railways,,,2024-04,2024-04,1,2,2.0
PRJ_CFAE3C9B9A09,WIDENING TO 2-LANE WITH PAVED SHOULDER FROM KM 0.00 TO 44.00 (KURU-GHAGHRA SECTION) OF NH- 143A INCLU,Road Transport And Highways,,,2024-04,2024-04,1,2,2.0
PRJ_CFC9B2476376,AMGAON OPENCAST PROJECT RCE,Coal,,,2024-04,2024-04,1,2,2.0
PRJ_CFD6BED1FC7D,DAYAPAR WIND ENERGY PROJECT 200MW,Power,,,2024-04,2024-04,1,2,2.0
PRJ_D05D649F786B,4L OF AMRITSAR GHOMAN TANDA UNA SECTION FROM KM 8.270 TO KM 54.000 OF NH 503A PACKAGE I,Road Transport And Highways,,,2024-04,2024-04,1,2,2.0
PRJ_D0FF6E5218E0,6L ACCESS CONTROLLED GREENFIELD HIGHWAY FROM CHANDRASEKHARAPURAM (CH. 228+000) TO POLAVARAM (CH. 260,Road Transport And Highways,,,2024-04,2024-04,1,2,2.0
PRJ_D15268CA1BA7,2 LANE WITH PAVED SHOULDER FROM KM 430.00 TO KM 468.00 OF CHAMOLI TO PAINI UNDER CHARDHAM PARIYOJNA,Road Transport And Highways,,,2024-04,2024-04,1,2,2.0
PRJ_D1C768944170,DELHI AMRITSAR KATRA EXPRESSWAY (PHASE-II PKG XVIII) DEVELOPMENT AND UPGRADATION OF FOUR LANE ACCESS,Road Transport And Highways,,,2024-04,2024-04,1,2,2.0
PRJ_D1DDF094363C,RAJASTHAN ATOMIC POWER PROJECT -7 AND 8,Atomic Energy,,,2024-04,2024-04,1,2,2.0
PRJ_D1F506BAD48A,INTERCEPTION AND DIVERSION WITH STP AT HUGHLY-CHINSURAH,Water Resources,,,2024-04,2024-04,1,2,2.0
PRJ_D206E2EAD3A9,TS FOR EVACUATION OF 7GW RE INJECTION AT KHAVDA PS UNDER PHASE-IV PART E4,Power,,,2024-04,2024-04,1,2,2.0
PRJ_D2FAB369ED18,PACHORA-JAMNER WITH EXTENSION UPTO MALKAPUR NG TO BG,Railways,,,2024-04,2024-04,1,2,2.0
PRJ_D35CBD4C8D76,PART REPLACEMENT PIPELINE PROJECT,Petroleum,,,2024-04,2024-04,1,2,2.0
PRJ_D35FD3E8DA4C,GWALIOR-SEOPURKALA WITH EXTENSION TO KOTA,Railways,,,2024-04,2024-04,1,2,2.0
PRJ_D3CEFEC5AA9F,MUMBAI URBAN TRANSPORT PROJECT IIIA,Railways,,,2024-04,2024-04,1,2,2.0
PRJ_D3F1D049EA9C,4-LANING OF MADATHUKULAM - POLLACHI SECTION OF NH-209,Road Transport And Highways,,,2024-04,2024-04,1,2,2.0
PRJ_D42D270CBE23,PHASE-I OF CONSOLIDATION OF EXISTING CDR DATA CENTERS AND NIB-P3 DATA CENTERS WITH STATE OF THE ART,Telecommunications,,,2024-04,2024-04,1,2,2.0
PRJ_D46CD9B876BA,CONSTRUCTION OF REHABILITATION AND UPGRADING TO 2 LANES/2 LANE(FOR LOT-I-KM 40.00 TO KM 65.400 AND K,Road Transport And Highways,,,2024-04,2024-04,1,2,2.0
PRJ_D49953CCFA8C,BARABANKI-MALHAUR - 3RD & 4TH LINE,Railways,,,2024-04,2024-04,1,2,2.0
PRJ_D5A46EC570C0,POWER SYSTEM UPGRADATION PROJECT,Petroleum,,,2024-04,2024-04,1,2,2.0
PRJ_D5A7EBF4ED36,4L GREENFIELD RUDHI TO DESHGAON (PKG V OF BETUL- KHANDWA/DESHGAON) - N/04015/06003/MP,Road Transport And Highways,,,2024-04,2024-04,1,2,2.0
PRJ_D5DCABFB4540,BAKHTIYARPUR RAJAULI PKG-III FROM KM 101.630 TO KM 152.520 NH20,Road Transport And Highways,,,2024-04,2024-04,1,2,2.0
PRJ_D62A0B38F035,JAL MARG VIKAS PROJECT,Shipping And Ports,,,2024-04,2024-04,1,2,2.0
PRJ_D67E2139E019,4TH LINE - RAJNANDGAON- DONGARHGARH (31.2 KM) (PB#72/NR/2022-23),Railways,,,2024-04,2024-04,1,2,2.0
PRJ_D71F86339943,BAGALKOT-KUDACHI NL,Railways,,,2024-04,2024-04,1,2,2.0
PRJ_D7387E759B69,INSTALLATION OF 4TH SLAB CASTER ALONG WITH ITS AUXILIARIES AND A NEW LADLE FURNACE IN SMS-II AT RSP,Steel,,,2024-04,2024-04,1,2,2.0
PRJ_D73D3820326A,RECONSTRUCTION WITH GEOMETRIC IMPROVMENT OF EXISTING INTERMEDIATE LANE TO 2 LANE WITH PAVED SHOULDER,Road Transport And Highways,,,2024-04,2024-04,1,2,2.0
PRJ_D7B9B7193A60,DELHI AMRITSAR KATRA EXPRESSWAY PHASE I SPUR III FROM JUNCTION WITH AMRITSAR JALANDHAR ROAD NH3 NEAR,Road Transport And Highways,,,2024-04,2024-04,1,2,2.0
PRJ_D8128A5A1591,WESTERN REGION EXPANSION SCHEME XXV,Power,,,2024-04,2024-04,1,2,2.0
PRJ_D8987A5F0FF3,DOUBLING BETWEEN BHIWANI- DOBH BAHALI,Railways,,,2024-04,2024-04,1,2,2.0
PRJ_D90358418BC3,DELHI METRO RAIL EXTENSION FROM NAJAFGARH TO DHANSA BUS STAND,Urban Development,,,2024-04,2024-04,1,2,2.0
PRJ_D91A466BE72C,CBR 9 MMTPA PROJECT,Petroleum,,,2024-04,2024-04,1,2,2.0
PRJ_D98E9C601B56,TS FOR EVACUATION OF POWER FROM PAKALDUL HEP IN CHENAB VALLEY HEPS - LTA SYSTEM,Power,,,2024-04,2024-04,1,2,2.0
PRJ_D993F41FF52A,KULDA EXPANSION OCP- 15 MTY,Coal,,,2024-04,2024-04,1,2,2.0
PRJ_D9B28C03649F,BALANCE WORK FOR REHABILITATION AND UP- GRADATION OF SIDHI-SINGRAULI FROM KM 82.400 TO KM 187.993 SEC,Road Transport And Highways,,,2024-04,2024-04,1,2,2.0
PRJ_DA11F846878C,KALOL REDEVELOPMENT PROJECT,Petroleum,,,2024-04,2024-04,1,2,2.0
PRJ_DA397267976C,"CONSTRUCTION OF FLYOVER AT KM.544.650 INCLUDING ROB ,SERVICE ROADS ,FOOTPATH FOR RCC DRAINS ON URBAN",Road Transport And Highways,,,2024-04,2024-04,1,2,2.0
PRJ_DA5BAD8E4F72,JUNAGARH -VISAVADAR (42.28) KM,Railways,,,2024-04,2024-04,1,2,2.0
PRJ_DACB728EA71B,6L OF AZHIYUR-VENGALAM FROM KM. 189.200 TO KM. 230.400 OF NH- 66,Road Transport And Highways,,,2024-04,2024-04,1,2,2.0
PRJ_DB035B4F9BA4,KORAPUT - SINGAPUR ROAD DOUBLING,Railways,,,2024-04,2024-04,1,2,2.0
PRJ_DB5718737AB1,BALARAM EXPANSION OCP,Coal,,,2024-04,2024-04,1,2,2.0
PRJ_DBCA9C293FBE,WESTERN DEDICATED FREIGHT CORRIDOR,Railways,,,2024-04,2024-04,1,2,2.0
PRJ_DC11A6AEBDBE,SIX LANNING OF AUNTA- SIMARIA(GANGA BRIDGE WITH APPROACH ROADS) SECTION OF NH-31,Road Transport And Highways,,,2024-04,2024-04,1,2,2.0
PRJ_DC720087507C,NEW WORK FOR CONSTRUCTION OF METRO RAILWAY FROM NOAPARA-BARASAI VIA BIMANBANDER,Railways,,,2024-04,2024-04,1,2,2.0
PRJ_DC742B7AF1D4,CONSTRUCTION OF 4 LANE ELEVATED HIGHWAY AND AT- GRADE IMPROVEMENTS AT GOPALGANJ TOWN FROM DESIGN CH:,Road Transport And Highways,,,2024-04,2024-04,1,2,2.0
PRJ_DC9B4BFB28AE,CONSTRUCTION OF NEW ROAD AT THE MISSING LINK PORTION OF NH- 81 ALONG THE APPROVED ALIGNMENT BETWEEN H,Road Transport And Highways,,,2024-04,2024-04,1,2,2.0
PRJ_DCD9133984F4,DOUBLING BETWEEN REWARI- KATHUWAS,Railways,,,2024-04,2024-04,1,2,2.0
PRJ_DD1F13A40B34,AURAD - BIDAR KM 0.00 TO KM 45.878,Road Transport And Highways,,,2024-04,2024-04,1,2,2.0
PRJ_DD324F8B2C36,8L OF DWARKA EXPRESSWAY PKG-II (RUB NEAR DWARKA SECTOR 21- DL/HR BORDER) FROM 5.300 KM.TO 9.500 KM. O,Road Transport And Highways,,,2024-04,2024-04,1,2,2.0
PRJ_DD4F5F12D790,INTERCEPTION AND DIVERSION WITH STP AT RISHIKESH,Water Resources,,,2024-04,2024-04,1,2,2.0
PRJ_DD6B7F511FAC,CHURI BENTI UG,Coal,,,2024-04,2024-04,1,2,2.0
PRJ_DD8AFD3AC362,REHABILITATION AND UP- GRADATION OF PHASE I STP 182 MLD R2,Water Resources,,,2024-04,2024-04,1,2,2.0
PRJ_DE2A6F9BF20A,DELHI METRO PHASE IV THREE PRIORITY CORRIDORS,Urban Development,,,2024-04,2024-04,1,2,2.0
PRJ_DE3EC7E967D2,4/6L ACCESS CONTROL EXPRESSWAY FROM DESIGN CHAINAGE KM 515.000 TO 528.300 (KUNJWANI TO SIDHRA SECTIO,Road Transport And Highways,,,2024-04,2024-04,1,2,2.0
PRJ_DECD11FCEDE8,CGD PROJECT AT JAMMU DISTRICTS,Petroleum,,,2024-04,2024-04,1,2,2.0
PRJ_DF0B0ABF1611,TRANSMISSION SCHEME FOR SOLAR ENERGY ZONE IN ANANTHPURAM (2500MW) AND KURNOOL,Power,,,2024-04,2024-04,1,2,2.0
PRJ_DF728D7F2F8B,WIDENING/DEVELOPMENT OF EXISTING NH-85 FROM KM 0.000 TO KM 124.636 SECTION TO 2L/@L+PS SECTION IN TH,Road Transport And Highways,,,2024-04,2024-04,1,2,2.0
PRJ_DF94C1D1531E,"6 LANING OF EXISTING 4-LANE STRETCH FROM KALKALLU AT KM.454+000 TO GUNDLA POCHAMPALLY AT KM.471+000,",Road Transport And Highways,,,2024-04,2024-04,1,2,2.0
PRJ_DFABE2794D3C,4L OF TWIN TUBE TUNNEL CONFIGURATION INCLUDING APPROACHES FROM MAROG TO DIGDOL (FROM KM.154.210 TO K,Road Transport And Highways,,,2024-04,2024-04,1,2,2.0
PRJ_E00603D04919,4L OF MO - SIHUNI FROM KM. 42.00 TO KM. 51.00 OF OLD NH-20 (NEW NH-154),Road Transport And Highways,,,2024-04,2024-04,1,2,2.0
PRJ_E008B2FD4C6D,DHUPTALA OC,Coal,,,2024-04,2024-04,1,2,2.0
PRJ_E03D1100E234,CONSTRUCTION OF 6 LANE BRIDGE ON GANGA ON NH-96 AND ITS APPROACHES IN PHAPHAMAU ALLAHABAD ON EPC MOD,Road Transport And Highways,,,2024-04,2024-04,1,2,2.0
PRJ_E1734D066960,4L TWIN TUBE TUNNEL INCLUDING APPROACHES FROM DIGDOL TO KHUNI NALLAH (NORTH BOUND CONNECTING WITH EX,Road Transport And Highways,,,2024-04,2024-04,1,2,2.0
PRJ_E20DD07525C8,CONSTRUCTION OF TWO LANE WITH PAVED SHOULDER FROM EXISTING KM.0.000 TO KM.55.610 (DESIGN KM. 0.000 T,Road Transport And Highways,,,2024-04,2024-04,1,2,2.0
PRJ_E2138A961040,4L OF VADUGAPATTI TO THERKUVENGANALLUR (RAJAPALYAM) SECTION FROM KM 36.000 TO KM 71.600 OF NH744 UND,Road Transport And Highways,,,2024-04,2024-04,1,2,2.0
PRJ_E24677F6AFF0,NAKRAKONDA KUMARDIH B OCP,Coal,,,2024-04,2024-04,1,2,2.0
PRJ_E27D8880C39D,POLY BUTADIENE RUBBER PLANT AT PANIPAT,Petroleum,,,2024-04,2024-04,1,2,2.0
PRJ_E291B9B31E33,IMPROVEMENT OF 2 LANE WITH PAVED SHOULDER OF STRETCH FROM BIKRAMGANJ DAWATH MELAYABAGH NAWANAGR -DUM,Road Transport And Highways,,,2024-04,2024-04,1,2,2.0
PRJ_E2AD5DF921C0,"CONSTRUCTION OF NEW INTEGRATED TERMINAL BUILDING AT VSI AIRPORT, PORTBLAIR",Civil Aviation,,,2024-04,2024-04,1,2,2.0
PRJ_E32253640294,ENNORE THIRUVALLUR BENGALURU PUDUCHERRY NAGAPATTINAM MADURAITUTICORIN GAS PIPELINE,Petroleum,,,2024-04,2024-04,1,2,2.0
PRJ_E3CFB128379D,6L OF KANHAULI RAMNAGAR PATNA RING ROAD PKG I FROM KM 0.000 TO KM 39.160 OF SH78 NEW NH131G,Road Transport And Highways,,,2024-04,2024-04,1,2,2.0
PRJ_E3D237DF89FB,DELHI-AMRITSAR-KATRA EXPRESSWAY (PHASE-II PKG-XIV) FROM JUNCTION WITH PATHANKOT- GURDASPUR ROAD (NH-5,Road Transport And Highways,,,2024-04,2024-04,1,2,2.0
PRJ_E4231FF8202F,FOUR OF SIMARIA - KHAGARIA SECTION OF NH-31,Road Transport And Highways,,,2024-04,2024-04,1,2,2.0
PRJ_E479156CDC7F,PHULERA - DIGANA DOUBLING,Railways,,,2024-04,2024-04,1,2,2.0
PRJ_E49ABD0668E1,VARANASI-MODHOSINGH- ALLAHABAD DOUBLING,Railways,,,2024-04,2024-04,1,2,2.0
PRJ_E4C2EB7075A6,4L POANTA SAHEB–MEDNIPUR FROM KM. 435.65 TO KM. 458.65 OF NH-07,Road Transport And Highways,,,2024-04,2024-04,1,2,2.0
PRJ_E509176EB431,MURKONGSELEK-PASIGHAT NL,Railways,,,2024-04,2024-04,1,2,2.0
PRJ_E555445A7992,DEVELOPMENT OF SIX LANE JHANKI SARGI OF NH 130 CD FROM KM.0+000 TO 42+800 UNDER RAIPUR VISAKHAPATTNA,Road Transport And Highways,,,2024-04,2024-04,1,2,2.0
PRJ_E5CDAC0BDF7B,ARARIA-SUPAUL,Railways,,,2024-04,2024-04,1,2,2.0
PRJ_E60854B8CC0F,MUGHALSARAI - ALLAHABAD - 3RD LINE,Railways,,,2024-04,2024-04,1,2,2.0
PRJ_E60DAE0BBE23,SIX LANING OF START OF KOLLAM BYPASS (KM.486+000) KADAMBATTUKONAM (KM.517+250) SECTION OF NEW NH-66,Road Transport And Highways,,,2024-04,2024-04,1,2,2.0
PRJ_E63A708FB49E,CONSTRUCTION OF 4 NOS GRADE SEPARATOR BETWEEN KM. 281.000 TO KM 307.600 KM. 286.400 KUMHARI KM. 299.,Road Transport And Highways,,,2024-04,2024-04,1,2,2.0
PRJ_E69D6211EA5B,CONSTRUCTION OF 4 LANE WITH PAVED SHOULDERS THIRUVAYARU BYPASS IN BETWEEN EXISTING KM.55/926 TO 62/6,Road Transport And Highways,,,2024-04,2024-04,1,2,2.0
PRJ_E6A95792BA39,4L OF CHANNARAYAPATNA BYPASS AND HASSAN BYPASS WITH STRUCTURES IN DEVIHALLI - HASSAN SECTION,Road Transport And Highways,,,2024-04,2024-04,1,2,2.0
PRJ_E6C6B9D0B4D2,BHENSARA 320 MW,Power,,,2024-04,2024-04,1,2,2.0
PRJ_E6CB672825B9,4 LANING FROM EXISTING KM 39.380 (DESIGN CH. 37.000) TO KM 74.450 (DESIGN CH. 69.000) OF MUCHUKOTA –,Road Transport And Highways,,,2024-04,2024-04,1,2,2.0
PRJ_E72E72C9AA86,"EXTENSION OF MRTS FROM VELACHERY TO STN. THOMAS, MTP",Railways,,,2024-04,2024-04,1,2,2.0
PRJ_E743168EEF74,TRANSMISSION SYSTEM ASSOCIATED WITH WESTERN REGION EXPANSION SCHEME-XXVIII AND XXIX,Power,,,2024-04,2024-04,1,2,2.0
PRJ_E7BB9931E641,DEOBAND (MUZAFFARNAGAR)- ROORKEE NL,Railways,,,2024-04,2024-04,1,2,2.0
PRJ_E7F025998D4F,JANGHAI PRATAPGARH AMETHI DOUBLING,Railways,,,2024-04,2024-04,1,2,2.0
PRJ_E800A976F004,MUMBAI URBAN TRANSPORT PROJECT PHASE-II,Railways,,,2024-04,2024-04,1,2,2.0
PRJ_E833CA269E84,6L OF HATIBENA - BADAKUMARI SECTION FROM KM 146.50 TO KM 179.00 OF NH-130-CD (PACKAGE – OD-2),Road Transport And Highways,,,2024-04,2024-04,1,2,2.0
PRJ_E86D3CE5D680,Gauge conversion of Raipur(Kendri)- Dhamtari and Abhanpur-Rajim branch,Railways,,,2024-04,2024-04,1,2,2.0
PRJ_E86E92068086,SUBHADRA OCP,Coal,,,2024-04,2024-04,1,2,2.0
PRJ_E870FE638F01,CONSTRUCTION OF NEW 4-LANE BRIDGE ACROSS VARSOVA CREEK AND ITS APPROACHES WITH INTERCHANGE IN THE ST,Road Transport And Highways,,,2024-04,2024-04,1,2,2.0
PRJ_E8C921E472B0,SAKRI-NIRMALI AND JHANJHARPUR- LAUKAHABAZAR AND SAHARSA- FORBESGANJ,Railways,,,2024-04,2024-04,1,2,2.0
PRJ_E8FA1669ED1F,NARAYANGARH TO BHADRAK 3RD LINE,Railways,,,2024-04,2024-04,1,2,2.0
PRJ_E91BB143601A,CGD PROJECT AT NAWADA AND KODERMA DISTRICTS,Petroleum,,,2024-04,2024-04,1,2,2.0
PRJ_E932137F326E,DELHI-AMRITSAR-KATRA EXPRESSWAY FROM JUNCTION WITH LUDHIANA-MOGA ROAD (NH-5) NEAR MULLANPUR DAKHA TO,Road Transport And Highways,,,2024-04,2024-04,1,2,2.0
PRJ_E935FA6701E7,DELHI GHAZIABAD MEERUT RRTS CORRIDOR,Urban Development,,,2024-04,2024-04,1,2,2.0
PRJ_E94CA564C91D,4L OF CHANDESARA TO KHEDAKHAJURIYA FROM KM. 0.000 TO (-) 750 AND KM 0.000 TO KM 41.400 OF NH-752D,Road Transport And Highways,,,2024-04,2024-04,1,2,2.0
PRJ_E98D1F145C85,ALLAHGANJ TO MIRANPUR KATRA SECTION OF NH-730C FROM KM.52.770 TO 114.00,Road Transport And Highways,,,2024-04,2024-04,1,2,2.0
PRJ_E9A0F296D607,CHIRIMIRI-NAGPUR HALT,Railways,,,2024-04,2024-04,1,2,2.0
PRJ_E9A32487730A,4L OF ADDAHOLE TO BANTWAL CROSS SECTION,Road Transport And Highways,,,2024-04,2024-04,1,2,2.0
PRJ_E9E12958886B,SETTING UP A COMMON USER PETROLEUM TERMINAL AT JAMMU FOR RE-SITEMENT OF EXISTING DEPOTS OF PSU OMCS,Petroleum,,,2024-04,2024-04,1,2,2.0
PRJ_E9F81EEF1774,RAJNAGAR OCP RPR,Coal,,,2024-04,2024-04,1,2,2.0
PRJ_EA07C5FFC35E,PATNA METRO RAIL CORPORATION LIMITED,Urban Development,,,2024-04,2024-04,1,2,2.0
PRJ_EA81482EEC2B,DHARAMPURI-LONAND FROM KM. 117.00 TO 166.40 (PKG-IV) ON MOHOL-ALANDI SECTION,Road Transport And Highways,,,2024-04,2024-04,1,2,2.0
PRJ_EAB930297DE1,6L OF SRIPERUMBUDUR TO KARAIPETTAI FROM KM 37.000 TO KM 71.015 OF NH 48,Road Transport And Highways,,,2024-04,2024-04,1,2,2.0
PRJ_EAEE2E01458A,UPGRADATION OF EXISTING 4 LANE ISMAILABAD-AMBALA SECTION (KM. 0+000 TO KM 42+500) (PART OF AMBALA-KO,Road Transport And Highways,,,2024-04,2024-04,1,2,2.0
PRJ_EB24F2493957,CONSTRUCTION OF BRIDGE INCLUDING APPROACHES ACROSS RIVER ZUARI ON NH-17 (NH-66) ON PANJIM-MANGALORE,Road Transport And Highways,,,2024-04,2024-04,1,2,2.0
PRJ_EB3D5980C34E,FOUR LANING WITH PAVED SHOULDER OF SECTION FROM KM 53.600 (GOLA ON NH-320) TO KM 81.446 (ORMANJHI ON,Road Transport And Highways,,,2024-04,2024-04,1,2,2.0
PRJ_EB713922BA7C,CONSTRUCTION/ UP-GRATION OF FOUR/TWO LANE WITH PAVED SHOULDER OF NH68 FROM TANOT- RAMGARH BHADASAR-JA,Road Transport And Highways,,,2024-04,2024-04,1,2,2.0
PRJ_EC0BA9A09188,NOKH PLOT-1 SOLAR PV PROJECT 245MW,Power,,,2024-04,2024-04,1,2,2.0
PRJ_EC38152F534F,DURGAPUR OPENCAST PROJECT,Coal,,,2024-04,2024-04,1,2,2.0
PRJ_EC55FC01D654,CONSTRUCTION OF BYPASS ROAD TO BALANGIR TOWN FROM KM 72/400 (DESING KM 0/0) TO KM 79/800 (DESIGN KM,Road Transport And Highways,,,2024-04,2024-04,1,2,2.0
PRJ_EC90C996093E,4L OF END OF PINJORE BYPASS - BADDI - NALAGARH SECTION (KM. 4.200 TO KM. 35.370) OF NH21A,Road Transport And Highways,,,2024-04,2024-04,1,2,2.0
PRJ_ECEA418839D6,GOHA-KHELLANI PKG-3,Road Transport And Highways,,,2024-04,2024-04,1,2,2.0
PRJ_ED1E28AA4A98,VISHNUGAD PIPALKOTI HYDRO ELECTRIC PROJECT,Power,,,2024-04,2024-04,1,2,2.0
PRJ_ED1EEC1C0DCD,DAUND - MANMAD,Railways,,,2024-04,2024-04,1,2,2.0
PRJ_ED37771E3372,TS FOR EVACUATION POWER FROM REZ IN RAJASTHAN (20GW) UNDER PHASE-III PART J,Power,,,2024-04,2024-04,1,2,2.0
PRJ_ED7E0D5137AD,CGD PROJECT IN BIHAR JHARKHAND,Petroleum,,,2024-04,2024-04,1,2,2.0
PRJ_ED97550DA7DC,NAINI COAL MINE,Coal,,,2024-04,2024-04,1,2,2.0
PRJ_ED9F27499575,2-LANE WITH PS OF NEAR KARRI VILLAGE TO ETAWAH SECTION OF NH-92 FROM KM.30.000 TO 57.346 UNDER GNHCP,Road Transport And Highways,,,2024-04,2024-04,1,2,2.0
PRJ_EE8091E51814,SAHJANWA - DOHRIGHAT,Railways,,,2024-04,2024-04,1,2,2.0
PRJ_EE93E5D7B0C5,DEVELOPMENT OF GWALIOR AIRPORT PHASE 01,Civil Aviation,,,2024-04,2024-04,1,2,2.0
PRJ_EECE2B479EFF,AHMEDABAD METRO RAIL PROJECT PHASE II,Urban Development,,,2024-04,2024-04,1,2,2.0
PRJ_EF569589D3CF,REHABILITATION AND UPGRADATION TO INTERMEDIATE LANE CONFIGURATION OF SHRI KYARI-GUMMA SECTION (KM 75,Road Transport And Highways,,,2024-04,2024-04,1,2,2.0
PRJ_EFED2F98C37F,CONSTRUCTION OF 2 LANE BRIDGE ACROSS RIVER KOSI WITH APPROACH ROAD FROM BHEJA TO BAKAUR SECTION OF N,Road Transport And Highways,,,2024-04,2024-04,1,2,2.0
PRJ_F016564322B2,2.0 MTPA BHOJUDIH NLW WASHERY,Coal,,,2024-04,2024-04,1,2,2.0
PRJ_F03D92E758B9,6L OF WAINGANGA BRIDGE - BHANDARA (INCLUDING BHANDARA BYPASS) SECTION FROM KM 485.000 TO KM 499.800,Road Transport And Highways,,,2024-04,2024-04,1,2,2.0
PRJ_F05970558D06,4-LANNING OF CHAPRA-HAJIPUR,Road Transport And Highways,,,2024-04,2024-04,1,2,2.0
PRJ_F0AB9C27D697,KAKATIYAKHANI OPENCAST III PROJECT PHASE-1,Coal,,,2024-04,2024-04,1,2,2.0
PRJ_F0D532498EEA,"DEVELOPMENT OF NEW GREENFIELD AIRPORT AT DHOLERA, AHMEDABAD (GUJARAT). PHASE-1.",Civil Aviation,,,2024-04,2024-04,1,2,2.0
PRJ_F11C02AE9A12,"KODERMA-TILAIYA (NL), ECR",Railways,,,2024-04,2024-04,1,2,2.0
PRJ_F163C1245C01,NADIKUDE-SRI KALAHASTI,Railways,,,2024-04,2024-04,1,2,2.0
PRJ_F19071964227,CONSTRUCTION OF EMERGENCY LANDING FACILITY FROM KM. 246.60 TO KM. 249.70 ON SRINAGAR - BANIHAL SECTI,Road Transport And Highways,,,2024-04,2024-04,1,2,2.0
PRJ_F1B28A09ED2E,SUPER EDGE ROUTERS FOR BSNL INTERNET PROTOCOL - MULTI PROTOCOL LEBEL SWITCHING (IPMPLS) NETWORK and,Telecommunications,,,2024-04,2024-04,1,2,2.0
PRJ_F1C5ECC49882,CONSTRUCTION OF MAJOR BRIDGE OVER MIDDLE STRAIT CREEK BETWEEN KM. 106.590 TO KM. 107.762 OF NH 223 (,Road Transport And Highways,,,2024-04,2024-04,1,2,2.0
PRJ_F1C774B47223,CHITRA EAST (RCE) OCP,Coal,,,2024-04,2024-04,1,2,2.0
PRJ_F1D458517CDA,CONSTRUCTION OF GREENFIELD CONNECTIVITY TO JEWAR INTERNATIONAL AIRPORT FROM DND FARIDABAD BALLABHGAR,Road Transport And Highways,,,2024-04,2024-04,1,2,2.0
PRJ_F20A7111C9D3,PIPELINE NETWORK PROJECT RUDRASAGAR,Petroleum,,,2024-04,2024-04,1,2,2.0
PRJ_F21DA9CD2DD2,DEVELOPMENT OF 4L UER II [PACKAGE - V] (SPUR TO BAHADURGARH BYPASS) (NH-10) FROM KM. 0.00 TO KM.7.30,Road Transport And Highways,,,2024-04,2024-04,1,2,2.0
PRJ_F24620E48D4D,NEW WORK FOR CONSTRUCTION OF METRO RAILWAY FROM JOKA TO BINOY BADAL DINESH BAGH.,Railways,,,2024-04,2024-04,1,2,2.0
PRJ_F282F95BC1FA,"JAYANAGAR-DARBHANGA- NARKATIA GANJ(GC),ECR",Railways,,,2024-04,2024-04,1,2,2.0
PRJ_F2A69F35B22A,4L OF HARDA - BETUL (PKG-III) FROM KM. 81.00 TO KM.121.248 [CHICHOLI - BETUL],Road Transport And Highways,,,2024-04,2024-04,1,2,2.0
PRJ_F2FD89E41D9D,"RESTORATION OF GAS TERMINAL, PHASE-I (PART-A), HAZIRA PLANT",Petroleum,,,2024-04,2024-04,1,2,2.0
PRJ_F35FAF25BF6E,SEWERAGE TREATMENT PLANT AT PAHARI PATNA,Water Resources,,,2024-04,2024-04,1,2,2.0
PRJ_F3715AB28807,4L OF INDAPUR TO TONDLE (PKG-III) FROM KM.84.550 TO KM. 131.00 OF NH-965G,Road Transport And Highways,,,2024-04,2024-04,1,2,2.0
PRJ_F3B7F717F7DF,"2 LANE WITH HARD SHOLDER , REHABILITATION AND UP GRADATION OF SECTION FROM KM 242.0 TO KM 298.0 OF N",Road Transport And Highways,,,2024-04,2024-04,1,2,2.0
PRJ_F40241C96994,4L OF THIRUMANGALAM TO VADUGAPATTI SECTION FROM KM 0.000 TO KM 36.000 OF NH-744,Road Transport And Highways,,,2024-04,2024-04,1,2,2.0
PRJ_F47B9106B499,RAMNA - SINGRAULI DOUBLING,Railways,,,2024-04,2024-04,1,2,2.0
PRJ_F4D9DF24655B,NEW BONGAIGAON-RANGIA- KAMAKGHYA DOUBLING,Railways,,,2024-04,2024-04,1,2,2.0
PRJ_F4FAF39C36A5,SWRO II WITH LLPH FACILITIES,Petroleum,,,2024-04,2024-04,1,2,2.0
PRJ_F5360565DF39,BALANCE WORKS OF 4-LANNING OF RAMPUR-KATHGODAM SECTION OF NH-87 (NEW NH NO. 09) FROM KM. 0.000 (KM 1,Road Transport And Highways,,,2024-04,2024-04,1,2,2.0
PRJ_F55D0BFC38FE,MUMBAI CENTRAL VIRAR VADODARA AHMEDABAAD TRAIN PROTECTION SYSTEM 500 RKM,Railways,,,2024-04,2024-04,1,2,2.0
PRJ_F56CB78387D7,MADANNAGAR OPENCAST PROJECT,Coal,,,2024-04,2024-04,1,2,2.0
PRJ_F5742B7CB6BA,BALANCE WORKS OF FOUR LANING FROM RAMBAN KM 151.00 TO BANIHAL KM 187.00 OF NH-1A (NOW NH-44) WITH VA,Road Transport And Highways,,,2024-04,2024-04,1,2,2.0
PRJ_F58781DD8791,BHOPAL METRO RAIL,Urban Development,,,2024-04,2024-04,1,2,2.0
PRJ_F5898B91D848,HOTGI-KUDGI-GADAG,Railways,,,2024-04,2024-04,1,2,2.0
PRJ_F5969CE2E953,ADDITIONAL STORAGE TANKS AT PARADIP,Petroleum,,,2024-04,2024-04,1,2,2.0
PRJ_F5F3A4C291E4,FOUR LANNING OF RAMPUR- KATHGODAM SECTION OF NH-87 FROM KM 42.791 (DESIGN CHAINAGE 43.446) TO KM 88,Road Transport And Highways,,,2024-04,2024-04,1,2,2.0
PRJ_F650B77E49CD,EXPANSION OF CRYOGENICS GROUP BY SETTING UP NEW MANUFACTURING FACILITY,Petroleum,,,2024-04,2024-04,1,2,2.0
PRJ_F68A4832D915,FOUR LANING OF KAGAVADAR - UNA SECTION OF NH-8E FROM KM 139.915 TO KM 180.478 (PACKAGE-IV) IN THE ST,Road Transport And Highways,,,2024-04,2024-04,1,2,2.0
PRJ_F6B2AD4FD625,TEHRI PUMPED STORAGE PLANT,Power,,,2024-04,2024-04,1,2,2.0
PRJ_F76F6F4EE50A,BALANCE WORK OF 4- L ANING OF PATNA-GAYA-DOBHI SECTION (KM.83.00 TO KM. 127.217) OF NH-83 IN THE STA,Road Transport And Highways,,,2024-04,2024-04,1,2,2.0
PRJ_F7F32C02A0BD,SIX LANING OF CHENGALA TO NEELESHWARAM SECTION OF NH- 17 (NEW NH-66) FROM CH. 56+200 (EXISTING KM 57+,Road Transport And Highways,,,2024-04,2024-04,1,2,2.0
PRJ_F82160ABA70A,TAWA III UG MINE,Coal,,,2024-04,2024-04,1,2,2.0
PRJ_F874E18266FC,"REHABILITATION AND UPGRADATION OF KURWAI– MUNGAOLI–CHANDERI ROAD SECTION OF NH-346, FROM DESIGN CHAIN",(TOTAL LENGTH 20.60 KM),,,2024-04,2024-04,1,2,2.0
PRJ_F8951CBC49BF,CONSTRUCTION OF EIGHT LANE ACCESS CONTROLLED EXPRESSWAY FROM KM 103.400 TO KM 128.000 OF VADODARA MU,Road Transport And Highways,,,2024-04,2024-04,1,2,2.0
PRJ_F92392D7CB33,CONSTRUCTION OF 6-LANE GREENFIELD AMBALA RING ROAD STARTING FROM JUNCTION WITH SHAMLI-AMBALA SECTION,Road Transport And Highways,,,2024-04,2024-04,1,2,2.0
PRJ_F9755D471257,4L AMBALA - KALAAMB FROM KM. - 0.800 TO KM. 33.015 OF OLD NH-72,Road Transport And Highways,,,2024-04,2024-04,1,2,2.0
PRJ_F97C9B4E190E,REHABILITATION AND,KASHMIR,,,2024-03,2024-03,1,2,2.0
PRJ_F9CCEDAC44CD,"CITY GAS DISTRIBUTION PROJECTS AT DARBHANGA, MADHUBANI, SUPAUL, SITAMARHI AND SHEOHAR DISTRICTS",Petroleum,,,2024-04,2024-04,1,2,2.0
PRJ_F9EB10E04741,MATHURA SEWERAGE SCHEME,Water Resources,,,2024-04,2024-04,1,2,2.0
PRJ_F9F9FF500A2E,SUNNI DAM HYDRO ELECTRIC PROJECT,Power,,,2024-04,2024-04,1,2,2.0
PRJ_FA7BCDF50E2B,CONSTRUCTION OF RING ROAD FOR RAEBARELI CITY (PHASE -I) ON EASTERN SIDE OF NH 24B,Road Transport And Highways,,,2024-04,2024-04,1,2,2.0
PRJ_FA83E965D4A4,"CONSTRUCTION OF CAPTIVE POL LPG JETTY AT KAMARAJAR PORT, CHENNAI",Petroleum,,,2024-04,2024-04,1,2,2.0
PRJ_FAAA1137B1BF,CONSTRUCTION OF ADDITIONAL TANKAGES AND ALLIED FACILITIES AT JNPT TERMINAL,Petroleum,,,2024-04,2024-04,1,2,2.0
PRJ_FABE6555A2B7,MOONIDIH XV SEAM UG,Coal,,,2024-04,2024-04,1,2,2.0
PRJ_FAC67243B881,4L OF HARDA - BETUL (PKG-I) FROM KM.0 TO KM.30 [HARDA - TEMAGAON],Road Transport And Highways,,,2024-04,2024-04,1,2,2.0
PRJ_FB2EB6384933,WIDENING AND STRENGTHENING TO TWO LANE WITH PAVED SHOULDER/TWO LANE+ PAVED SHOULDER WITH SERVICE ROA,Road Transport And Highways,,,2024-04,2024-04,1,2,2.0
PRJ_FB42C6348334,2LPS OF KOYYURU TO CHAPRATHIPALEM SECTION OF NH 516E,Road Transport And Highways,,,2024-04,2024-04,1,2,2.0
PRJ_FB7F3CC4CD1B,3RD AND 4TH LINE - SARAGBUNDIA AND MADWARANI,Railways,,,2024-04,2024-04,1,2,2.0
PRJ_FB80C2D3BE99,LALITPUR - BIRARI WITH FLYOVER AT LALITPUR,Railways,,,2024-04,2024-04,1,2,2.0
PRJ_FCEA90B0BE95,CONSTRUCTION OF PERMANENT CAMPUS OF CENTRAL UNIVERSITY OF HIMACHAL PRADESH AT DEHRA AND JADRANGAL (D,Urban Development,,,2024-04,2024-04,1,2,2.0
PRJ_FD20803E5127,VIJAYAWADA KAZIPET BYEPASS LINE,Railways,,,2024-04,2024-04,1,2,2.0
PRJ_FD2A28BEC4AF,6L OF MH/KN BORDER (NIMBAL VILLAGE) TO KN/TS BORDER (SINGNODI VILLAGE) FROM KM. 26.000 TO KM. 97.000,Road Transport And Highways,,,2024-04,2024-04,1,2,2.0
PRJ_FD8FA8A2C9A6,CITY GAS DISTRIBUTION PROJECTS AT ALIPURDUAR AND COOCH BEHAR,Petroleum,,,2024-04,2024-04,1,2,2.0
PRJ_FD9CACFE1D4E,REHABILITATION AND UPGRADATION OF NH 78 FROM KM 373.505 TO 469.300 AMBIKAPUR TO PATHALGAON SECTION,Road Transport And Highways,,,2024-04,2024-04,1,2,2.0
PRJ_FE66D5BD6A75,CONSTRUCTION OF NH-24 EXTENSION 4-LANE BYPASS STARTING FROM BEHTA ROAD AND TERMINATING AT SITAPUR RO,Road Transport And Highways,,,2024-04,2024-04,1,2,2.0
PRJ_FE734F1A0707,DEBOTTLENECKING AND AUGMENTATION OF CRYOGENIC FACILITIES AT URAN LPG IMPORT TERMINAL,Petroleum,,,2024-04,2024-04,1,2,2.0
PRJ_FE8C303B0D7E,SIX-LANING OF BARWA ADDA- PANAGARH,Road Transport And Highways,,,2024-04,2024-04,1,2,2.0
PRJ_FEC64B89BA89,"26,43,763.84",RENEWABLE ENERGY,RENEWABLE ENERGY,Total,2023-12,2023-12,1,2,2.0
PRJ_FEF8E80A88C8,MIYAGAM-KARJAN-DABHOI- SAMLAYA,Railways,,,2024-04,2024-04,1,2,2.0
PRJ_FF05307B6FD6,INSTALLATION OF BITUMEN MANUFACTURING UNIT ALONG WITH ALLIED FACILITIES AT BARAUNI,Petroleum,,,2024-04,2024-04,1,2,2.0
PRJ_FF0A76423ED5,INTEGRATION OF STPS WITH REHABILITATION AND O AND M OF EXISTING ASSETS,Water Resources,,,2024-04,2024-04,1,2,2.0
PRJ_FF2FEA37634C,6L GREENFIELD BARAJA - KANDILI SECTION OF NH- 130-CD ROAD FROM KM 338+500 TO KM 342+500 (PACKAGE-OD,Road Transport And Highways,,,2024-04,2024-04,1,2,2.0
PRJ_FF46EF4E20DA,DELHI VADODARA GREENFIELD ALIGNMENT SECTION OF NH 148N PACKAGE 26,Road Transport And Highways,,,2024-04,2024-04,1,2,2.0
PRJ_FF86CFEB64BD,DEVELOPMENT TO 4/6-LANNING OF NH-31 (NEW NH-10) WITH BOTH SIDE SERVICE ROADS FROM KM 569.258 TO KM 5,Road Transport And Highways,,,2024-04,2024-04,1,2,2.0
PRJ_FF8BF1DDD080,MADHUBAND NLW WASHERY,Coal,,,2024-04,2024-04,1,2,2.0
PRJ_FFF3C89428CE,KOLGAON EXPANSION (DEEP) OC,Coal,,,2024-04,2024-04,1,2,2.0
180100078,NATIONAL HYDRO-ELECTRIC POWER CORPORATION LOKTAK D/S HEP(N,,,MANIPUR,2022-06,2022-06,1,1,1.0
220100135,NORTH EAST FRONTIER RAILWAY NEW BG RLY LINE FROM EKLAKHI-B,,,WEST BENGAL,2022-06,2022-06,1,1,1.0
220100208,SOUTH EASTERN RAILWAY HOWRAH-AMTA-CHAMPADANGA NL,,,WEST BENGAL,2022-06,2022-06,1,1,1.0
220100220,MACHERLA-NALGONDA(NL)(SCR) 177 The section Devarak,,,TELANGANA,2022-06,2022-06,1,1,1.0
220100252,ANGAMALI-SABARIMALA (N.L.)(SR) 226 All sections co,,,KERALA,2022-06,2022-06,1,1,1.0
220100273,"DEOGHAR - SULTANGANJ (INL), ER 59 ""The main work T",,,MULTI STATE,2022-06,2022-06,1,1,1.0
220100274,Location: KARNATAKA 220100274 Capatity:,,,KARNATAKA,2022-06,2022-06,1,1,1.0
220100317,NORTH EASTERN RAILWAY KICHHA-KHATIMA (NL) - NER 11,,,UTTARAKHAND,2022-06,2022-06,1,1,1.0
220100319,HATHUA-BHATNI (N L) (NER) 113 As par Rly Boards D,,,MULTI STATE,2022-06,2022-06,1,1,1.0
N04000084,CONSTRUCTION OF NEW INTEGRATED TERMINAL BUILDING AND ASSOCI,,,TRIPURA,2022-06,2022-06,1,1,1.0
N06000068,HINGULA OC-II EXP. PH-III (15 MTY) 37 Dovetailed P,,,ODISHA,2022-06,2022-06,1,1,1.0
N06000081,MANIKPUR OC EXPANSION (3.5 MTY) 75 Submission of f,,,CHHATISGARH,2022-06,2022-06,1,1,1.0
N06000221,"BHANEGAON OC (1MTY) 104 ""Mine is under operation.",,,MAHARASHTRA,2022-06,2022-06,1,1,1.0
N06000224,DHANKASA UG (RECAST) (1 MTY) 113 RPR for Dinesh (M,,,MADHYA PRADESH,2022-06,2022-06,1,1,1.0
N06000228,"RPR FOR JAMUNIA UG 115 ""Total land involved in app",,,MADHYA PRADESH,2022-06,2022-06,1,1,1.0
N06000234,BHATADI EXPASION OC (0.975 MTY) 101 Formal EC secu,,,MAHARASHTRA,2022-06,2022-06,1,1,1.0
N08000018,RASHTRIYA CHEMICAL & FERTILISER LIMITED GAS TURBINE GENERA,,,MAHARASHTRA,2022-06,2022-06,1,1,1.0
N12000118,"REBUILDING OF COKE OVEN BATTERY NO-8 AT BSL 5 ""For",,,JHARKHAND,2022-06,2022-06,1,1,1.0
N12000128,SCREENING PLANT III AT KIRANDUL 3 Concreting of o,,,CHHATISGARH,2022-06,2022-06,1,1,1.0
N16000128,OIL & NATURAL GAS CORPORATION LIMITED CONVERSION OF RIG SA,,,MAHARASHTRA,2022-06,2022-06,1,1,1.0
N16000171,LPG TERMINAL AT KOCHI 55 Project Mechanically Comp,,,KERALA,2022-06,2022-06,1,1,1.0
N16000193,AUGMENTATION OF PARADIP-HALDIA-DURGAPUR LPG PIPELINE AND IT,,,MULTI STATE,2022-06,2022-06,1,1,1.0
N16000194,PARADIP HYDERABAD PIPLEINE 53 Banka-Patna-Muzaffar,,,MULTI STATE,2022-06,2022-06,1,1,1.0
N16000196,Location: MULTI STATE N16000196 Capatity:,,,MULTI STATE,2022-06,2022-06,1,1,1.0
N16000258,OIL INDIA LIMITED PIPELINE REHABILITATION PROJECT OF 575 K,,,MULTI STATE,2022-06,2022-06,1,1,1.0
N16000259,AUGMENTATION OF PUMPING CAPACITY OF BARAUNI-BONGAIGAON SECT,,,MULTI STATE,2022-06,2022-06,1,1,1.0
N16000268,ADDITIONAL FACILITIES AT SOLAPUR FOR CONVERSION TO TOP ON K,,,MAHARASHTRA,2022-06,2022-06,1,1,1.0
N16000273,DOBHI-DURGAPUR PIPELINE PROJECT 12 Construction pr,,,MULTI STATE,2022-06,2022-06,1,1,1.0
N16000288,CITY GAS DISTRIBUTION (CGD) NETWORK VARANASI 15 43,,,UTTAR PRADESH,2022-06,2022-06,1,1,1.0
N16000291,DEVELOPMENT OF R-SERIES FIELDS INCLUDING REVIVAL OF R-12 (R,,,MAHARASHTRA,2022-06,2022-06,1,1,1.0
N16000296,EXTENSION OF VISAKH-VIJAYAWADA-SECUNDERABAD PIPELINE (VVSPL,,,MULTI STATE,2022-06,2022-06,1,1,1.0
N16000300,KHARAGPUR LPG BOTTLING PLANT 61 Works in progress,,,WEST BENGAL,2022-06,2022-06,1,1,1.0
N16000305,"CONSTRUCTION OF GRASS ROOT POL TOP AT ASANUR, TAMIL NADU",,,TAMIL NADU,2022-06,2022-06,1,1,1.0
N16000308,CAPTIVE NATURAL GAS PIPELINE FROM DAHEJ TO KOYALI REFINERY,,,ODISHA,2022-06,2022-06,1,1,1.0
N16000315,"180 TMTPA NEW LPG PLANT AT PATALGANGA(DIST RAIGAD), MAHARAS",,,MAHARASHTRA,2022-06,2022-06,1,1,1.0
N16000317,LPG BP PROJECT MOTIHARI 77 Works in full swing. Co,,,BIHAR,2022-06,2022-06,1,1,1.0
N16000333,AUGMENTATION OF MATHURA-TUNDLA PIPELINE AND ITS EXTENSION F,,,UTTAR PRADESH,2022-06,2022-06,1,1,1.0
N16000337,INSTALLATION OF 'INDJET' UNIT AT BARAUNI REFINERY 7,,,BIHAR,2022-06,2022-06,1,1,1.0
N16000338,"ETHYLENE GLYCOL PROJECT AT PARADIP 74 ""188/227 nos",,,ODISHA,2022-06,2022-06,1,1,1.0
N16000344,Location: BIHAR N16000344 Capatity:,,,BIHAR,2022-06,2022-06,1,1,1.0
N16000350,REVAMPING OF VIJAYAWADA TERMINAL FOR CONVERSION TO TOP,,,ANDHRA PRADESH,2022-06,2022-06,1,1,1.0
N16000357,"DEVELOPMENT OF NEW MARGINAL FIELD WO 24-3, D30 AND B192 ALO",,,MAHARASHTRA,2022-06,2022-06,1,1,1.0
N16000359,"MUMBAI HIGH SOUTH REDEVELOPMENT PHASE-IV 139 ""Faci",,,MAHARASHTRA,2022-06,2022-06,1,1,1.0
N16000364,DEVELOPMENT OF COASTAL TERMINAL AT KRISHNAPATNAM PORT,,,ANDHRA PRADESH,2022-06,2022-06,1,1,1.0
N16000367,HASSAN CHERLAPALLI LPG PIPELINE 40 - Draft Cost Es,,,KARNATAKA,2022-06,2022-06,1,1,1.0
N16000377,"LAB REVAMP AT GUJARAT REFINERY 107 ""EPCC:01 Awarde",,,GUJARAT,2022-06,2022-06,1,1,1.0
N16000380,SETTING UP OF PHASE LL FACILITIES FOR HPCL GREEN R AND D CE,,,KARNATAKA,2022-06,2022-06,1,1,1.0
N16000384,BARMER PALANPUR PIPELINE 42 In order to have relia,,,MULTI STATE,2022-06,2022-06,1,1,1.0
N16000404,"REDEVELOPMENT OF NANDASAN FIELD 143 ""Facilities: ¿",,,GUJARAT,2022-06,2022-06,1,1,1.0
N16000407,220 KV GRID SUPPLY 45,,,ANDHRA PRADESH,2022-06,2022-06,1,1,1.0
N16000410,KEROSENE HYDROTREATER (KHT) UNIT INTEGRATED WITH EXISTING D,,,MAHARASHTRA,2022-06,2022-06,1,1,1.0
N16000476,CITY GAS DISTRIBUTION NETWORK PROJECT AT RUPNAGAR 4,,,PUNJAB,2023-06,2023-06,1,1,1.0
N18000066,POWER GRID CORPORATION OF INDIA LIMITED NORTH- EAST NORTH,,,MULTI STATE,2022-06,2022-06,1,1,1.0
N18000190,BRBCL-NABINAGAR TPP- JV (4X250 MW) 13,,,BIHAR,2022-06,2022-06,1,1,1.0
N18000192,NPGCPL-NABINAGAR STPP - JV (3X660 MW) 15 MoWR yet,,,BIHAR,2022-06,2022-06,1,1,1.0
N18000225,NATIONAL THERMAL POWER CORPORATION PAKRI BARWADIH COAL MIN,,,JHARKHAND,2022-06,2022-06,1,1,1.0
N18000276,ROURKELA PP-II EXPANSION (1X250 MW) - NSPCL 19 160,,,ODISHA,2022-06,2022-06,1,1,1.0
N18000280,DEVIKOT SOLAR 90MW 27 Project erection work comple,,,UTTAR PRADESH,2022-06,2022-06,1,1,1.0
N18000281,DEVIKOT SOLAR 150MW 25 Project commissioned and CO,,,UTTAR PRADESH,2022-06,2022-06,1,1,1.0
N18000283,KAWAS SOLAR 56 MW 32 CMCS ready. 290 MWp modules r,,,GUJARAT,2022-06,2022-06,1,1,1.0
N18000284,RAMAGUNDAM FLOATING SOLAR 100 MW 22 The 2400 MW (3,,,TELANGANA,2022-06,2022-06,1,1,1.0
N18000285,SAMBHU KI BHURJ SOLAR 250 MW 26 CMCS and SY Work c,,,RAJASTHAN,2022-06,2022-06,1,1,1.0
N18000287,JETSAR SOLAR 160 MW 24 Module installation started,,,RAJASTHAN,2022-06,2022-06,1,1,1.0
N18000289,FATEHGARH SOLAR 296MW 29 Work in progress in Trans,,,RAJASTHAN,2022-06,2022-06,1,1,1.0
N18000290,ETTAYAPURAM SOLAR 230MW 28 CMCS and SY Work comple,,,TAMIL NADU,2022-06,2022-06,1,1,1.0
N18000298,PARASAN SOLAR POWER PROJECT 86 5. Purchase Order f,,,UTTAR PRADESH,2022-06,2022-06,1,1,1.0
N18000309,SYSTEM STRENGTHENING SCHEMES AT TUTICORIN-II (ERSTWHILE TIRUNELVELLI GIS) AND BHUJ PS 57,,,MULTI STATE,2022-06,2022-06,1,1,1.0
N18000310,WESTERN REGION SYSTEM STRENGTHENING - XX 62,,,MULTI STATE,2022-06,2022-06,1,1,1.0
N18000311,SOUTHERN REGION SYSTEM STRENGTHENING - XXV 63,,,MULTI STATE,2022-06,2022-06,1,1,1.0
N18000312,TRANSMISSION SYSTEM FOR SOLAR ENERGY ZONES IN RAJASTHAN 64,,,RAJASTHAN,2022-06,2022-06,1,1,1.0
N18000318,NORTH EASTERN REGION STRENGTHENING SCHEME-VIII 56,,,MULTI STATE,2022-06,2022-06,1,1,1.0
N20000001,NATRIP IMPLEMENTATION SOCITY NATIONAL AUTOMOTIVE TESTING A,,,MULTI STATE,2022-06,2022-06,1,1,1.0
N21000026,"ALL INDIA INSTITUTE OF MEDICAL SCIENCE AT BATHINDA, PUNJAB",,,PUNJAB,2022-06,2022-06,1,1,1.0
N22000084,TINDIVANAM-GINGEE-TIRUVANNAMALAI (NL) 227 FLS has,,,TAMIL NADU,2022-06,2022-06,1,1,1.0
N22000130,ANANDNAGAR GHUGHALI VIA MAHRAJGANJ UP 115 As per r,,,UTTAR PRADESH,2022-06,2022-06,1,1,1.0
N22000131,CHHITAUNI TAMKUHI ROAD KUSHINAGAR GOPALGANJ UP 114,,,MULTI STATE,2022-06,2022-06,1,1,1.0
N22000136,KAPILVASTU-BASTI VIA BANSI SIDHARTHNAGAR BASTI NAUGARH UP,,,UTTAR PRADESH,2022-06,2022-06,1,1,1.0
N22000141,DHASA-JETALSAR (GC) 165 This is a super critical p,,,GUJARAT,2022-06,2022-06,1,1,1.0
N22000143,"WESTERN RAILWAY RAJKOT-VERAVAL,WANSJALIA TO JATALSAR WITH",,,GUJARAT,2022-06,2022-06,1,1,1.0
N22000147,Location: MULTI STATE N22000147 Capatity:,,,MULTI STATE,2022-06,2022-06,1,1,1.0
N22000150,"AJMER-KOTA (NASIRABAD-JAUNDRI) 129 (i)As per MoU,",,,RAJASTHAN,2022-06,2022-06,1,1,1.0
N22000151,PUSHKAR-MERTA 130 •Work sanctioned in year 2013-14,,,RAJASTHAN,2022-06,2022-06,1,1,1.0
N22000159,"BOWAICHANDI-ARAMBAGH 200 ""Bankura-Rainagar GC (97",,,WEST BENGAL,2022-06,2022-06,1,1,1.0
N22000160,DIGHA-JALESWAR INCLUDING MM FOR DIGHA-EGRA 201 Pro,,,MULTI STATE,2022-06,2022-06,1,1,1.0
N22000167,NAWADA-LAXMIPUR (NL) 37 Railway Board vide D.O. No,,,BIHAR,2022-06,2022-06,1,1,1.0
N22000168,GAYA-DALTONGANJ VIA RAFIGANJ (NL) 38 Railway Board,,,BIHAR,2022-06,2022-06,1,1,1.0
N22000169,GAYA-CHATRA (NL) 36,,,MULTI STATE,2022-06,2022-06,1,1,1.0
N22000170,BIHTA-AURANGABAD (NL) 35 As per Rly. Board letter,,,BIHAR,2022-06,2022-06,1,1,1.0
N22000172,CHHAPRA-MUZAFFARPUR (NL) 27 As per Rly. Board lett,,,BIHAR,2022-06,2022-06,1,1,1.0
N22000174,MOTIHARI-SITAMARHI (NL) 28 DE is under approval at,,,BIHAR,2022-06,2022-06,1,1,1.0
N22000175,SITAMARHI-JAYNAGAR-NIRMALI VIA SURSAND (NL) 34 As,,,BIHAR,2022-06,2022-06,1,1,1.0
N22000176,MUZAFFARPUR-KATRA-ORAI-JANAKPUR ROAD (NL) 33 ¿ Sup,,,BIHAR,2022-06,2022-06,1,1,1.0
N22000178,KURSELA-BIHARIGANJ (NL) 31 As per Rly. Board lette,,,BIHAR,2022-06,2022-06,1,1,1.0
N22000179,MUZAFFARPUR-DARBANGHA (NL) 30 Railway Board vide D,,,BIHAR,2022-06,2022-06,1,1,1.0
N22000186,SRIPERUMBUDUR-GUDUVANCHERY WITH SPUR TO IRUNGATTUKKOTTAI-AV,,,TAMIL NADU,2022-06,2022-06,1,1,1.0
N22000190,KURUPPANTHARA-CHINGAVANAM 229 Out of the total req,,,MULTI STATE,2022-06,2022-06,1,1,1.0
N22000191,KUMBALAM-TURAVUR 236 Awaiting approval of DPR and,,,KERALA,2022-06,2022-06,1,1,1.0
N22000193,"NEW BG LINE FROM KALIYAGANJ TO BUNIADPUR 102 ""820",,,WEST BENGAL,2022-06,2022-06,1,1,1.0
N22000196,DIMAPUR-TIZIT NL 109,,,NAGALAND,2022-06,2022-06,1,1,1.0
N22000199,ERODE-PALANI 232 Originally the project was to be,,,TAMIL NADU,2022-06,2022-06,1,1,1.0
N22000204,ERNAKULAM-KUMBALAM 235 Perungudi (Chennai) to Cudd,,,KERALA,2022-06,2022-06,1,1,1.0
N22000209,NEW JALPAIGURI SILIGURI NEW BONGAIGAON INCLUDING BR LINE AN,,,MULTI STATE,2022-06,2022-06,1,1,1.0
N22000212,CIRCULAR RAILWAY INCLUDING REMOUNT ROAD TO SANTOSHPUR,,,WEST BENGAL,2022-06,2022-06,1,1,1.0
N22000217,"SULTANGANJ-KATURIA VIA ASARGANJ, TARAPUR AND BELHAR",,,MULTI STATE,2022-06,2022-06,1,1,1.0
N22000218,HANSNABAD-HINGALGANJ NEW BG LINE 67 Magrahat – Dia,,,MULTI STATE,2022-06,2022-06,1,1,1.0
N22000224,KALINARAYANPUR-KRISHNANAGAR DOUBLING ALONGWITH KRISHNANAGAR,,,MULTI STATE,2022-06,2022-06,1,1,1.0
N22000227,KALINARAYANPUR-SHANTIPUR DOUBLING WITH NEW MM FOR RANAGHAT-,,,MULTI STATE,2022-06,2022-06,1,1,1.0
N22000234,"BARIARPIUR-MANANPURVIA KHARAGPUER, LACHIMPUR-BARAHAT",,,MULTI STATE,2022-06,2022-06,1,1,1.0
N22000240,"NEW ALIPUR TO AKRA, MM FOR BUDGE BUDGE-PUJALI NL, PUJALI-UL",,,MULTI STATE,2022-06,2022-06,1,1,1.0
N22000241,SONARPUR-CANNING WITH NEW MM FOR KALIKAPUR-MINAKHAN VIA GHA,,,MULTI STATE,2022-06,2022-06,1,1,1.0
N22000242,CHANDPARA-BANGAON DOUBLING WITH EXENSION TO CHANDBAZAR AND,,,MULTI STATE,2022-06,2022-06,1,1,1.0
N22000243,MAGRAHAT-DIAMOND HARBOUR WITH MM SANGRAMPUR-KRISHANCHANDPUR,,,MULTI STATE,2022-06,2022-06,1,1,1.0
N22000265,GUDUR-DURGARAJAPATNAM 183 A)Section bet NPGRL-SYM,,,ANDHRA PRADESH,2022-06,2022-06,1,1,1.0
N22000269,Location: DELHI N22000269 Capatity:,,,DELHI,2022-06,2022-06,1,1,1.0
N22000276,CHIKBALLA-PUR-PUTTTAPARTHY-SRI SATYA SAI NILAYAM NL,,,KARNATAKA,2022-06,2022-06,1,1,1.0
N22000277,SRINIVASA-PURA-MADANAPALLI NL 220 Expenditure/comm,,,MULTI STATE,2022-06,2022-06,1,1,1.0
N22000282,CUMBUM-PRODDATUR 187 It is a cost sharing project,,,ANDHRA PRADESH,2022-06,2022-06,1,1,1.0
N22000287,BHADRACHALAM ROAD-SATTUPALLI 181 State Govt. has n,,,MULTI STATE,2022-06,2022-06,1,1,1.0
N22000288,"KADAPA-BANGALORE (NL), KADAPA-PENDLIMARRI PH-I 180",,,MULTI STATE,2022-06,2022-06,1,1,1.0
N22000294,UNCHAHAR-AMETHI 143 Assistance Required From State,,,UTTAR PRADESH,2022-06,2022-06,1,1,1.0
N22000295,QADIAN-BEAS 141 A)Doubling from Mansa to Bathinda,,,PUNJAB,2022-06,2022-06,1,1,1.0
N22000300,"CHIKBALLA-PUR-GOWRIBIDANUR NL 219 ""1) Sanganal - K",,,KARNATAKA,2022-06,2022-06,1,1,1.0
N22000328,YELAHANKA-PENUKONDA 224 The stretch between Nittur,,,MULTI STATE,2022-06,2022-06,1,1,1.0
N22000330,AJMER(NASIRABAD)- SAWAI MADHOPUR (CHAUTH KA BARWARA) VIS TO,,,RAJASTHAN,2022-06,2022-06,1,1,1.0
N22000332,"ARSIKERE-TUMKUR 223 ""1)Work is in progress in the",,,KARNATAKA,2022-06,2022-06,1,1,1.0
N22000353,INDORE - MANMAD VIA MALEGAON (368 KM) 8 31.01.2022,,,MAHARASHTRA,2022-06,2022-06,1,1,1.0
N22000354,PUNE-NASIK (265 KM) 13 Kopargaon to Yeola (13.613,,,MAHARASHTRA,2022-06,2022-06,1,1,1.0
N22000355,VAIBHAVWADI -KOLHAPUR (107 KM) 11 Total land acqui,,,MAHARASHTRA,2022-06,2022-06,1,1,1.0
N22000364,KONDAPALLI-KOTHAGUDEM 188 Railway Board vide Lr No,,,TELANGANA,2022-06,2022-06,1,1,1.0
N22000366,DUVVADA-VIJAYAWADA 190 Commissioned up to April 20,,,ANDHRA PRADESH,2022-06,2022-06,1,1,1.0
N22000389,"DIGARU-HOJAI (102 KM) 111 ""Present Status of Work:",,,ASSAM,2022-06,2022-06,1,1,1.0
N22000402,BANKURA DAMODAR VALLEY RLY LINE 96 KM GC WITH 6MMS FOR,,,WEST BENGAL,2022-06,2022-06,1,1,1.0
N22000403,SECUNDERABAD-MAHABUBNAGAR DOUBLING 174 than 70% ha,,,TELANGANA,2022-06,2022-06,1,1,1.0
N22000408,DIGHI PORT NEW LINE 172 Total length: 120 km: Comm,,,MAHARASHTRA,2022-06,2022-06,1,1,1.0
N22000438,SOUTH EAST CENTRAL RAILWAY CHHINDWARA NAINPUR MANDLA FORT,,,MADHYA PRADESH,2022-06,2022-06,1,1,1.0
N22000443,PALAKKAD - SETTING UP OF RAIL COACH FACTORY 238 Pr,,,KERALA,2022-06,2022-06,1,1,1.0
N22000457,BAHRAICH - MAILANI GAUGE CONVERSION INCLUDING BY-PASS AT MA,,,UTTAR PRADESH,2022-06,2022-06,1,1,1.0
N22000462,ETAH - KASGANJ - NEW LINE 126 As par Rly Boards DO,,,UTTAR PRADESH,2022-06,2022-06,1,1,1.0
N22000492,JALANDHAR-PATHANKOT-JAMMU TAWI 137 Project is Kept,,,MULTI STATE,2022-06,2022-06,1,1,1.0
N22000499,NEW JALPAIGURI-SILIGURI-NEW BONGAIGAON GC WITH MM OF NEW LI,,,WEST BENGAL,2022-06,2022-06,1,1,1.0
N24000122,DELHI/ HARYANA BORDER TO ROHTAK 565 PCC for 63.85K,,,HARYANA,2022-06,2022-06,1,1,1.0
N24000125,GUJARAT/MAHARASHTRA BORDERSURAT-HAZIRA PORT SECTION,,,GUJARAT,2022-06,2022-06,1,1,1.0
N24000131,SURAT- DAHISAR(SIX LANE) KM 263 TO KM 502 567 Cumu,,,MULTI STATE,2022-06,2022-06,1,1,1.0
N24000136,INDORE-JHABUA-GUJRAT/MP 574 Physical progress achi,,,MADHYA PRADESH,2022-06,2022-06,1,1,1.0
N24000149,Location: KERALA N24000149 Capatity:,,,KERALA,2022-06,2022-06,1,1,1.0
N24000155,4 LANING OF NAGPUR-BETUL 579 This Project was appr,,,MULTI STATE,2022-06,2022-06,1,1,1.0
N24000156,PUNE-SATARA(NH-4) 575,,,MAHARASHTRA,2022-06,2022-06,1,1,1.0
N24000159,INDORE-DEWAS(NH-3) 576 Out of 140.35 kms only 136.,,,MADHYA PRADESH,2022-06,2022-06,1,1,1.0
N24000170,GHAZIABAD-ALIGARH NH-91 582 This Project was appro,,,UTTAR PRADESH,2022-06,2022-06,1,1,1.0
N24000172,SIX LANNING OF KRISHNAGIRI- WALAJHAPET SECTION KM.0.00 TO K,,,TAMIL NADU,2022-06,2022-06,1,1,1.0
N24000173,DEVELOPMENT OF ADIQUATE ROAD CONNECTIVITY TO CHENNAI- ENNOR,,,TAMIL NADU,2022-06,2022-06,1,1,1.0
N24000175,KANDLA - MUNDRA PORT 577 The construction work of,,,GUJARAT,2022-06,2022-06,1,1,1.0
N24000178,TIRUPATI - TIRUTHANI - CHENNAI 583 This Project wa,,,ANDHRA PRADESH,2022-06,2022-06,1,1,1.0
N24000185,PATNA-BAKTZARPUR KM.181.3 TO KM.231.95 590 The con,,,BIHAR,2022-06,2022-06,1,1,1.0
N24000188,2 LANNING OF MUZAFFARPUR - SONBARSA 585 This Proje,,,BIHAR,2022-06,2022-06,1,1,1.0
N24000200,Location: UTTAR PRADESH N24000200 Capatity:,,,UTTAR PRADESH,2023-06,2023-06,1,1,1.0
N24000201,Location: MULTI STATE N24000201 Capatity:,,,MULTI STATE,2022-06,2022-06,1,1,1.0
N24000202,4-LANING OF FARAKA-RAIGANJ 581 This Project was ap,,,WEST BENGAL,2022-06,2022-06,1,1,1.0
N24000206,6-LANING OF DHANKUNI-KHARAGPUR SECTION 598 Project,,,WEST BENGAL,2022-06,2022-06,1,1,1.0
N24000208,2-LANING WITH PS RAIBAREILI TO ALLAHABAD 600 54.50,,,UTTAR PRADESH,2022-06,2022-06,1,1,1.0
N24000216,PANVEL-INDAPUR 538 Project completed Location: M,,,MAHARASHTRA,2023-06,2023-06,1,1,1.0
N24000219,ETAWAH CHAKERI 605 Project id currently is operati,,,UTTAR PRADESH,2022-06,2022-06,1,1,1.0
N24000222,AHMEDABAD TO VADODARA SECTION 604 Work in Progress,,,GUJARAT,2022-06,2022-06,1,1,1.0
N24000230,WIDENING OF KHED-SINNAR STRETCH OF PUNE NASHIK SECTION OF N,,,MAHARASHTRA,2022-06,2022-06,1,1,1.0
N24000233,4 LANNING OF MH-KNT BORDER SANGAREDDY SECTION OF NH-9,,,TELANGANA,2022-06,2022-06,1,1,1.0
N24000254,REHABILATION AND UPGRADATION OF NH-222(61) FOM KM 342.00 TO,,,MAHARASHTRA,2022-06,2022-06,1,1,1.0
N24000259,CONST. OF CANACONA BYPASS FROM KM.68/00 (CH.00/00) TO KM. 8,,,GOA,2022-06,2022-06,1,1,1.0
N24000281,REHABILITATION AND UP GRADATION OF NH-12A FROM KM191.422-K,,,CHHATISGARH,2022-06,2022-06,1,1,1.0
N24000322,FOUR LANING FROM GOHPUR TO HOLONGI SECTION FROM KM 264.10 O,,,ASSAM,2022-06,2022-06,1,1,1.0
N24000326,CONSTRUCTION OF 2-LANE ROAD FROM KM 33 TO KM 65.00 OF AKAJA,,,ARUNACHAL PRADESH,2022-06,2022-06,1,1,1.0
N24000327,2 LANING FROM LONGDING TO KANUBARI OF NH-52B FROM KM 0 TO K,,,ARUNACHAL PRADESH,2022-06,2022-06,1,1,1.0
N24000328,2 LANING WITH PAVED SHOULDER OF AGARTALA-UDAIPUR SECTION OF,,,TRIPURA,2022-06,2022-06,1,1,1.0
N24000342,TWO LANE WITH PAVED SHOULDERS OF BIJAPUR - GULBARGA - HOMNA,,,KARNATAKA,2022-06,2022-06,1,1,1.0
N24000350,TWO LANING WITH PS OF NAGAPATTINAM - THANJAVUR 628,,,TAMIL NADU,2022-06,2022-06,1,1,1.0
N24000356,FOUR LANING OF VARANASI BYPASS 627 Project was com,,,UTTAR PRADESH,2022-06,2022-06,1,1,1.0
N24000360,2-LANING WITH PAVED SHOULDERS OF RAEBARELI - BANDA SECTION,,,UTTAR PRADESH,2022-06,2022-06,1,1,1.0
N24000362,2 LANING WITH PAVED SHOULDER OF SITARGANJ - TANAKUR SECTIO,,,UTTAR PRADESH,2022-06,2022-06,1,1,1.0
N24000364,2-LANING WITH PS SITARGANJ BAREILY SECTION 548 Thi,,,UTTAR PRADESH,2023-06,2023-06,1,1,1.0
N24000367,2-LANING WITH PAVED SHOULDERS OF TANDA -RAEBARELI 6,,,UTTAR PRADESH,2022-06,2022-06,1,1,1.0
N24000391,4-LANING OF MOGA -TALLEWAL SECTION OF NH-71 FROM KM 77.200,,,PUNJAB,2022-06,2022-06,1,1,1.0
N24000392,2 LANING FROM KANUBARI TO START OF BOGIBEEL BRIDGE APPROA,,,ASSAM,2022-06,2022-06,1,1,1.0
N24000423,2 LANING WITH PS OF GULABPURA - UNIARA 641 This Pr,,,RAJASTHAN,2022-06,2022-06,1,1,1.0
N24000426,2-LANE WITH PAVED SHOULDER WITH PROVISION OF CAPACITY AUGME,,,RAJASTHAN,2022-06,2022-06,1,1,1.0
N24000427,4 LANING OF BAHARAGORA - SINGHARA 630 Project is c,,,ODISHA,2022-06,2022-06,1,1,1.0
N24000432,CONSTRUCTION OF NH-4B FROM KM.21.200 TO KM.27.270( D TO E S,,,MAHARASHTRA,2022-06,2022-06,1,1,1.0
N24000435,CONSTRUCTION OF KARALPHATA INTERCHANGE FROM 3.600 TO KM 6.0,,,MAHARASHTRA,2022-06,2022-06,1,1,1.0
N24000437,CONSTRUCTION OF ISLAMPUR BY PASS 644 Financial pro,,,WEST BENGAL,2022-06,2022-06,1,1,1.0
N24000441,CONSTRUCTION OF GAVANPHATA INTERCHANGE FROM 14.740 TO KM 15,,,MAHARASHTRA,2022-06,2022-06,1,1,1.0
N24000443,4 LANING OF AMBALA - KAITHAL - PACKAGE -1 657 This,,,HARYANA,2022-06,2022-06,1,1,1.0
N24000445,BIKANER - PHALODI SECTION TO FOUR LANING FROM KM.4.200 TO K,,,RAJASTHAN,2022-06,2022-06,1,1,1.0
N24000448,4 LANING OF AMBALA - KAITHAL - PACKAGE -2 658 This,,,HARYANA,2022-06,2022-06,1,1,1.0
N24000449,8 LANING OF MUKARBA CHOWK TO PANIPAT 631 Out of 11,,,HARYANA,2022-06,2022-06,1,1,1.0
N24000453,4 LANING OF SOLAPUR YEDISHI SECTION OF NH-211 619,,,MAHARASHTRA,2022-06,2022-06,1,1,1.0
N24000454,4-LANING OF SOLAPUR - MAHARASHTRA/ KARNATKA SECTION,,,MAHARASHTRA,2022-06,2022-06,1,1,1.0
N24000460,4-LANING OF GHAGHRA BRIDGE TO VARANSI,,,UTTAR PRADESH,2022-06,2022-06,1,1,1.0
N24000468,FOUR LANING OF REWA - KATNI - JABALPUR - PACKAGE -II,,,MADHYA PRADESH,2022-06,2022-06,1,1,1.0
N24000469,FOUR LANING OF REWA - KATNI - JABALPUR - PACKAGE -I,,,MADHYA PRADESH,2022-06,2022-06,1,1,1.0
N24000477,GURGAON - KOTPUTLI - JAIPUR (SIX LANE) 566 This Pr,,,RAJASTHAN,2022-06,2022-06,1,1,1.0
N24000478,GOHARGANJ TO BHOPAL SECTION OF NH-12 IN MADHYA PRADESH KM 4,,,MADHYA PRADESH,2022-06,2022-06,1,1,1.0
N24000483,FOUR LANNING OF LUDHIYANA- TALWANDI SECTION 618 PC,,,PUNJAB,2022-06,2022-06,1,1,1.0
N24000485,FOUR LANING WITH PS TALEBANI -SMBALPUR 652 Physica,,,ODISHA,2022-06,2022-06,1,1,1.0
N24000486,FOUR LANING OF YADGIRI - WARANGAL 651 cum.physical,,,TELANGANA,2022-06,2022-06,1,1,1.0
N24000489,FOUR LANING OF JABALPUR - LAKHNADON 621 Final paym,,,MADHYA PRADESH,2022-06,2022-06,1,1,1.0
N24000490,FOUR LANING OF HOSPET - CHITRADURGA 623 This Proje,,,KARNATAKA,2022-06,2022-06,1,1,1.0
N24000491,FOUR LANING OF SULTANPUR TO VARANASI (PKG-II) 660,,,UTTAR PRADESH,2022-06,2022-06,1,1,1.0
N24000495,FOUR LANING OF SIMGA - SARAGAON 649 This Project w,,,CHHATISGARH,2022-06,2022-06,1,1,1.0
N24000498,FOUR LANING OF GHAGHRA BRIDGE TO VARANASI,,,UTTAR PRADESH,2022-06,2022-06,1,1,1.0
N24000511,WIDNG WITH PS AND STRNG FROM KM.0.00 TO 50.675 OF NH-730A E,,,UTTAR PRADESH,2022-06,2022-06,1,1,1.0
N24000521,TWO LANING WITH PS OF CHHAPRA -GOPALGANJ 636 4-lan,,,BIHAR,2022-06,2022-06,1,1,1.0
N24000522,TWO LANING WITH PS OF CHHAPRA -REWAGHAT - MUZAFFARPUR,,,BIHAR,2022-06,2022-06,1,1,1.0
N24000527,WIDENING TO 2 LANE AND IMPROVEMENT VIJAYWADA RANCI ROUTE FR,,,ODISHA,2022-06,2022-06,1,1,1.0
N24000539,MEERUT-BULANDSHAHAR 659 This Project was approved,,,UTTAR PRADESH,2022-06,2022-06,1,1,1.0
N24000544,ALIGARH MORADABAD SECTION OF NH-93 FROM KM 85.650 TO KM 232,,,UTTAR PRADESH,2022-06,2022-06,1,1,1.0
N24000547,4-LANNING OF VARANASI GORAKHPUR SECTION OF NH-29 FROM 12.00,,,UTTAR PRADESH,2022-06,2022-06,1,1,1.0
N24000550,JHARPOKHARIA-BARIPADA-BALESHWAR SECTION 662 This P,,,ODISHA,2022-06,2022-06,1,1,1.0
N24000557,FOUR LANNING OF VILLUKURI TO KANYAKUMARI SECTION FROM KM 70,,,TAMIL NADU,2023-06,2023-06,1,1,1.0
N24000562,4-LANNING OF CHUTMALPUR-GANESHPUR SECTION OF NH-72A FROM KM,,,UTTARAKHAND,2022-06,2022-06,1,1,1.0
N24000565,4-LANNING OF NAGINA-KASHIPUR SECTION OF NH-74 FROM KM 73.00,,,UTTAR PRADESH,2022-06,2022-06,1,1,1.0
N24000589,FOUR LANNING OF BAR-BILARA-JODHPUR SECTION OF NH-112 (EXIST,,,RAJASTHAN,2022-06,2022-06,1,1,1.0
N24000590,BALANCE WORK OF 4 LANING OF GORAKPUR -GOPALGANJ 626,,,BIHAR,2022-06,2022-06,1,1,1.0
N24000594,TWO/FOUR LANNING WITH PAVED SHOULDERS OF GOVINDPUR (RAIGANJ,,,JHARKHAND,2022-06,2022-06,1,1,1.0
N24000598,4-LANING OF HOSKOTE-DOBBASPET 547 Physical progres,,,KARNATAKA,2023-06,2023-06,1,1,1.0
N24000599,4 LANNING OF LUCKNOW-SULTANPUR SECTION OF NH-56 FROM KM 11.,,,UTTAR PRADESH,2022-06,2022-06,1,1,1.0
N24000601,4 LANING FROM PHAGWARA TO RUPNAGAR 691 Current Phy,,,PUNJAB,2022-06,2022-06,1,1,1.0
N24000602,FOUR LANNING OF HUBLI-HOSPET SECTION OF NH-63 FROM KM. 129.,,,KARNATAKA,2022-06,2022-06,1,1,1.0
N24000605,Location: MADHYA PRADESH N24000605 Capatity:,,,MADHYA PRADESH,2022-06,2022-06,1,1,1.0
N24000607,FOUR LANING OF BARHI-HAZARIBAGH NH-33 696 Project,,,JHARKHAND,2022-06,2022-06,1,1,1.0
N24000610,"REHABILIATION OF 4-LANE 5.575 KM LONG,4-LANE MG SETU OVER G",,,BIHAR,2022-06,2022-06,1,1,1.0
N24000616,CONSTRUCTION OF 2-LANE ROAD FROM EXISTING KM 21.500 OF HUNL,,,ARUNACHAL PRADESH,2022-06,2022-06,1,1,1.0
N24000620,FOUR LANNING OF CHICHRA-KHARAGPUR SECTION OF NH-6 FROM KM 1,,,WEST BENGAL,2022-06,2022-06,1,1,1.0
N24000627,4-LANNING OF CHIKHLI TO TARSOD,,,MAHARASHTRA,2022-06,2022-06,1,1,1.0
N24000631,SIX LANNING FROM EXISTING KM 494.410(DESIGN CHAINAGE 540.59,,,MAHARASHTRA,2022-06,2022-06,1,1,1.0
N24000634,FOUR LANNING OF TAKOLI-KULLU SECTION OF NH-21 (KM 242+000 T,,,HIMACHAL PRADESH,2022-06,2022-06,1,1,1.0
N24000636,6-LANNING OF KISHANGARH TO GULABPURA SECTION OF NH-79A AND,,,RAJASTHAN,2022-06,2022-06,1,1,1.0
N24000637,CONSTRUCTION OF GORAKHPUR BYPASS FROM EXISTING KM 79.670 OF,,,UTTAR PRADESH,2022-06,2022-06,1,1,1.0
N24000638,4 LANING OF KASHIPUR-SITARGANJ SECTION KM. 175.000 TO KM. 2,,,UTTARAKHAND,2022-06,2022-06,1,1,1.0
N24000639,WIDENING AND STRENFTHENING OF EXISITNG SL IL TO 2 LANE CARR,,,ODISHA,2022-06,2022-06,1,1,1.0
N24000645,REHABILITATION AND UPGRADING TO 2 LANE WITH PAVED SHOULDER,,,ODISHA,2022-06,2022-06,1,1,1.0
N24000648,CONSTRUCTION OF NH-28 4-LANE BYPASS STARTING FROM KM 17.600,,,UTTAR PRADESH,2022-06,2022-06,1,1,1.0
N24000651,FOUR LANNING OF TULJAPUR-AUSA SECTION 713 Three su,,,MAHARASHTRA,2022-06,2022-06,1,1,1.0
N24000654,FOUR LANNING OF JHANSI-KHAJURAHO SECTION(PKG-II) OF NH-75/7,,,UTTAR PRADESH,2022-06,2022-06,1,1,1.0
N24000660,DEVELOPMENT OF MULTILANE CARRIAGEWAY FROM KANHAN TO AUTOMAT,,,MAHARASHTRA,2022-06,2022-06,1,1,1.0
N24000663,DEVELOPMENT OF DELHI MEERUT EXPRESSWAY FROM KM.0.000 TO KM,,,UTTAR PRADESH,2022-06,2022-06,1,1,1.0
N24000668,SIX LANNING OF RANASTALAM-ANANDAPURAM SECTION OF NH-16 FROM,,,ANDHRA PRADESH,2022-06,2022-06,1,1,1.0
N24000671,REHABILITATION AND UPGRADATION BY 4-LANING OF SINGHARA TO B,,,ODISHA,2022-06,2022-06,1,1,1.0
N24000672,6-LANNING OF HANDIA-VARANASI SECTION OF NH-2 FROM KM 713.14,,,UTTAR PRADESH,2022-06,2022-06,1,1,1.0
N24000674,SIX LANING OF DAVANGERE-HAVERI FROM KM 260+000 TO KM 338+92,,,KARNATAKA,2022-06,2022-06,1,1,1.0
N24000675,SIX LANING OF CHITRADURGA-DAVANGERE INCLUDING CHITRADURGA B,,,KARNATAKA,2022-06,2022-06,1,1,1.0
N24000693,4-LANNING OF PORBANDAR DWARKA SECTION IN THE STATE OF GUJAR,,,GUJARAT,2022-06,2022-06,1,1,1.0
N24000695,RHENOK-RORAHTHANG-PAKYONG ON NH 717A 395,,,SIKKIM,2022-06,2022-06,1,1,1.0
N24000702,FOUR LANNING BALANCE WORK FOR BHOPAL-BIAORA SECTION OF NH-,,,MADHYA PRADESH,2022-06,2022-06,1,1,1.0
N24000703,FOUR LANNING OF DARAH-JHALWAR-TEENDHAR FROM KM 29.000 TO KM,,,RAJASTHAN,2022-06,2022-06,1,1,1.0
N24000705,BALANCE WORK OF 4-LANNING OF LALGHATI TO MUBARAKPUR OF NH-1,,,MADHYA PRADESH,2022-06,2022-06,1,1,1.0
N24000706,BALANCE WORK OF 4-LANNING OF OBEDULLAGANJ TO ITARSI SECTION,,,MADHYA PRADESH,2022-06,2022-06,1,1,1.0
N24000710,SIX LANING OF CHENNAI-TADA SECTION OF NH-5 FROM KM 11/0 TO,,,TAMIL NADU,2022-06,2022-06,1,1,1.0
N24000712,DESIGN AND CONSTRUCTION OF DELHI-MEERUT EXPRESSWAY FROM DA,,,UTTAR PRADESH,2022-06,2022-06,1,1,1.0
N24000713,SIX LANING OF PIMPALGAON-NASHIK-GONDE SECTION OF NH-3 FROM,,,MAHARASHTRA,2022-06,2022-06,1,1,1.0
N24000716,REHABILITATION AND UPGRADATION OF FOUR LANING OF NH-23 (NEW,,,ODISHA,2022-06,2022-06,1,1,1.0
N24000719,Location: ANDHRA PRADESH N24000719 Capatity:,,,ANDHRA PRADESH,2022-06,2022-06,1,1,1.0
N24000721,ADDITIONAL FACILITY FOR 4-LANE DIVIDED HIGHWAY OF KM 52.250,,,UTTAR PRADESH,2022-06,2022-06,1,1,1.0
N24000728,FOUR LANNING WORK FROM HIRAN RIVER TO SINDOOR RIVER 767,,,MADHYA PRADESH,2022-06,2022-06,1,1,1.0
N24000730,4-LANING FROM KARODI TO TELWADI (KM 320.104 TO 375.000),,,MAHARASHTRA,2022-06,2022-06,1,1,1.0
N24000732,REHABILITATION AND UP-GRADATION OF EXISTING 2-LANE TO 4 LAN,,,ODISHA,2022-06,2022-06,1,1,1.0
N24000735,REHABILITATION AND UP GRADATION OF EXISTING 2-LANE TO 4-LAN,,,ODISHA,2022-06,2022-06,1,1,1.0
N24000737,REHABILITATION SIX LANING UPGRADATION CHANDIKHOLE BHADRAK,,,ODISHA,2022-06,2022-06,1,1,1.0
N24000740,VARANASI RING ROAD PKG - I 778 Progress is slow.,,,UTTAR PRADESH,2022-06,2022-06,1,1,1.0
N24000746,CONSTRUCTION OF MAJOR BRIDGE OVER HUMPHREY STRAIT CREEK BET,,,,2022-06,2022-06,1,1,1.0
N24000754,CONSTRUCTION OF TWO LANE WITH HARD SHOULDERS OF CHAKABAMA-Z,,,NAGALAND,2022-06,2022-06,1,1,1.0
N24000755,CONSTRUCTION OF TWO LANE WITH HARD SHOULDERS OF CHAKABAMA-,,,NAGALAND,2022-06,2022-06,1,1,1.0
N24000759,CONSTRUCTION OF TWO-LANE WITH HARD SHOULDERS OF PFUTSERO PH,,,NAGALAND,2022-06,2022-06,1,1,1.0
N24000760,CONSTRUCTION OF TWO LANE WITH HARD SHOULDERS OF PFUTSERO-PH,,,NAGALAND,2022-06,2022-06,1,1,1.0
N24000761,CONSTRUCTION OF TWO LANE WITH HARD SHOULDERS OF PFUTSERO-P,,,NAGALAND,2022-06,2022-06,1,1,1.0
N24000762,CONSTRUCTION OF TWO LANE WITH HARD SHOULDERS OF MERANGKONG-,,,NAGALAND,2022-06,2022-06,1,1,1.0
N24000769,CONSTRUCTION/UPGRADATION OF EXISTING ROAD TO 2-LANE WITH PA,,,SIKKIM,2022-06,2022-06,1,1,1.0
N24000785,FOUR LANING OF TRICHY TO KALLAGAM SECTION ON NH-227 IN THE,,,TAMIL NADU,2022-06,2022-06,1,1,1.0
N24000786,FOR REHABILITATION AND UPGRADATION FROM 2-LANE TO 4-LANE OF,,,UTTAR PRADESH,2022-06,2022-06,1,1,1.0
N24000787,"SIX-LANING OF BANGALORE – NIDAGATTA SECTION, KM 18.000 TO K",,,KARNATAKA,2022-06,2022-06,1,1,1.0
N24000789,"SIX LANING OF NIDAGATTA-MYSORE SECTION, KM 74.20 TO KM 135.",,,KARNATAKA,2022-06,2022-06,1,1,1.0
N24000790,REHABILITATION AND UP GRADATION TO FOUR LANING OF NH-31D FR,,,WEST BENGAL,2022-06,2022-06,1,1,1.0
N24000793,FOUR LANING OF ALIGARH - KANPUR SECTION PKG-II FROM BHADWAS - KALYANPUR. 837,,,UTTAR PRADESH,2022-06,2022-06,1,1,1.0
N24000800,4-LANING OF ALIGARH-KANPUR SECTION FROM KM 229.000 (DESIGN,,,UTTAR PRADESH,2022-06,2022-06,1,1,1.0
N24000802,REHABILITATION AND UP-GRADATION FROM 2 LANE TO 4 LANE OF NH,,,UTTAR PRADESH,2022-06,2022-06,1,1,1.0
N24000804,FOUR LANING OF NH 161 FROM MANGLOOR (DESIGN KM 135.751 EXIS,,,TELANGANA,2022-06,2022-06,1,1,1.0
N24000806,CONSTRUCTION OF 4 LANE NH-29 BYPASS PHASE-II CONNECTING NH-,,,UTTAR PRADESH,2022-06,2022-06,1,1,1.0
N24000808,FOUR LANE CONNECTIVITY TO VISAKHAPATNAM PORT ROAD FROM KM.,,,ARUNACHAL PRADESH,2022-06,2022-06,1,1,1.0
N24000809,SIX LANING OF NH-140 FROM CHITTOR (DESIGN KM 0.000/EXISTING,,,ANDHRA PRADESH,2022-06,2022-06,1,1,1.0
N24000810,REHABILITATION AND UPGRADATION OF GIDDALUR-VINUKONDA SECTIO,,,ANDHRA PRADESH,2022-06,2022-06,1,1,1.0
N24000812,CAPICITY AUGMENTATION OF THE EXISTING 4 LANE STRETCH FROM I,,,ANDHRA PRADESH,2022-06,2022-06,1,1,1.0
N24000815,CONSTRUCTION OF EIGHT LANE VADODARA KIM EXPRESSWAY FROM KM,,,GUJARAT,2022-06,2022-06,1,1,1.0
N24000824,FOUR LANING OF NH 161 FROM KANDI (DESIGN KM 0.000) (KM 498.,,,TELANGANA,2022-06,2022-06,1,1,1.0
N24000829,FOUR LANING OF KALAGAM TO KARUPPUR FROM KM.38+700 TO KM. 50,,,TAMIL NADU,2022-06,2022-06,1,1,1.0
N24000831,FOUR LANING OF PUDUCHERRY - POONDIYANKUPPAM SECTION OF NH 4,,,MULTI STATE,2023-06,2023-06,1,1,1.0
N24000832,FOUR LANING OF VILUPPURAM - PUDUCHERRY SECTION OF NH 45 A (,,,MULTI STATE,2022-06,2022-06,1,1,1.0
N24000833,CONSTRUCTION OF EIGHT LANE VADODARA KIM EXPRESSWAY FROM KM,,,GUJARAT,2022-06,2022-06,1,1,1.0
N24000836,REHABILITATION AND UP-GRADATION FROM 2 LANE WITH PAVED SHOU,,,HARYANA,2022-06,2022-06,1,1,1.0
N24000841,SIX LANING AND STREGTHENING OF NH-248A FROM EXISTING KM 2.7,,,HARYANA,2022-06,2022-06,1,1,1.0
N24000842,REHABILITATION AND AUGMENTATION OF NEW NH 354 (OLD-SH-25) O,,,PUNJAB,2022-06,2022-06,1,1,1.0
N24000843,REHABILITATION AND AUGMENTATION OF NEW NH 354 (OLD-SH-21) O,,,PUNJAB,2022-06,2022-06,1,1,1.0
N24000846,REHABILITATION AND UPGRADATION TO 2-LANE WITH PAVED SHOULDE,,,HARYANA,2022-06,2022-06,1,1,1.0
N24000847,CONSTRUCTION OF FLYOVER AT LAKHANI TOWN ON NH-53,,,MAHARASHTRA,2022-06,2022-06,1,1,1.0
N24000849,CONSTRUCTION OF FLYOVER IN SAKOLI TOWN ON NH-53,,,MAHARASHTRA,2022-06,2022-06,1,1,1.0
N24000853,FOUR LANING OF AKKALKOT-SOLAPUR SECTION OF NH-150E WITH PAV,,,MAHARASHTRA,2022-06,2022-06,1,1,1.0
N24000867,WIDENING AND UPGRADATION TO 2 LANE WITH PAVED SHOULDER CONF,,,JAMMU AND KASHMIR,2022-06,2022-06,1,1,1.0
N24000869,TWO- LANE WITH PAVED SHOULDER CONFIGURATION OF IMPHAL - MOR,,,MANIPUR,2022-06,2022-06,1,1,1.0
N24000877,R AND U OF KHUTAR -LAKHIMPUR SECTION,,,UTTAR PRADESH,2022-06,2022-06,1,1,1.0
N24000889,REHABILITATION AND UPGRADATION OF PUNDIBARI TO BAXIRHAT (WB,,,WEST BENGAL,2022-06,2022-06,1,1,1.0
N24000893,UPGRADATION OF BIAORA-MAKSUDANGARH ROAD TO 2L + PS,,,MADHYA PRADESH,2022-06,2022-06,1,1,1.0
N24000896,WIDENING TO 2 LANE PS WITH RECONSTRUCTION OF BRIDGES CULVE,,,MADHYA PRADESH,2022-06,2022-06,1,1,1.0
N24000898,REHABILITATION AND UPGRADATION OF SINDOOR RIVER TO START OF,,,MADHYA PRADESH,2022-06,2022-06,1,1,1.0
N24000899,REHABILITATION AND UPGRADATION OF BARELI TO GOHARGANJ SECTI,,,MADHYA PRADESH,2022-06,2022-06,1,1,1.0
N24000904,CONSTN. OF 4 LANING IN KM.99.00 TO 114.375 PACKAGE-V,,,HARYANA,2022-06,2022-06,1,1,1.0
N24000923,UPGRADATION OF NEW NATIONAL HIGHWAY NO 168 TO TWO LANE WITH,,,GUJARAT,2022-06,2022-06,1,1,1.0
N24000949,CONSTRUCTION OF 2 LANING OF EXISTING HUNLI-ANINI ROAD ON EP,,,ARUNACHAL PRADESH,2022-06,2022-06,1,1,1.0
N24000959,UPGRADATION TO 2LANE WITH PAVED SHOULDER FROM KM . 43/900,,,RAJASTHAN,2022-06,2022-06,1,1,1.0
N24000973,TWO-LANING OF JORAM – KOLORIANG ROAD (NH-713) FROM DESIGN K,,,ARUNACHAL PRADESH,2022-06,2022-06,1,1,1.0
N24000976,2-LANING OF EXISTING AKAJAN LIKABALI BAME ROAD ON EPC BASIS,,,ARUNACHAL PRADESH,2022-06,2022-06,1,1,1.0
N24000985,WIDENING TO TWO LANE WITH PAVED SHOULDERS FROM KM 59.500 TO,,,TELANGANA,2022-06,2022-06,1,1,1.0
N24000991,REHABILITATION AND UPGRADATION OF NH-167 FROM DESIGN KM.157,,,TELANGANA,2022-06,2022-06,1,1,1.0
N24000992,REHABILITATION AND UPGRADATION OF HYDERABAD OUTER RING ROAD,,,TELANGANA,2022-06,2022-06,1,1,1.0
N24001011,MEHKAR TO CHIKALI 178 Physical progress for the mo,,,MAHARASHTRA,2022-06,2022-06,1,1,1.0
N24001012,CHIKALI TO KHAMGAON 172 Physical progress for the,,,MAHARASHTRA,2022-06,2022-06,1,1,1.0
N24001031,MANJUSUMBA TO CHUMBALI 149 Physical progress for t,,,MAHARASHTRA,2022-06,2022-06,1,1,1.0
N24001037,KAIJ TO KUSALAM 145 Physical progress for the mont,,,MAHARASHTRA,2022-06,2022-06,1,1,1.0
N24001045,JALGAON TO BHADGAON 220 Physical progress for the,,,MAHARASHTRA,2022-06,2022-06,1,1,1.0
N24001047,BHADGAON TO CHALISGAON 227 Physical progress for t,,,MAHARASHTRA,2022-06,2022-06,1,1,1.0
N24001054,TASGAON TO SHIRDHON 137 Physical progress for the,,,MAHARASHTRA,2022-06,2022-06,1,1,1.0
N24001067,OMREGA TO AUSA 299 Physical progress for the month,,,MAHARASHTRA,2022-06,2022-06,1,1,1.0
N24001068,WASHIM TO DASTAPUR 298 Physical progress for the m,,,MAHARASHTRA,2022-06,2022-06,1,1,1.0
N24001070,DASTAPUR TO KARANJA 297 Physical progress for the,,,MAHARASHTRA,2022-06,2022-06,1,1,1.0
N24001072,KHERDA TO NAGZARI 296 Physical progress for the mo,,,MAHARASHTRA,2022-06,2022-06,1,1,1.0
N24001076,DEULGAON SAKARSHA TO MEHKAR 268 Physical progress,,,MAHARASHTRA,2022-06,2022-06,1,1,1.0
N24001077,KUNDRAL TO WAZAR 225 Physical progress for the mon,,,MAHARASHTRA,2022-06,2022-06,1,1,1.0
N24001084,PAHUR TO BODHWAD 136 Physical progress for the mon,,,MAHARASHTRA,2022-06,2022-06,1,1,1.0
N24001085,TAKARKHED TO JALNA 191 Physical progress for the m,,,MAHARASHTRA,2022-06,2022-06,1,1,1.0
N24001087,MANGRUPHIR TO MAHAN 262 Physical progress for the,,,MAHARASHTRA,2022-06,2022-06,1,1,1.0
N24001091,REHABILITATION AND UPGRADATION OF NH 200 FROM KM 241.553 TO,,,MAHARASHTRA,2022-06,2022-06,1,1,1.0
N24001100,AHMEDNAGAR TO BARAMATI 130 Physical progress for t,,,MAHARASHTRA,2022-06,2022-06,1,1,1.0
N24001109,KUSUMBA TO MALEGAON 258,,,MAHARASHTRA,2022-06,2022-06,1,1,1.0
N24001110,BAMNI TO NAVAEGAON 194,,,MAHARASHTRA,2022-06,2022-06,1,1,1.0
N24001119,NAGBHID TO ARMORI 80 Physical progress for the mon,,,MAHARASHTRA,2022-06,2022-06,1,1,1.0
N24001121,NASHIK TO PETH 42 PCOD Issued on 25.05.2021 Locat,,,MAHARASHTRA,2022-06,2022-06,1,1,1.0
N24001136,TALGAON TO KALMATH 87,,,MAHARASHTRA,2022-06,2022-06,1,1,1.0
N24001141,REHABILITATION AND UPGRADATION OF KALUPUR-LALTA FROM KM 285,,,UTTAR PRADESH,2022-06,2022-06,1,1,1.0
N24001163,WIDENING TO 2 LANE WITH PAVED SHOULDERS FROM KM 79.65 TO 11,,,KARNATAKA,2022-06,2022-06,1,1,1.0
N24001175,STRENGTHENING AND WIDENING TO TWO LANE WITH PAVED SHOULDER,,,NAGALAND,2022-06,2022-06,1,1,1.0
N24001177,WIDENING TO 2-LANE WITH PAVED SHOULDER IN/C. GEOMETRIC IMPR,,,TRIPURA,2022-06,2022-06,1,1,1.0
N24001186,ISMAILABAD-NARNAUL PKG-5 840 The EPC Contractor ha,,,HARYANA,2022-06,2022-06,1,1,1.0
N24001187,"ISMAILABAD-NARNAUL PKG-6 841 ""Currently, the proje",,,HARYANA,2022-06,2022-06,1,1,1.0
N24001188,"ISMAILABAD-NARNAUL PKG-7 842 ""Currently, the proje",,,HARYANA,2022-06,2022-06,1,1,1.0
N24001189,"ISMAILABAD-NARNAUL PKG-8 843 ""Currently, the proje",,,HARYANA,2022-06,2022-06,1,1,1.0
N24001191,"ISMAILABAD-NARNAUL PKG-3 845 Currently, the projec",,,HARYANA,2022-06,2022-06,1,1,1.0
N24001192,"ISMAILABAD-NARNAUL PKG-4 846 Currently, the projec",,,HARYANA,2022-06,2022-06,1,1,1.0
N24001193,"ISMAILABAD-NARNAUL PKG-1 847 Currently, the projec",,,HARYANA,2022-06,2022-06,1,1,1.0
N24001195,4 LANING OF NH 415 FROM DESIGN CHAINAGE 29/500 TO 40/400 (I,,,ARUNACHAL PRADESH,2022-06,2022-06,1,1,1.0
N24001206,REHABILITATION AND UPGRADATION OF EXISTING PAVEMENT TO 2 L,,,UTTAR PRADESH,2022-06,2022-06,1,1,1.0
N24001207,REHABILITATION AND UPGRADATION OF RAMNAGAR TO SISWA BABU,,,UTTAR PRADESH,2022-06,2022-06,1,1,1.0
N24001211,IMPROVEMENT AND UP-GRADATION OF EXISITING CARRIAGEWAY TO TW,,,UTTAR PRADESH,2022-06,2022-06,1,1,1.0
N24001229,UPGRADATION AND WIDENING OF MP BORDER TO SURAJPUR SECTION NH 43 FROM KM. 245 TO 331 23,,,CHHATISGARH,2022-06,2022-06,1,1,1.0
N24001239,WIDENING AND STRENGTHENING FROM 2 LANE TO 2 LANE WITH PAVED,,,TAMIL NADU,2022-06,2022-06,1,1,1.0
N24001240,NAGAUR-BIKANER SECTION FROM KM 177.00 TO KM 267.325 ON NH-,,,RAJASTHAN,2022-06,2022-06,1,1,1.0
N24001299,SIX LANING OF EXISTING 4-LANE ROAD FROM KALAPARRU (DESIGN K,,,ANDHRA PRADESH,2022-06,2022-06,1,1,1.0
N24001319,STRENGTHENING OF CHURAIBARI - AGARTALA SECTION OF NH-08,,,TRIPURA,2022-06,2022-06,1,1,1.0
N24001433,REHABILITATION OF SECTION FROM KM 298.00 TO KM 330.662 PKG-8 546,,,,2022-06,2022-06,1,1,1.0
N24001496,SINNAR-SHIRDI (INCLUDING SINNAR BYPASS) 779,,,MAHARASHTRA,2023-06,2023-06,1,1,1.0
N24001500,4L PS OF SAVALI VIHIR TO START OF AHMEDNAGAR BYPASS (KM 88.,,,MAHARASHTRA,2023-06,2023-06,1,1,1.0
N24001578,SANGARIYA (NEAR CHAUTALA)- RASISAR (NEAR BIKANER) (PHASE-I) (AJ/SR-PACKAGE-8),"[N24001621],NHAI,JAMMU AND KASHMIR",NHAI,RAJASTHAN,2023-04,2023-04,1,1,1.0
N28000110,REDEVELOPMENT OF GPRA AT MOHAMMADPUR 7 Work has be,,,DELHI,2022-06,2022-06,1,1,1.0
N28000114,REDEVELOPMENT OF GENERAL POOL RESIDENTIAL COLONY AT THYAGRA,,,DELHI,2022-06,2022-06,1,1,1.0
PRJ_0012D284DA90,CONVERSION OF PARTIALLY EXCAVATED ESCAPE TUNNEL TO UNIDIRECTIONAL TWO LANE TUNNEL (INCLUDING CONSTRU,Road Transport And Highways,,,2024-04,2024-04,1,1,1.0
PRJ_002AA7B08B74,WESTERN DEDICATED FREIGHT CORRIDOR,Dedicated Freight Corridor Corporation Of India Ltd,,,2023-08,2023-08,1,1,1.0
PRJ_006F6AF88FAD,MUZAFFARPUR-MOTIHARI LPG PIPELINE,PETROLEUM,,,2023-09,2023-09,1,1,1.0
PRJ_007A68189C34,REHABILITATION AND,"[N24001386],MoRTH,ANDHRA PRADESH",,,2023-10,2023-10,1,1,1.0
PRJ_008E8BD0822D,WORK OF WIDENING/UPGRADATION OF 2-LANE WITH PAVED SHOULDER OF SRI MUKTSAR SAHIB TO MALOUT ROAD FROM,DESIGN KM. 0.750 TO DESI,,,2024-04,2024-04,1,1,1.0
PRJ_01B0F21641D1,REHABILATION AND UPGRADATION TO TWO LANES WITH PAVED,Road Transport And Highways,,,2024-04,2024-04,1,1,1.0
PRJ_01CD4D8A2D14,RECONSTRUCTION WITH GEOMETIC IMPROVEMENT OF EXISTING TWO,"[N24000988],MoRTH,TELANGANA",,,2023-10,2023-10,1,1,1.0
PRJ_01DC0E724F3A,CONSTRUCTION OF 2 LANE ROAD OF POTIN TO PANGIN SECTION OF NH 13 FROM KM 247.05 TO KM 284.92,PRADESH,,,2023-09,2023-09,1,1,1.0
PRJ_021B1F9018EC,UP-GRADATION TO 2-LANE WITH PAVED SHOULDER FROM KM 12.850 TO KM20.300 OF 7.450KM LENGTH ON GOHA-KHEL -,"[N24000857],NHIDCL,MIZORAM",,,2023-07,2023-07,1,1,1.0
PRJ_022CDBDD63CB,JORAM – KOLORIANG ROAD FROM EXISTING KM122.600 TO KM138.00,"[N24000583],NHIDCL,ASSAM",,,2023-09,2023-09,1,1,1.0
PRJ_023295278619,FOUR LANING OF BAL. WORKS OF BARASAT-KRISHNAGAR FROM,"[N24001588],NHAI,CHHATTISGARH",,,2023-06,2023-06,1,1,1.0
PRJ_027C7214522E,UP-GRADATION TO 2-LANE WITH PAVED SHOULDER FROM KM 12.850 TO KM20.300 OF 7.450KM LENGTH ON GOHA-KHEL -,"[N24000431],NHIDCL,ASSAM",,,2024-03,2024-03,1,1,1.0
PRJ_02D94852DF54,REDEVELOPMENT OF GPRA AT,URBAN DEVELOPMENT,,,2023-05,2023-05,1,1,1.0
PRJ_02D99C30AFBA,UPGRADATION and WIDENING OF JHARKHEDA- BERASIA - DHOLKHEDI FROM DESIGN KM 0+000 TO KM,"[N24000444],MoRTH,GOA",,,2024-03,2024-03,1,1,1.0
PRJ_02DD284184D3,6L STANDALONE FLYOVERS AT,Road Transport And Highways,,,2024-04,2024-04,1,1,1.0
PRJ_03193BB7BCEE,REHABILITATION AND UP- GRADATION TO TWO LANE WITH PAVED SHOULDERS FROM KM 0/0 TO 72/6 OF NH-365 (NAKR,RCW,,,2024-04,2024-04,1,1,1.0
PRJ_032CD5AFFCA3,FOUR LANING OF GHAGHRA BRIDGE,"[N24001588],NHAI,CHHATTISGARH",,,2024-02,2024-02,1,1,1.0
PRJ_033BA9D004FD,CONSTRUCTION OF 4 LANE BANGALORE - CHENNAI EXPRESSWAY FROM KM 26.400 TO KM 53.500 SECTION OF NE-7 (M,Road Transport And Highways,,,2024-04,2024-04,1,1,1.0
PRJ_03766E673F13,UPGRADATION AND REHABILITATION TO TWO LANE WITH PAVED SHOULDER OF GHAGARIYA- MUNABAO SECTION FROM KM,Road Transport And Highways,,,2024-04,2024-04,1,1,1.0
PRJ_0377DC85E110,WADI TO ASOLA,Road Transport And Highways,,,2024-04,2024-04,1,1,1.0
PRJ_03E4438BCAC8,SIX LANING OF START OF KOLLAM BYPASS (KM.486+000) KADAMBATTUKONAM (KM.517+250) SECTION OF NEW NH- 66,AND HIGHWAYS,NHAI,KERALA,2024-06,2024-06,1,1,1.0
PRJ_040506C4C4B0,WIDENING TO 2 LANE WITH HARD SHOULDER OF AKEGWO-AVANGKHU,Road Transport And Highways,,,2024-04,2024-04,1,1,1.0
PRJ_04253C9CDD2C,VADODARA MUMBAI EXPRESSWAY (PHASE II - PKG XII) [KM. 50.700 TO KM. 77.000],Road Transport And Highways,,,2024-04,2024-04,1,1,1.0
PRJ_0449DBA6E7E0,TRANSMISSION SYSTEM ASSOCIATED WITH WESTERN,Power,,,2024-04,2024-04,1,1,1.0
PRJ_04636E315CEF,4 LANING OF JORHAT TO JHANJI SECTION FROM KM.,Road Transport And Highways,,,2024-04,2024-04,1,1,1.0
PRJ_0464708F6A4E,"CONSTRUCTION, OPERATION AND MAINTENANCE OF Z-MORH TUNNEL INCLUDING APPROACHES ON NH-01 SRINAGAR-SONA",Road Transport And Highways,,,2024-04,2024-04,1,1,1.0
PRJ_049943634B59,IMPROVEMENT OF EXISTING ALIGNMENT OF PANDHARPUR TOWN PART BYPASSED SECTION,Road Transport And Highways,,,2024-04,2024-04,1,1,1.0
PRJ_04E48A63AB58,WIDENING TO TWO LANE WITH PAVED SHOULDERS FROM KM 20.150 TO KM 40.00 OF BC ROAD KOTTIGEHARA SECTION,69 YEKAMBI KUMTA,,,2024-04,2024-04,1,1,1.0
PRJ_04EB1313CF8C,SANCHORE - SANTALPUR FROM KM,"[N24001709],NHAI,BIHAR",,,2023-07,2023-07,1,1,1.0
PRJ_04F043929055,GUDIWADA TOWN 2 LANE ROB AND ROAD IMPROVEMENT OF NH165 IN REPLACEMENT OF LC NO 3ESPL3 AT KM 231.700,CONSTRUCTION OF OTHE,,,2024-04,2024-04,1,1,1.0
PRJ_04F4A6F8182A,4- LANING OF ROHTAK-JIND SECTION FROM KM. 307+000 TO KM.,"[N24001709],NHAI,BIHAR",,,2023-07,2023-07,1,1,1.0
PRJ_051805FADF38,TAMENGLONG - MAHUR PKG-6,"[N24000431],NHIDCL,ASSAM",,,2024-03,2024-03,1,1,1.0
PRJ_0519E41A2CC4,6-LANING OF VIJAYAWADA BYPASS FROM CHINNA AVUTUPALLI (DESIGN,"[N24001749],NHAI,WEST BENGAL",,,2023-07,2023-07,1,1,1.0
PRJ_055416F32201,WIDENING AND STRENGTHENING OF SECTION FROM BHARTHANA CHOWK TO KODARKOOT (KM. 0.00 TO KM. 40.00) OF,Road Transport And Highways,,,2024-04,2024-04,1,1,1.0
PRJ_0563FD419A03,FOUR LANING OF GAYA-HISUA- RAJGIRI-NALANDA-BIHARSHARIF SECTION (KM0.00 TO 92.935) ON NH- 82 IN BIHAR,Road Transport And Highways,,,2024-04,2024-04,1,1,1.0
PRJ_05684215A385,NH167AD FROM MACHERLA TO DACHEPALLI FROM KM.0.000 TO 43.659 TO 2LPS,5,,,2024-04,2024-04,1,1,1.0
PRJ_05AA1CC72963,4-LANING OF ITANAGAR TO BANDARDEWA SECTION OF NH-415,Road Transport And Highways,,,2024-04,2024-04,1,1,1.0
PRJ_06031135C221,"2LPS OF BIJNOR TO KOTAWALI SECTION OF NH-709AD, PKG-IV",Road Transport And Highways,,,2024-04,2024-04,1,1,1.0
PRJ_06164E507B39,PANDHARPUR TO SANGOLA,Road Transport And Highways,,,2024-04,2024-04,1,1,1.0
PRJ_06708B11E415,REHABILITATION and UPGRADATION FROM 2 LANE TO 4 LANE OF NH STRETCH UNDER BHARATMALA PARIYOJANA FOR U -,"[N24001594],NHAI,JHARKHAND",,,2023-10,2023-10,1,1,1.0
PRJ_069688ADCF2B,WIDEINING TO TWO/FOUR LANE WITH PAVED SHOULDERS FROM EXISTING KM 182.120 TO KM 227.600 OF NH-167 ON,AND HIGHWAYS,MoRTH,TELANGANA,2024-06,2024-06,1,1,1.0
PRJ_06977D8C3220,4L OF KODAD (DESIGN KM,"[N24001749],NHAI,WEST BENGAL",,,2023-07,2023-07,1,1,1.0
PRJ_06B4F591F914,WARDHA-SEWAGRAM NGP 3RD LINE,"2,596.20 (1,635.74) [21]",,,2024-04,2024-04,1,1,1.0
PRJ_07441A392371,4 LANING OF CHAMPA-KORBA-,KASHMIR,,,2023-08,2023-08,1,1,1.0
PRJ_07B49DF8EFAB,BALANCE WORK OF CONTSRUCTION OF TWO/FOUR LANE WITH PAVED SHOULDER FROM KM. 54.370 TO KM. 101.400 (BI,Road Transport And Highways,,,2024-04,2024-04,1,1,1.0
PRJ_07F6AF4D0043,DELHI-VADODARA GREENFIELD ALIGNMENT (NH-148N) (PKG-10) (CH. 292.950 TO CH. 319.400) [END OF INTERCHA,WITH M,,,2024-04,2024-04,1,1,1.0
PRJ_083A8C838EE2,BATURA WEST OC PROJECT (0.80,COAL,,,2023-09,2023-09,1,1,1.0
PRJ_08554563AF12,MALEGAON TO RISOD,"[N24001226],MoRTH,CHHATTISGARH",,,2023-07,2023-07,1,1,1.0
PRJ_08AA75D118D1,DOUBLING OF TRACK BETWEEN GOOTY AND DHARMAVARAM OF SOUTH CENTRAL RAILWAY,Rail India Technical And Economic Service,,,2023-04,2023-04,1,1,1.0
PRJ_08C06EFFD8DE,REHABILITATION AND UPGRADATION TO 2-LANE WITH PAVED SHOULDERS CONFIGURATION OF PADERU- GONDIGUDA SECT,CONSTRUCTION OF OTHE,,,2024-04,2024-04,1,1,1.0
PRJ_08E3798CDDF1,6L OF VARADHARAJULA TO KUMARAJAPET FROM KM 0.000 TO KM 43.800 OF NH-716B,MUPPAVARAM (CH.343+240) O,,,2024-04,2024-04,1,1,1.0
PRJ_08F1F74AEB99,REHABILITATION AND UPGRADATION TO 2 LANE WITH PAVED SHOULDER FROM EXISTING CHAINAGE KM 64.535 TO K,Road Transport And Highways,,,2024-04,2024-04,1,1,1.0
PRJ_08F5B8B11A79,FOUR LANNING OF RAMPUR-,"[N24000619],NHAI,ODISHA",,,2023-10,2023-10,1,1,1.0
PRJ_092469F8AD85,WIDENING TWO LANE WITH PAVED SHOULDERS FROM FROM KM.56.00 TO 106.00 OF NH-218,84.12,,,2024-04,2024-04,1,1,1.0
PRJ_0942F5656803,C/O NEW HOSPITAL BLOCK FOR,HEALTH AND FAMILY WELFARE,,,2023-05,2023-05,1,1,1.0
PRJ_09F40F5E2A14,UP-GRADATION TO TWO LANE WITH PAVED SHOULDER CONFIGURATION OF NH-354 SECTION ARIFKES- FEROZEPUR-MUKTS,Road Transport And Highways,,,2024-04,2024-04,1,1,1.0
PRJ_09F41A0D3E32,TRANSMISSION SYSTEM ASSOCIATED WITH WESTERN REGION EXPANSION SCHEME XXVII,Power,,,2024-04,2024-04,1,1,1.0
PRJ_09F9CFBC2F0C,NLCIL 300 MW SOLAR POWER PROJECT (PART OF 510 MW CPSU,COAL,,,2024-01,2024-01,1,1,1.0
PRJ_0A0DADCD10D5,DURGAPUR PP-III (2X20 MW) - NSPCL,Petroleum,,,2024-04,2024-04,1,1,1.0
PRJ_0A439D3EAEEF,REHABILITATION AND UPGRADATION OF SHIRAPUR JUNCTION TO SHIVAJI CHOWK (DESIGN CHAINAGE KM. 130+00 TO,Road Transport And Highways,,,2024-04,2024-04,1,1,1.0
PRJ_0A6FB8ABD69D,NEW SINTER PLANT AT BOKARO,STEEL,,,2023-09,2023-09,1,1,1.0
PRJ_0A739F816C16,SIX-LANNING OF GREENFIELD,PRADESH,,,2023-06,2023-06,1,1,1.0
PRJ_0B59A9F4EDA4,BALANCE WORK OF CONTSRUCTION OF TWO/FOUR LANE WITH PAVED SHOULDER FROM KM. 54.370 TO KM. 101.400 (BI,84.12,,,2024-04,2024-04,1,1,1.0
PRJ_0BFB8D7E91CC,ENNORE THIRUVALLUR BENGALURU PUDUCHERRY NAGAPATTINAM MADURAITUTICORIN GAS PIPELINE,CIVIL AVIATION,IOCL,PETROLEUM,2024-06,2024-06,1,1,1.0
PRJ_0C1C0C2A30CB,TAWA III UG MINE,Western Coal Fields Limited,,,2023-10,2023-10,1,1,1.0
PRJ_0C4D79599DE1,REHABILITATION AND UPGRADATION OF EXISTING PAVEMENT TO FOUR LANE WITH PAVED SHOULDER FROM KM,PRADESH,,,2023-09,2023-09,1,1,1.0
PRJ_0C571EB6EB9D,PARLI PIMPLA DAHIGUDA,Road Transport And Highways,,,2024-04,2024-04,1,1,1.0
PRJ_0C613ED31313,GRASS-ROOT TERMINAL AT MIRZAPUR UTTAR PRADESH,Indian Oil Corporation Limited,,,2023-10,2023-10,1,1,1.0
PRJ_0C7452385290,PUNE TO MALE VILLAGE,FROM WAKHARI TO LORD VITT,,,2024-04,2024-04,1,1,1.0
PRJ_0CD21BB51D9D,6L ACCESS CONTROLLED GREENFIELD HIGHWAY FROM VANKARAKUNTA 45.700 KM. TO ODULAPALLE 72.000 KM. OF NH,6L ACCESS CONTROLLED GREENFIELD HIGHWAY FROM VANKARAKUNTA 45.700 KM. TO ODULAPALLE 72.000 KM. OF NH (NHAI ),NHAI,HIGHWAYS,2024-06,2024-06,1,1,1.0
PRJ_0CE22D7C4D3E,BALANCE WORK UNDER PHASE-I,"[N24000583],NHIDCL,ASSAM",,,2023-09,2023-09,1,1,1.0
PRJ_0D0422F4C3D3,4 LANNING OF MUKKOLA JUNCTION TO KERALA/ TAMIL NADU BORDER FROM KM 26.500 TO KM 43.000 OF NH-47 IN T,Road Transport And Highways,,,2024-04,2024-04,1,1,1.0
PRJ_0D5BF088EC51,4L OF AUSA-CHAKUR SECTION,"[N24000715],NHAI,ODISHA",,,2023-09,2023-09,1,1,1.0
PRJ_0D73C8CAB54D,UPGRADATION OF TWO LANE PAVED SHOULDER FROM SHAHPURA TO THANAGAZI OF NH- 248A ON EPC MODE IN THE STAT,Road Transport And Highways,,,2024-04,2024-04,1,1,1.0
PRJ_0DAD0CDD5320,FOUR LANNING OF RAMPUR- KATHGODAM SECTION OF NH-87 FROM KM 0.000 (KM. 190.000 OF NH- 24) TO KM 42.791,Road Transport And Highways,,,2024-04,2024-04,1,1,1.0
PRJ_0DC98638F1F8,FOUR LANING OF KARIMNAGAR- WARANGAL SECTION OF NH-563 FROM DESIGN CH.48.860 KM NEAR,Road Transport And Highways,,,2024-04,2024-04,1,1,1.0
PRJ_0DC9F3F0B0BF,FOUR LANING OF BARHI - KODERMA,Road Transport And Highways,,,2024-04,2024-04,1,1,1.0
PRJ_0DEAE771A510,LUDHIANA KILA RAIPUR (19 KMS) WITH FREIGHT LINE AT GILL,"[N22000562],NCR,UTTAR PRADESH",,,2024-02,2024-02,1,1,1.0
PRJ_0DF859ABEEB9,"WIDENING AND STRENGTHENING FROM KM.15.000 TO KM, 58.600 (BHADEWARA -DRAMANDGANJ SECTION) OF NATIONAL",DISTRICT) TO RANIPUR,,,2024-04,2024-04,1,1,1.0
PRJ_0E415CBFB135,4L GREENFIELD ALIGNMENT FROM KALYANAPUR TO TAL DASHRAHA OF,"[N24000835],NHAI,HARYANA",,,2024-01,2024-01,1,1,1.0
PRJ_0EB45B5E2CBC,CONSTRUCTION OF 6-LANE GREENFIELD KARNAL RING ROAD STARTING FROM NH-44 NEAR VILLAGE SHAMGARH (DESIGN,Road Transport And Highways,,,2024-04,2024-04,1,1,1.0
PRJ_0EC17CFFF04C,UP GRADATION OF NH 130C ABHANPUR TO PAUND FROM NK KM 0.000 TO KM. 40.380 TO TWO LANE WITH PAVED SHOU -,"[N24001464],MoRTH,UTTAR PRADESH",,,2024-01,2024-01,1,1,1.0
PRJ_0F304422082A,REHABILITATION AND UP GRADATION TO 2 LANE WITH PAVED SHOULDER OF NH-703A FROM MAKHU (DESIGN CH 0 000,DESIGN KM. 0.750 TO DESI,,,2024-04,2024-04,1,1,1.0
PRJ_0F5723542315,FOUR LANING OF OTTANCHATRAM TO PALANI SECTION FROM KM,"[N24001454],MoRTH,TAMIL NADU",,,2023-08,2023-08,1,1,1.0
PRJ_0FF7AC86935A,VITA TO NAGAJ,Road Transport And Highways,,,2024-04,2024-04,1,1,1.0
PRJ_1005FA2A0B7B,"UP-GRADATION OF TIRORA-GONDIA, STATE HIGHWAY FROM EXISTING KM 163+213 (ON SH-335, TIRORA) TO KM 191+",FROM WAKHARI TO LORD VITT,,,2024-04,2024-04,1,1,1.0
PRJ_1009CB8EA39F,SILLOD TO FARDAPUR,FROM WAKHARI TO LORD VITT,,,2024-04,2024-04,1,1,1.0
PRJ_108207321DEC,MOHANPUR EXPANSION OC PHASE II,Coal,,,2024-04,2024-04,1,1,1.0
PRJ_109A464C1780,CONSTRUCTION OF ROB AND ITS,PRADESH,,,2023-09,2023-09,1,1,1.0
PRJ_10CF96C92A03,4TH LINE BETWEEN BAREJADI,RAILWAYS,,,2024-03,2024-03,1,1,1.0
PRJ_10E4EBFB7784,BALANCE WORK 2-LANING OF LALPUL MANMAO CHANGLANG ROAD (NH-215) ON EPC MODE IN,"[N24001226],MoRTH,CHHATTISGARH",,,2023-07,2023-07,1,1,1.0
PRJ_11481A664746,SHAHPUR PATGAON SECTION I,Road Transport And Highways,,,2024-04,2024-04,1,1,1.0
PRJ_1152E3C341E8,BALANCE WORK FOR REHABILITATION AND UPGRADATION OF SATNA-BELA SECTION OF NH-75 FROM KM. 155.0 TO KM.,Road Transport And Highways,,,2024-04,2024-04,1,1,1.0
PRJ_11735C157DA0,WIDENING TO TWO LANE WITH PAVED SHOULDERS FROM KM 40/410 TO KM 84/037OF THIRUMALAGIRI TO SURYAPET SE,Road Transport And Highways,,,2024-04,2024-04,1,1,1.0
PRJ_1202DF82E47A,WIDENING EXISTING 2 LANE TO 4 LANE WITH PAVED SHOULDER INCLUDING STRENGTHENING CARRIAGEWAY FROM KM 8,WIDENING EXISTING 2 LANE TO 4 LANE WITH PAVED SHOULDER INCLUDING STRENGTHENING CARRIAGEWAY FROM KM 8 (MoRTH ),MoRTH,HIGHWAYS,2024-06,2024-06,1,1,1.0
PRJ_121B8DD71C09,INTERCEPTION AND DIVERSION,"[N30000030],KMDA,WEST BENGAL",,,2024-03,2024-03,1,1,1.0
PRJ_1267F150839B,DELHI-VADODARA GREENFIELD ALIGNMENT (NH-148N) (PKG-15) (CH. 419.000 TO CH.427.300) [JUNCTION WITH NH,Road Transport And Highways,,,2024-04,2024-04,1,1,1.0
PRJ_12788C4F3AA6,6L ACCESS CONTROLLED GREENFIELD HIGHWAY FROM VANKARAKUNTA 45.700 KM. TO ODULAPALLE 72.000 KM. OF NH,MUPPAVARAM (CH.343+240) O,,,2024-04,2024-04,1,1,1.0
PRJ_127CA2E52BEF,CONSTRUCTION OF BYPASS ON NH- 59 FROM KM 336/350 TO 349/910 (13.56 KM) NEAR BERHAMPUR TOWN INCLUDING -,"[N24000941],MoRTH,PUNJAB",,,2024-03,2024-03,1,1,1.0
PRJ_1359A792AF75,4L BANGALORE-CHENNAI,"[N24001983],NHAI,ANDHRA PRADESH",,,2024-03,2024-03,1,1,1.0
PRJ_1362EB2066D1,TADADEGE - HENKAR,"[N24000771],NHIDCL,MEGHALAYA",,,2024-02,2024-02,1,1,1.0
PRJ_1368AB5D2D64,REHABILITAITON AND UPGRADATION OF REPALLE TO EEPPURPALEM SECTION FROM KM 128/927 TO KM 195/000 OF NH,CONSTRUCTION OF OTHE,,,2024-04,2024-04,1,1,1.0
PRJ_13739DCC848B,DHANGAON - BORGAON SECTION (KM 81.000 TO KM 139.000) [INDORE -,"[N24001709],NHAI,BIHAR",,,2023-07,2023-07,1,1,1.0
PRJ_13951A57D254,REHABILITATION AND UPGRADING FROM 2 L TO 4 L FROM BHANGBAR(NEAR RANITAL) TO,Road Transport And Highways,,,2024-04,2024-04,1,1,1.0
PRJ_13AFFFB625E0,WIDENING TO 2-LANE WITH GEOMETRIC IMPROVEMENTS OF TURA DALU ROAD UNDER JICA FUNDING FROM KM 85.000 T -,"[N24000763],NHIDCL,NAGALAND",,,2024-02,2024-02,1,1,1.0
PRJ_13CB70E78375,UPGRADATION and WIDENING OF JHARKHEDA- BERASIA - DHOLKHEDI FROM DESIGN KM 0+000 TO KM 87+900 (DESIGN,AND HIGHWAYS,MoRTH,MADHYA PRADESH,2024-06,2024-06,1,1,1.0
PRJ_14012061733E,CONSTRUCTION/ UP- GRATION OF FOUR/TWO LANE WITH PAVED SHOULDER OF NH68 FROM TANOT- RAMGARH BHADASAR- JA,CONSTRUCTION/ UP- GRATION OF FOUR/TWO LANE WITH PAVED SHOULDER OF NH68 FROM TANOT- RAMGARH BHADASAR- JA (NHAI ),NHAI,HIGHWAYS,2024-06,2024-06,1,1,1.0
PRJ_1432FF1BA016,RANIKOR- MAHESHKHOLA- BAGHMARA PKG-2,"[N24000967],MoRTH,ANDHRA PRADESH",,,2023-04,2023-04,1,1,1.0
PRJ_149A06FDE3DA,EAST WEST METRO CORRIDOR KOLKATA,Railways,,,2024-04,2024-04,1,1,1.0
PRJ_149DA422CD34,DEVELOPMENT OF SIX LANE SARGI- BASANWAHI OF NH 130 CD FROM KM.42+800 TO 99+500 UNDER RAIPUR VISAKHAPA -,"[N24002078],NHAI,ODISHA",,,2024-02,2024-02,1,1,1.0
PRJ_14ED48E60152,RENIGUNTA - POYYA - NAIDUPETA KM 124.60 TO KM 183.4 OF NH 71 - N/04027/06001/AP,CONSTRUCTION OF OTHE,,,2024-04,2024-04,1,1,1.0
PRJ_151DB6A92277,CONSTRUCTION OF 4-LANE NH-,"[N24000556],NHAI,UTTAR PRADESH",,,2023-08,2023-08,1,1,1.0
PRJ_156C5AA501CF,4L OF HARIDWAR NAGINA SECTION,PRADESH,,,2023-05,2023-05,1,1,1.0
PRJ_15A72094B2CA,DEVELOPMENT OF SIX-LANE ACCESS CONTROLLED HIGHWAY,Road Transport And Highways,,,2024-04,2024-04,1,1,1.0
PRJ_15F3913F36C3,4L OF DHROL-BHADRA-PATIYA SECTION FROM 0.000 TO KM 13.600 AND BHADRA PATIYA - PIPALIYA SECTION FROM,Road Transport And Highways,,,2024-04,2024-04,1,1,1.0
PRJ_16180958DC08,4-LANNING OF NH17 AND NEW NO. NH66 FROM KM 241/300 TO 281/300,"[N24001454],MoRTH,TAMIL NADU",,,2023-08,2023-08,1,1,1.0
PRJ_162D4F1D3D7E,CONST. OF MISSING LINK BETWEEN KM. 11/680 TO KM. 14/020 AND WIDENING OF EXISTING TWO LANE,ROAD TRANSPORT AND HIGHWAYS,,,2023-05,2023-05,1,1,1.0
PRJ_1639019D3B24,WIDENING TO FOUR LANE WITH PAVED SHOULDER FROM DESIGN,Road Transport And Highways,,,2024-04,2024-04,1,1,1.0
PRJ_164595BC24BB,6L ACCESS CONTROLLED,Road Transport And Highways,,,2024-04,2024-04,1,1,1.0
PRJ_165D2B18E73A,"CGD PROJECT AT LAKHISARAI, MUNGER AND BHAGALPUR DISTRICTS",Petroleum,,,2024-04,2024-04,1,1,1.0
PRJ_16676DE9870F,FOUR LANING OF 5.122 KM OF NH9(NEW NH 65) FROM KM 269.900(DESIGN CH0.0) TO KM 275/622(DESIGN CH 5.12,5,,,2024-04,2024-04,1,1,1.0
PRJ_1674A3D0CAAF,ACCESS ROAD/BRIDGE CONNECTIVITY FROM NH-09 AT KM.40 NEAR JAGBUDA BRIDGE (INDIA) TO BOUNDARY PILLAR,Road Transport And Highways,,,2024-04,2024-04,1,1,1.0
PRJ_168F4408E345,IMPROVEMENT/CONSTRUCTION OF EXISTING CLASS-5 ROAD TO NH INTERMEDIATE LANE,ROAD TRANSPORT AND HIGHWAYS,,,2024-02,2024-02,1,1,1.0
PRJ_16B11EA8E906,REHABILATION AND UPGRADATION TO TWO LANES WITH PAVED SHOULDER CONFIGURATION FROM WATUR TO CHARTHANA,FROM WAKHARI TO LORD VITT,,,2024-04,2024-04,1,1,1.0
PRJ_16F62498E66E,C/O RESIDENTIAL COMPLEX BUILDING FOR CENTRAL BOARD OF INDIRECT TAXES AND CUSTOMS AT,FINANCE,,,2023-06,2023-06,1,1,1.0
PRJ_17085A49BF75,DELHI-VADODARA GREENFIELD ALIGNMENT (NH-148N) (PKG-11) (CH.,"[N24001749],NHAI,WEST BENGAL",,,2023-07,2023-07,1,1,1.0
PRJ_170B0D368101,WADSA-GADHCHIROLI NEW LINE,"[N22000135],MRTP,WEST BENGAL",,,2023-05,2023-05,1,1,1.0
PRJ_17139F236237,JAYNAGAR-BIJALPURA INCLUDING EXTENSION BIJALPURA-,East Central Railways,,,2023-04,2023-04,1,1,1.0
PRJ_171478DDC39E,BALANCE WORK OF 2L PS FROM KM,"[N24001509],NHAI,KARNATAKA",,,2023-06,2023-06,1,1,1.0
PRJ_17277EC43965,TRANSMISSION SYSTEM FOR EVACUTION OF POWER FROM NEYVELI LIGNITE CORP LTD TS - I,PRADESH,,,2024-03,2024-03,1,1,1.0
PRJ_177AFDC10691,IMPROVEMENT AND UP-GRADATION TO TWO LANE WITH PAVED SHOULDER CONFIGURATION FROM EXISTING KM. 420.00,DISTRICT) TO RANIPUR,,,2024-04,2024-04,1,1,1.0
PRJ_17847276DFCC,ESTIMATE FOR WIDENING TWO LANE TO FOUR LANE FROM FROM KM.129.00 TO 144.00 OF NH-63,84.12,,,2024-04,2024-04,1,1,1.0
PRJ_17ADD6C4EF8D,INSTALLATION OF INDEPENDENT DE- AROMATIZED SOLVENTS PRODUCTION FACILITIES AT MUMBAI REFINERY,CONSTRUCTION OF ADDITIONAL TANKAGES AND ALLIED FACILITIES AT JNPT TERMINAL (IOCL ) (N16000504 ),BPCL,PETROLEUM,2024-06,2024-06,1,1,1.0
PRJ_17B0C6E62037,UPGRADATION TO TWO LANE PAVED SHOULDER OF KOTHUN- LALSOT-KAROLI-DHOLPUR ROAD NH-23 (OLD NH-11B) IN TH,Road Transport And Highways,,,2024-04,2024-04,1,1,1.0
PRJ_17D2C88CCA29,"INTERCEPTION, DIVERSION AND TREATMENT WORKS AT",Water Resources,,,2024-04,2024-04,1,1,1.0
PRJ_185CED11578E,"CONSTRUCTION OF FLYOVER AT KM.544.650 INCLUDING ROB ,SERVICE ROADS ,FOOTPATH FOR","[N24001625],NHAI,TELANGANA",,,2023-04,2023-04,1,1,1.0
PRJ_18D2C01FBB45,REHABILITATION AND,5,,,2024-04,2024-04,1,1,1.0
PRJ_18F294B34CA4,CONSTUCTION/UPGRADATION OF EXISTING HIGHWAY TO 2 LANE WITH PAVED SHOULDER FROM KM 26.10 TO KM 40.00,INCLUDING GEOMETRIC IMPROV,,,2024-04,2024-04,1,1,1.0
PRJ_192B465D045F,DEVELOPMENT OF SIX-LANE ACCESS CONTROLLED HIGHWAY FROM GOGWAN JALALPUR (SHAMLI DISTRICT) TO RANIPUR,Road Transport And Highways,,,2024-04,2024-04,1,1,1.0
PRJ_192F5538BCB8,NEW WORK FOR CONSTRUCTION,RAILWAYS,,,2023-07,2023-07,1,1,1.0
PRJ_1994EC512F74,6 LANING OF EXISTING 4-LANE STRETCH FROM KALKALLU AT,NICOBAR ISLANDS,,,2023-06,2023-06,1,1,1.0
PRJ_19BEBCBFE01B,REHABILITATION AND UP,Road Transport And Highways,,,2024-04,2024-04,1,1,1.0
PRJ_19D9AB77C775,UPGRADATIOBN AND REHABILITATION OF SECTION OF NH 361 F FROM PARLI (00/000) TO,"[N24002013],MoRTH,KARNATAKA",,,2024-01,2024-01,1,1,1.0
PRJ_19FCB2D016F3,TRANSMISSION NETWORK EXPANSION IN GUJARAT TO,Power,,,2024-04,2024-04,1,1,1.0
PRJ_1A2D48EE8CF6,REHABILITATION AND UPGRADING FROM 2 L TO 4 L FROM BHANGBAR(NEAR RANITAL) TO KANGRA BYPASS SECTION OF,Road Transport And Highways,,,2024-04,2024-04,1,1,1.0
PRJ_1A4DBA5E2D9D,CONSTRUCTION OF 4-LANE HIGHWAY FROM SAMARLAKOTA TO ACHAMPETA JUNCTION (FROM KM. 0.000 TO KM. 12.250,5,,,2024-04,2024-04,1,1,1.0
PRJ_1A7EA9A6F31D,BANGALORE CHENNAI EXPRESSWAY (PHASE-II PKG-II) FROM KM.96.000 TO KM 127.000 (BAIREDDYPALLE TO BANGAR,MUPPAVARAM (CH.343+240) O,,,2024-04,2024-04,1,1,1.0
PRJ_1A85B787E289,REHABILITATION AND UPGRADATION TO 2 LANE WITH PAVED SHOULDER FROM EXISTING CHAINAGE KM 102 TO KM 13,Road Transport And Highways,,,2024-04,2024-04,1,1,1.0
PRJ_1AE244669FD4,VADODARA MUMBAI EXPRESSWAY (PHASE II - PKG XII) [KM. 50.700 TO KM. 77.000],"[N24001625],NHAI,TELANGANA",,,2023-04,2023-04,1,1,1.0
PRJ_1B056D3CE20D,6L OF HATIBENA - BADAKUMARI SECTION FROM KM 146.50 TO KM 179.00 OF NH-130-CD (PACKAGE – OD-2) -,"[N24001812],NHAI,HIMACHAL PRADESH",,,2024-03,2024-03,1,1,1.0
PRJ_1B30E1C3AC66,REHABILITATION AND UP GRADATION OF NH-544E FROM KM 56/803 TO KM 99/179 OF MADAKASIRA TO SIRA SECTION,CONSTRUCTION OF OTHE,,,2024-04,2024-04,1,1,1.0
PRJ_1B67DAAFD9BE,PROJECT TO CONSTRUCT A FIELD GAS GATHERING STATION AT,Oil India Limited,,,2023-08,2023-08,1,1,1.0
PRJ_1B8860018E53,NAGPUR METRO RAIL PROJECT PHASE II,Nagpur Metro Rail Corporation Ltd,,,2023-10,2023-10,1,1,1.0
PRJ_1B88B2C674C2,WIDENING AND STRENGTHENING TO 4 LANE / 2-LANE WITH PAVED SHOULDERS OF MAHABUBNAGAR- CHINCHOLI SECTION,Road Transport And Highways,,,2024-04,2024-04,1,1,1.0
PRJ_1B961744F5CF,4L OF KM.165.092 TO KM.171.855 (NORTH BOUND) AND FROM,Road Transport And Highways,,,2024-04,2024-04,1,1,1.0
PRJ_1BD541401312,FOUR LANING OF PURULIYA,Road Transport And Highways,,,2024-04,2024-04,1,1,1.0
PRJ_1C04F8A21E73,UP-GRADATION TO 4-LANE WITH,"[N24000678],NHIDCL,ARUNACHAL PRADESH",,,2023-05,2023-05,1,1,1.0
PRJ_1C443D50AC78,4 LANING OF NH-37 SECTION BETWEEN DEMOW TO END,Road Transport And Highways,,,2024-04,2024-04,1,1,1.0
PRJ_1C6E164B507B,FOUR LANING OF BETTADAHALLI TO SRIRAMPURA SECTION FROM KM. 166+100 (DESIGN KM. 170+415) TO KM. 217+0,Road Transport And Highways,,,2024-04,2024-04,1,1,1.0
PRJ_1C827FF186C5,JAMMU - AKHNOOR SECTION OF NH 144A PKG-3B,"[N24001828],MoRTH,TAMIL NADU",,,2024-03,2024-03,1,1,1.0
PRJ_1CB31D922896,CONSTRUCTION OF TIMMAPURAM TO GURJANAPALLE SECTION FROM KM 26.150 TO 41.161 OF NH- 214(NH216)(KAKINAD,CONSTRUCTION OF OTHE,,,2024-04,2024-04,1,1,1.0
PRJ_1D1340162811,BANGALORE CHENNAI EXPRESSWAY (PHASE-II PKG-I) FROM KM.71.000 TO KM 96.000 (BETHAMANGALA IN THE STATE,MUPPAVARAM (CH.343+240) O,,,2024-04,2024-04,1,1,1.0
PRJ_1D1528AAC9DA,VADODARA MUMBAI EXPRESSWAY (PHASE II - PKG XIV) [KM. 3.000 TO KM. 20.200 OF SPUR],FROM WAKHARI TO LORD VITT,,,2024-04,2024-04,1,1,1.0
PRJ_1DB5214619E9,WIDENING/IMPROVEMENT TO 4-LANE WITH PAVED SHOULDER FROM KM 27+701 (SIMEN CHAPORI) TO KM,Road Transport And Highways,,,2024-04,2024-04,1,1,1.0
PRJ_1E13489CE56E,6L ACCESS CONTROLLED GREENFIELD HIGHWAY FROM VANKARAKUNTA 45.700 KM. TO ODULAPALLE 72.000 KM. OF NH,5,,,2024-04,2024-04,1,1,1.0
PRJ_1E3AE110D1ED,4L OF OBEDULLGANJ - BUDNI SECTION FROM KM. 8.400 TO KM.,Road Transport And Highways,,,2024-04,2024-04,1,1,1.0
PRJ_1E67B82A5E45,CONSTRUCTION OF 2-LANE WITH PAVED SHOULDER GANGTOK BYPASS ROAD FROM RANIPOOL TO BURTUK (L=23.316KM),INCLUDING GEOMETRIC IMPROV,,,2024-04,2024-04,1,1,1.0
PRJ_1E7EF58AA0EA,SIX LANNING OF MANDI DABWALI (PUNJAB/HARYANA BORDER)-,Road Transport And Highways,,,2024-04,2024-04,1,1,1.0
PRJ_1E81B680BE39,NH165 FROM KM 0.000 TO KM 64.020 PAMARRU TO AKIVEEDU SECTION TO TWO LANE WITH PAVED SHOULDERS,5,,,2024-04,2024-04,1,1,1.0
PRJ_1E8A3E033C67,WIDEINING TO TWO/FOUR LANE WITH PAVED SHOULDERS FROM EXISTING KM 182.120 TO KM 227.600 OF NH-167 ON,RCW,,,2024-04,2024-04,1,1,1.0
PRJ_1E8CB571BAEE,REHABILITATION AND UPGRADATION OF LOSARI- MACHAVARAM SECTION FROM KM34/230 TO KM84/550 OF NH214(NH216,5,,,2024-04,2024-04,1,1,1.0
PRJ_1EA5795BB499,2-LANE WITH PS OF BEWAR TO NEAR KARRI VILLAGE SECTION OF NH-92 FROM KM.0.00 TO 30.00 UNDER GNHCP -,"[N24000444],MoRTH,GOA",,,2024-03,2024-03,1,1,1.0
PRJ_1F042392347A,UP-GRADATION TO 2 LANE WITH PAVED SHOULDER FROM CHARBHUJA AT DESIGN KM 0.00 (EXISTING KM 150.00) TO,Road Transport And Highways,,,2024-04,2024-04,1,1,1.0
PRJ_1F0EE63FB1EB,PUNE-MIRAJ-LONDA,Railways,,,2024-04,2024-04,1,1,1.0
PRJ_1F90B88FD0CD,FOUR LANING OF KARIMNAGAR- WARANGAL SECTION OF NH-563 FROM DESIGN CH.48.860 KM NEAR SH-1 CH.170.400 K,Road Transport And Highways,,,2024-04,2024-04,1,1,1.0
PRJ_1F9B27D71B3E,4L TWIN TUBE TUNNEL INCLUDING,"[N24001560],NHAI,RAJASTHAN",,,2023-04,2023-04,1,1,1.0
PRJ_1FA5508F199B,REHABILITATION AND UPGRADATION OF EXISTING PAVEMENT TO FOUR LANE WITH,ROAD TRANSPORT AND HIGHWAYS,,,2024-02,2024-02,1,1,1.0
PRJ_1FD3352DFF2F,4L OF MALOUT-MANDI DABWALI SECTION PKG-01 DANEWALA AT KM,"[N24000678],NHIDCL,ARUNACHAL PRADESH",,,2023-05,2023-05,1,1,1.0
PRJ_1FF6EFA290DE,6 LANING FROM KM 9.90 TO KM 19.948 (ARAMGARH- SAMSHABAD SECTION) OF HYDERABAD- SAMSHABAD SECTION OF NH,6 LANING FROM KM 9.90 TO KM 19.948 (ARAMGARH- SAMSHABAD SECTION) OF HYDERABAD- SAMSHABAD SECTION OF NH (MoRTH ),"ARAMGARH-
SAMSHABAD
SECTION",HIGHWAYS,2024-06,2024-06,1,1,1.0
PRJ_201700DE15BC,BELGAUM-DHARWAD VIA KITTUR,South Western Railway,,,2023-10,2023-10,1,1,1.0
PRJ_2045AFCDC1EE,MHASWAD TO TEMBHURNI,Road Transport And Highways,,,2024-04,2024-04,1,1,1.0
PRJ_206ACF236806,"2LPS OF BIJNOR TO KOTAWALI SECTION OF NH-709AD, PKG-IV","[N24001709],NHAI,BIHAR",,,2023-07,2023-07,1,1,1.0
PRJ_207A57B47D91,FORMATION OF BYPASS ROAD TO KADIRI TOWN FROM ON NH42,CONSTRUCTION OF OTHE,,,2024-04,2024-04,1,1,1.0
PRJ_208187D07998,WARDHA-NANDED MAHARASHTRA,137 A,,,2024-04,2024-04,1,1,1.0
PRJ_209CA25BFE4D,CONSTRUCTION OF 4 LANE BANGALORE-CHENNAI EXPRESSWAY FROM KM 0.000 TO KM 26.400 NE-7(ALONG WITH 0.700,Road Transport And Highways,,,2024-04,2024-04,1,1,1.0
PRJ_20C6F54E8A4B,NAGPUR RING ROAD PACKAGE-1,FROM WAKHARI TO LORD VITT,,,2024-04,2024-04,1,1,1.0
PRJ_20D929981F01,4 LANING OF GALGALIA - BAHADURGANJ SECTION FROM KM 0.000 TO KM 49.000 (PACKAGE-I) OF NH-327E.,Road Transport And Highways,,,2024-04,2024-04,1,1,1.0
PRJ_20F0388EA403,CONSTRUCTION OF 2-LANE WITH PAVED SHOULDER INCLUDING GEOMETRIC IMPROVEMENT FROM KM 16.000 TO KM 32.5,INCLUDING GEOMETRIC IMPROV,,,2024-04,2024-04,1,1,1.0
PRJ_2107D4FA0F46,CONSTRUCTION OF GREENFIELD,"[N24001983],NHAI,ANDHRA PRADESH",,,2024-03,2024-03,1,1,1.0
PRJ_210AC15F0031,JALKOT TO TOGRI,"[N24000965],MoRTH,ANDHRA PRADESH",,,2023-07,2023-07,1,1,1.0
PRJ_211D43E9DB47,REHABILITATION AND UP- GRADATION OF EXISTING 2-LANE TO 4 LANE OF DUBURI (KM 388.376) TO,Road Transport And Highways,,,2024-04,2024-04,1,1,1.0
PRJ_2123F091AA81,REHABILITATION AND UP- GRADATION OF JINTUR- SHIRAD,"[N24001297],MoRTH,ARUNACHAL PRADESH",,,2024-01,2024-01,1,1,1.0
PRJ_214F284E584A,SETTING UP PHYSICAL INFRASTRUCTURE FOR THE NATIONAL INSTITUTE OF,Cpwd For Telecom,,,2023-04,2023-04,1,1,1.0
PRJ_2151B4A509BE,6L ACCESS CONTROL GREENFIELD HIGHWAY OF VILL-LOHADDA TO VILL-KARAUNDA MAHAJAN FROM KM. 27.000 TO KM.,Road Transport And Highways,,,2024-04,2024-04,1,1,1.0
PRJ_217302CCF051,CONSTRUCTION OF BYPASS TO NAYAGARH TOWN FROM KM 235.469,PRADESH,,,2023-09,2023-09,1,1,1.0
PRJ_2189C4BBCC0F,CONSTRUCTION OF SIX LANING OF NAIDUPETA JUNCTION - TURPUKANUPUR SECTION FROM KM.57+046 TO KM.91+927,AND HIGHWAYS,NHAI,ANDHRA PRADESH,2024-06,2024-06,1,1,1.0
PRJ_21D2FA5161AA,WIDENING AND STRENGTHENING FROM KM 0.00 TO KM 15.089 OF NH- 334A (PURKAJI-LAKSAR-HARIDWAR ROAD) TO TW,Road Transport And Highways,,,2024-04,2024-04,1,1,1.0
PRJ_222DE2192D40,WIDENING TO TWO LANE WITH PAVED SHOULDERS FROM KM 0/970 TO KM 40/410 OF JANAGAON- THIRUMALAGIRI OF NH,Road Transport And Highways,,,2024-04,2024-04,1,1,1.0
PRJ_2282205A0E35,WORK OF WIDENING/UPGRADATION OF 2-LANE WITH PAVED SHOULDER OF SRI MUKTSAR SAHIB TO MALOUT ROAD FROM,Road Transport And Highways,,,2024-04,2024-04,1,1,1.0
PRJ_228D92176F61,6L ACCESS CONTROLLED GREENFIELD HIGHWAY FROM VANAVOLU 24.300 KM. TO VANKARAKUNTA 45.700 KM. OF NH 5,MUPPAVARAM (CH.343+240) O,,,2024-04,2024-04,1,1,1.0
PRJ_2299D915D02E,UP-GRADATION TO 4 LANING OF DAULTABAD T-POINT TO MALIWADA [FROM DESIGN KM.0.000 TO KM 4.000] AND UPG,FROM WAKHARI TO LORD VITT,,,2024-04,2024-04,1,1,1.0
PRJ_22AD61A222FC,6 LANING OF EXISTING 4-LANE STRETCH FROM KALKALLU AT KM.454+000 TO GUNDLA,PRADESH,,,2023-05,2023-05,1,1,1.0
PRJ_22B7FA1DB8A2,KOTHARI TO DHANORA,KASHMIR,,,2024-03,2024-03,1,1,1.0
PRJ_22DE70B1B77A,SHIRUR TO KHARDA,FROM WAKHARI TO LORD VITT,,,2024-04,2024-04,1,1,1.0
PRJ_233784442753,DELHI-AMRITSAR-KATRA,Road Transport And Highways,,,2024-04,2024-04,1,1,1.0
PRJ_238424B45FCF,EAST WEST METRO CORRIDOR,Metropolitan Rapid Transport Projects,,,2023-10,2023-10,1,1,1.0
PRJ_239DDB0B0EE0,6L ACCESS CONTROLLED GREENFIELD HIGHWAY FROM KODUR 0.000 KMS TO VANAVOLU 24.300 KMS OF NH 544G PACKA,AND HIGHWAYS,NHAI,ANDHRA PRADESH,2024-06,2024-06,1,1,1.0
PRJ_23A00FEBED7D,FOUR LANING OF SONAULI GORAKHPUR SECTION OF NH 29E (NEW NH 24) FROM DESIGN CH. 0.000 TO DESIGN CH. 7,DISTRICT) TO RANIPUR,,,2024-04,2024-04,1,1,1.0
PRJ_23D4A10877AD,SIX LANING OF CHAKERI TO ALLAHABAD SECTION OF NH-2 FROM KM 483.687 TO KM 628.753 (DESIGN LENGTH – 14,Road Transport And Highways,,,2024-04,2024-04,1,1,1.0
PRJ_23E5A0BA9509,ESTIMATE FOR WIDENING TWO LANE TO FOUR LANE FROM FROM KM.129.00 TO 144.00 OF NH-63 ANKOLA-GOOTY SECT,Road Transport And Highways,,,2024-04,2024-04,1,1,1.0
PRJ_240B84C90535,WIDENING TO TWO LANE WITH PAVED SHOULDERS FROM KM 0/970 TO KM 40/410 OF JANAGAON- THIRUMALAGIRI OF NH,RCW,,,2024-04,2024-04,1,1,1.0
PRJ_241638792673,REHABILITATION AND UPGRADATION OF LB-NAGAR TO MALKAPUR SECTION TO 6-LANE MAIN CARRIAGEWAY WITH SERVI,Road Transport And Highways,,,2024-04,2024-04,1,1,1.0
PRJ_244DDC7AB148,"C/O PERMANENT CAMPUS OF IIT PALAKKAD PHASE IA AT PUDESSERY VILLAGE,KANJIKODE",DEPARTMENT OF HIGHER EDUCATION,,,2024-03,2024-03,1,1,1.0
PRJ_246414AA83E9,WIDEINING TO TWO/FOUR LANE WITH PAVED SHOULDERS FROM EXISTING KM 180.60 TO KM 223.00 OF NH-63 ON NIZ,RCW,,,2024-04,2024-04,1,1,1.0
PRJ_247B16ACA804,NEW WORK FOR CONSTRUCTION OF METRO RAILWAY FROM BARANAGAR TO BARRACKPORE AND DAKSHINESHWAR,Railways,,,2024-04,2024-04,1,1,1.0
PRJ_24CFB13F0732,FOUR LANNING OF JAGDISHPUR- FAIZABAD SECTION FROM KM 47.930 TO KM 107.680 OF NH-330A,"[N24001718],NHAI,TAMIL NADU",,,2023-10,2023-10,1,1,1.0
PRJ_24CFB910D606,C/O NEW HOSPITAL BLOCK FOR SREE CHITRA TIRUNAL INSTITIUTE OF MEDICAL SCIENCE AND TECHNOLOGY (SCTIMST -,Cpwd For Health,,,2023-04,2023-04,1,1,1.0
PRJ_24D4724196E5,6L OF AZHIYUR-VENGALAM FROM,"[N24000715],NHAI,ODISHA",,,2023-09,2023-09,1,1,1.0
PRJ_251B1DDAE040,KHAMMAM DEVARAPALLE PKG II 4L ACCESS CONTROLLED (GREENFIELD) FROM SOMAVARAM VILLAGE TO CHINTAGUDEM V,Road Transport And Highways,,,2024-04,2024-04,1,1,1.0
PRJ_25399607EF0E,REHABILITATION AND UPGRADATION OF MACHILIPATNAM,"[N24001467],MoRTH,NAGALAND",,,2023-05,2023-05,1,1,1.0
PRJ_255E296154DE,CONSTRUCTION OF 6 LANE BRIDGE ON GANGA ON NH-96 AND ITS APPROACHES IN PHAPHAMAU,"[N24000444],MoRTH,GOA",,,2024-03,2024-03,1,1,1.0
PRJ_2594D1C9EABF,C/O OF NITB AND ASSOCIATED,CIVIL AVIATION,,,2023-09,2023-09,1,1,1.0
PRJ_25A03AAEC728,INDAPUR TO VADPALE,Road Transport And Highways,,,2024-04,2024-04,1,1,1.0
PRJ_25F9BEDF12ED,"CONSTRUCTION OF 1 NOS ROB, 2 NOS VUPS, SERVICE ROADS, PROVISION OF LIGHTING AND CONSTRUCTION OF OTHE",5,,,2024-04,2024-04,1,1,1.0
PRJ_260893FA1D25,2 LANE WITH PAVED SHOULDER,PRADESH,,,2023-05,2023-05,1,1,1.0
PRJ_2649A0B33E1C,WIDENING TO TWO LANE WITH PAVED SHOULDERS FROM KM 40/410 TO KM 84/037OF THIRUMALAGIRI TO SURYAPET SE,RCW,,,2024-04,2024-04,1,1,1.0
PRJ_26502F5B2A45,RAMMAM-III HEPP,Power,,,2024-04,2024-04,1,1,1.0
PRJ_265E4F3EF0F6,"STRENGTHING AND WIDINING OF EXISTING CARRIAGEWAY TO 10 M IN KM, 156/160 TO 229/160 (TEMBHURNI - KUSL",FROM WAKHARI TO LORD VITT,,,2024-04,2024-04,1,1,1.0
PRJ_266110A87040,BALANCE WORK OF CONSTRUCTION OF TWO/FOUR LANE WITH PAVED SHOULDER FROM KM 422.000 TO 523.600 ( CHITR,84.12,,,2024-04,2024-04,1,1,1.0
PRJ_266124B7AE9B,WIDENING TO 2 LANE WITH HARD SHOULDER OF AKEGWO-AVANGKHU,"[N24000431],NHIDCL,ASSAM",,,2024-03,2024-03,1,1,1.0
PRJ_266B4A1F1D67,DELHI-VADODARA GREENFIELD ALIGNMENT (NH-148N) (PKG-12) (CH. 331.030 TO CH. 359.170) [MAJOR BRIDGE ON -,"[N24000835],NHAI,HARYANA",,,2024-01,2024-01,1,1,1.0
PRJ_26C3FD23C55A,SIX LANNING OF AURANGABAD TO BIHAR/JHARKHAND BORDER SECTION OF NH-19,"[N24001418],NHAI,PUNJAB",,,2024-01,2024-01,1,1,1.0
PRJ_26CDD0A6EDD7,2ND GENERATION ETHANOL PLANT AT PANIPAT REFINERY,PETROLEUM,,,2023-09,2023-09,1,1,1.0
PRJ_26E2B29EF8A7,TWO / FOUR LANING OF RAEBARELI - JAGDISHPUR SECTION OF NH-330A FROM KM. 0.000 TO KM. 47.800 (DESIGN,DISTRICT) TO RANIPUR,,,2024-04,2024-04,1,1,1.0
PRJ_26F38AA0B8B2,FOUR LANING OF BETTADAHALLI TO SRIRAMPURA SECTION FROM KM. 166+100 (DESIGN KM. 170+415) TO KM. 217+0,84.12,,,2024-04,2024-04,1,1,1.0
PRJ_26F438A81F81,4 LANE CONNECTOR FROM DELHI MEERUT EXPRESSWAY KM 50.000 TO KM 8.520 OF NH 235 IN THE STATE OF UTTAR,Road Transport And Highways,,,2024-04,2024-04,1,1,1.0
PRJ_271EBE78002F,REHABILITATION AND UPGRADATION OF KARNATATKA/AP BORDER-GOOTY SECTION FROM KM 368.920 TO KM 424.225 O,5,,,2024-04,2024-04,1,1,1.0
PRJ_275D3C7CA2A3,TURAVUR-AMBALAPUZHA,RAILWAYS,,,2023-06,2023-06,1,1,1.0
PRJ_280F10E6BA38,CGD PROJECT AT COIMBATORE DISTRICT,Petroleum,,,2024-04,2024-04,1,1,1.0
PRJ_282D52B0B9F3,4-LANING OF HAPACHARA -,"[N24000583],NHIDCL,ASSAM",,,2023-09,2023-09,1,1,1.0
PRJ_285734CF0809,VARANASI RING ROAD,"[N24001264],NHIDCL,JAMMU AND KASHMIR",,,2023-07,2023-07,1,1,1.0
PRJ_2864B8F17E0F,CONSTRUCTION OF BYPASS TO GUDIYATHAM TOWN IN KM 23/100 – 29/250 INCLUDING LA AND SHIFTING OF NH-234 -,"[N24001461],MoRTH,UTTAR PRADESH",,,2024-03,2024-03,1,1,1.0
PRJ_288F4EA83CC7,WIDENING TO 2LPS FROM 0/0 TO 119/0 OF NH-157 IN THE STATE OF ODISHA.,Road Transport And Highways,,,2024-04,2024-04,1,1,1.0
PRJ_28A730A9C1D5,TRANSMISSION SYSTEM STRENGTHENING SCHEME FOR EVACUATION OF POWER FROM SOLAR ENERGY ZONES IN RAJASTHA -,Power Grid Corporation Of India Limited,,,2023-04,2023-04,1,1,1.0
PRJ_28D59B5227C7,CONSTRUCTION OF ACADEMIC AND RESIDENTIAL COMPLEX UNDER PHASE-II FOR THE CAMPUS OF IIT,DEPARTMENT OF HIGHER EDUCATION,,,2023-09,2023-09,1,1,1.0
PRJ_28D7CD11ACA1,DELHI-VADODARA GREENFIELD ALIGNMENT (NH-148N) (PKG-09) (CH. 247.310 TO CH. 292.950) [JUNCTION,Road Transport And Highways,,,2024-04,2024-04,1,1,1.0
PRJ_28DD2ECD5F50,DINESH (MAKARDHOKDA-III) OC (8.0,Western Coal Fields Limited,,,2023-10,2023-10,1,1,1.0
PRJ_28FE7F975C68,JOGIGHOPA BRIDGE,"[N24000868],NHIDCL,JAMMU AND KASHMIR",,,2023-07,2023-07,1,1,1.0
PRJ_291EC6DAE7FD,CONSTRUCTION OF 2-LANE WITH,"[N24001828],MoRTH,TAMIL NADU",,,2024-03,2024-03,1,1,1.0
PRJ_2935742CA53F,UPGRADATION and WIDENING OF,"[N24001464],MoRTH,UTTAR PRADESH",,,2024-01,2024-01,1,1,1.0
PRJ_297509398FDA,6L OF CHITTOOR TO THATCHUR FROM KUMARAJAPET TO VEERA KAVERI RAJA PURAM FROM KM 43.800 TO KM 61.380 O,MUPPAVARAM (CH.343+240) O,,,2024-04,2024-04,1,1,1.0
PRJ_29C6ED929A71,4 LANING FROM KM. 34.600 TO KM. 79.970 and 2LPS FROM KM. 79.970 TO,"[N24000771],NHIDCL,MEGHALAYA",,,2024-02,2024-02,1,1,1.0
PRJ_29C9CA492426,WIDENING AND UP-GRADATION TO 2-LANE WITH PAVED SHOULDER CONFIGURATION AND GEOMETRIC IMPROVEMENTS FRO -,"[N24000868],NHIDCL,JAMMU AND KASHMIR",,,2023-07,2023-07,1,1,1.0
PRJ_29F290FD3161,CONSTRUCTION AND UPGRADATION OFEXISTINGROAD TO 2-LANE WITH PAVED SHOULDER INCLUDING GEOMETRIC IMPROV -,PRADESH,,,2024-01,2024-01,1,1,1.0
PRJ_2A0151FAAC5F,6L ACCESS CONTROLLED GREENFIELD HIGHWAY FROM NARAYANMPET (CH. 203+500) TO CHANDRASEKHARPUR AM (CH. 22,AND HIGHWAYS,NHAI,ANDHRA PRADESH,2024-06,2024-06,1,1,1.0
PRJ_2A0ACE8B9EB3,DEOGARH (NEAR DHANDHANIYA)- RAJASTHAN/GUJARAT BORDER (PHASE-I) (AJ/DRGB-PACKAGE-8),Road Transport And Highways,,,2024-04,2024-04,1,1,1.0
PRJ_2A4499217214,4L OF NAGPUR-KATOL SECTION FROM KM. 13.00 TO KM. 62.900 OF NH-353J,Road Transport And Highways,,,2024-04,2024-04,1,1,1.0
PRJ_2A55550A8502,BELGAUM-DHARWAD VIA KITTUR,Railways,,,2024-04,2024-04,1,1,1.0
PRJ_2A86AEDF0A4E,VADODARA MUMBAI EXPRESSWAY (PHASE II - PKG XIII) [KM. 26.582 TO KM. 50.700],FROM WAKHARI TO LORD VITT,,,2024-04,2024-04,1,1,1.0
PRJ_2AD16AF991FA,MULAKALACHERUVU TO MADANAPALLE SECTION OF NH42 FROM KM 202.050 TO KM 245.640 EXCLUDING RETAINED STRE,5,,,2024-04,2024-04,1,1,1.0
PRJ_2AE6E9A7018F,REHABILITATION AND UP GRADATION OF SECTION FROM KM,PRADESH,,,2023-10,2023-10,1,1,1.0
PRJ_2AF4823689AE,DHANGAON - BORGAON SECTION,"[N24000549],NHAI,UTTAR PRADESH",,,2023-09,2023-09,1,1,1.0
PRJ_2B0B8E640A87,WADSA-GADHCHIROLI NEW LINE,"2,596.20 (1,635.74) [21]",,,2024-04,2024-04,1,1,1.0
PRJ_2BBD3A28FC60,INDORE - HARDA (PKG-III) [NANASA TO PIDGAON SECTION FROM KM 95.000 TO KM 142.445] -,"[N24001691],NHAI,KARNATAKA",,,2023-05,2023-05,1,1,1.0
PRJ_2BE33875D652,6-LANING OF VIJAYAWADA BYPASS FROM GOLLAPUDI (DESIGN CH. 30+000) TO CHINNAKAKANI (DESIGN,"[N24000619],NHAI,ODISHA",,,2023-10,2023-10,1,1,1.0
PRJ_2BEE9540F41C,BANGALORE CHENNAI EXPRESSWAY (PHASE-II PKG-III) FROM KM.127.000 TO KM 156.000 (BANGARUPALEM TO GUDIP,5,,,2024-04,2024-04,1,1,1.0
PRJ_2C089C13EBA0,NAGPUR RING ROAD PACKAGE-2,Road Transport And Highways,,,2024-04,2024-04,1,1,1.0
PRJ_2C1793F3AF58,CONSTRUCTION OF 4 LANE ACCESS CONTROLLED HIGHWAY FROM CHILLAKURU CROSS ROAD TO TURPUKANUPUR KM 0+000,CONSTRUCTION OF 4 LANE ACCESS CONTROLLED HIGHWAY FROM CHILLAKURU CROSS ROAD TO TURPUKANUPUR KM 0+000 (NHAI ),NHAI,HIGHWAYS,2024-06,2024-06,1,1,1.0
PRJ_2C61AACBD64A,BAROUD OC EXPANSION,Singareni Colliers Company Limitted,,,2023-04,2023-04,1,1,1.0
PRJ_2C673D516141,WIDENING FROM TWO LANE TO,"[N24001289],MoRTH,ARUNACHAL PRADESH",,,2023-04,2023-04,1,1,1.0
PRJ_2C8629B07F05,REHABILITATION AND UPGRADATION OF NH 78 FROM KM 469.000 TO 531.000 PATTHALGAON TO KUNKURI -,PRADESH,,,2023-09,2023-09,1,1,1.0
PRJ_2C92079B810C,UPGRADATION OF EXHISTING 2 LANE FLEXIBLE PAVEMENT TO 2 LANE PAVED SHOULDERS RIGID PAVEMENT FROM DESI,FROM WAKHARI TO LORD VITT,,,2024-04,2024-04,1,1,1.0
PRJ_2C98F49FF16E,CONSTRUCTION OF NEW ROAD AT THE MISSING LINK PORTION OF NH-81 ALONG THE APPROVED ALIGNMENT BETWEEN H,PURULIA TO KOTSHILA DOUBLING (39.1 KM) (SER ) (N22000510 ),MoRTH,HIGHWAYS,2024-06,2024-06,1,1,1.0
PRJ_2CD7BCBCBB79,6L OF VEERA KAVERI RAJA PURAM TO PONDAVAKKAM FROM KM 61.380 TO KM 96.040 OF NH 716B,"[N24001709],NHAI,BIHAR",,,2023-07,2023-07,1,1,1.0
PRJ_2CF769AAABDA,WIDENING AND STRENGTHENING TO 2L+PS INCLUDING LA OF KANDARPUR-BALIKUDA FROM KM 277/500 TO 318/970 OF,CHANDIKHOLE (,,,2024-04,2024-04,1,1,1.0
PRJ_2D1552AF654B,2LPS FROM GONDIGUDA TO ARAKU,"[N24001464],MoRTH,UTTAR PRADESH",,,2024-01,2024-01,1,1,1.0
PRJ_2D1B1538942D,"4L OF KM.165.092 TO KM.171.855 (NORTH BOUND) AND FROM KM.166.895 TO KM.173.638 (SOUTH BOUND), EXCL. -","[N24001625],NHAI,TELANGANA",,,2023-04,2023-04,1,1,1.0
PRJ_2D3AF61FA049,WIDENING AND STRENGTHENING FROM KM 0.00 TO KM 15.089 OF NH- 334A (PURKAJI-LAKSAR-HARIDWAR ROAD) TO TW -,"[N24001387],MoRTH,KARNATAKA",,,2023-06,2023-06,1,1,1.0
PRJ_2D6A3F39B624,SELDOH TO PANVAR,Road Transport And Highways,,,2024-04,2024-04,1,1,1.0
PRJ_2D82E1204554,4-LANNING OF STHIYATHOPU-,"[N24001569],NHAI,RAJASTHAN",,,2023-05,2023-05,1,1,1.0
PRJ_2D83346E90EB,4L OF CHANDESARA TO KHEDAKHAJURIYA FROM KM. 0.000 TO (-) 750 AND KM 0.000 TO KM,"[N24001509],NHAI,KARNATAKA",,,2023-06,2023-06,1,1,1.0
PRJ_2D90EAAC0A3C,CONSTRUCTION OF 4-LANE BYPASS TO VIJAYANAGARAM TOWN ON NH43 (NEW NH26) FROM 537/6 TO 552/0 (RAIPUR-V,5,,,2024-04,2024-04,1,1,1.0
PRJ_2DC80DC05310,IMPROVEMENT OF GEOMETRICS OF THONDUPALLY TO KOTHUR FROM KM 22.300 TO KM 34.14 OF NH-44- RCW,Road Transport And Highways,,,2024-04,2024-04,1,1,1.0
PRJ_2DD37C42D071,UPGRADATION OF REWA-SIRMOUR ROAD TO 2L + PS,PRADESH,,,2024-02,2024-02,1,1,1.0
PRJ_2E562EB29A85,JAHIRABAD TO LATUR,Road Transport And Highways,,,2024-04,2024-04,1,1,1.0
PRJ_2E65A70ECBB9,DETAILED PROJECT REPORT FOR I,Kolkata Metropolitan Development Authority,,,2023-04,2023-04,1,1,1.0
PRJ_2E6735740671,6L OF VEERA KAVERI RAJA PURAM TO PONDAVAKKAM FROM KM 61.380 TO KM 96.040 OF NH 716B,5,,,2024-04,2024-04,1,1,1.0
PRJ_2E7F8A36399B,"INFRASTRUCTURE DEVELOPMENT TO FACILITATE IMPORT OF GRID POWER AT 220 KV, PANIPAT",PETROLEUM,,,2023-09,2023-09,1,1,1.0
PRJ_2EC77DCAA012,CONSTRUCTION OF 6 LANE DURG,Road Transport And Highways,,,2024-04,2024-04,1,1,1.0
PRJ_2F16C3201C28,BALANCE WORK OF REHABILITATION AND UPGRADING TO 2LANE/2LANE WITH PAVED SHOULDER CONFIGURATION AND ST,84.12,,,2024-04,2024-04,1,1,1.0
PRJ_2F1F89E78C28,Fuel Quality Upgradation Project at,Indian Oil Corporation Limited,,,2023-10,2023-10,1,1,1.0
PRJ_2F3588BAEF62,UPGRADATION OF ADHALGAON- JAMKHED SECTION OF NH-548 D FROM KM 132/600 TO KM 195/375 TO TWO LANE WITH,FROM WAKHARI TO LORD VITT,,,2024-04,2024-04,1,1,1.0
PRJ_2F5623A87CD5,QUADRUPLING BETWEEN GANDHIDHAM - ADIPUR WITH Y,"[N22000562],NCR,UTTAR PRADESH",,,2024-02,2024-02,1,1,1.0
PRJ_2F5EF12D8B78,TUMKUR - NELAMANGALA,84.12,,,2024-04,2024-04,1,1,1.0
PRJ_2FDE2D9354C3,CONSTRUCTION OF 4 LANE ACCESS CONTROLLED NEW GREENFIELD HIGHWAY SECTION OF NH 365BG FROM RECHARLA VI,CONSTRUCTION OF OTHE,,,2024-04,2024-04,1,1,1.0
PRJ_2FE834BA9C7A,DELHI-VADODARA GREENFIELD ALIGNMENT (NH-148N) (PKG-13) (CH. 359.170 TO CH. 388.420) [JUNCTION WITH S,Road Transport And Highways,,,2024-04,2024-04,1,1,1.0
PRJ_300DEB91A41E,MODASA- SHAMLAJI NEW LINE ( MM,Western Railway,,,2023-08,2023-08,1,1,1.0
PRJ_301089180BF7,SANGARIYA (NEAR CHAUTALA)- RASISAR (NEAR BIKANER) (PHASE-I) (AJ/SR-PACKAGE-1),WITH M,,,2024-04,2024-04,1,1,1.0
PRJ_3022C8FAEABF,CONSTRUCTION OF 2-LANE WITH,Road Transport And Highways,,,2024-04,2024-04,1,1,1.0
PRJ_302736CA0E40,"CGD PROJECT AT BOKARO,","[N16000400],IOCL,GUJARAT",,,2024-01,2024-01,1,1,1.0
PRJ_303275F37F64,NORTH EASTERN REGION,PRADESH,,,2024-03,2024-03,1,1,1.0
PRJ_3077CC492FF8,3RD & 4TH LINE - SARAGBUNDIA & MADWARANI,RAILWAYS,,,2024-01,2024-01,1,1,1.0
PRJ_30A4EF669F3A,"CGD PROJECT AT ARWAL, JEHANABAD, BHOJPUR AND BUXAR DISTRICTS",Petroleum,,,2024-04,2024-04,1,1,1.0
PRJ_30F2512FE600,REHABILITATION AND UPGRADATION OF DHINDI- DIGAMARRU SECTION FROM KM126/510 TO KM135/740 OF NH214(NH21,5,,,2024-04,2024-04,1,1,1.0
PRJ_30F9FD4D9BF8,(I) CONSTRUCTION OF FOUR/SIX LANING FROM KM 132.375 TO KM 158.058 (TOTAL NEW ALIGNMENT,"[N24001339],NHIDCL,MEGHALAYA",,,2023-06,2023-06,1,1,1.0
PRJ_3106B1FEB229,REHABILITATION AND UPGRADATION TO 2 LANE WITH PAVED SHOULDER FROM EXISTING CHAINAGE KM 49.150 TO KM,CHAINAGE KM 102 TO KM 13,,,2024-04,2024-04,1,1,1.0
PRJ_3119CD250B7D,REHABILITATION AND UPGRADATION OF SIX LANING OF BHADRAK BALESHWAR SECTION (KM 136.50) TO (KM 199.141,CHANDIKHOLE (,,,2024-04,2024-04,1,1,1.0
PRJ_31249B9AAFCA,"CITY GAS DISTRIBUTION NETWORK PROJECT AT BARGARH, DEBGARH",PETROLEUM,,,2023-06,2023-06,1,1,1.0
PRJ_31879CB46241,IMPHAL - KHONGSANG PKG-2,"[N24001262],NHIDCL,SIKKIM",,,2024-01,2024-01,1,1,1.0
PRJ_318FBDC0F394,PATAS-VASUNDE PHATA - BARAMATI BYPASS,"[N24000771],NHIDCL,MEGHALAYA",,,2024-02,2024-02,1,1,1.0
PRJ_3196178BA39D,WADSA-GADHCHIROLI NEW LINE,RAILWAYS,,,2023-06,2023-06,1,1,1.0
PRJ_319DC3E12A1A,4L FROM GAJU VILLAGE AT KM 32.982 TO DEVINAGAR BYPASS,"[N24000662],NHAI,PUNJAB",,,2023-04,2023-04,1,1,1.0
PRJ_31FCF8511B82,BALANCE WORK OF RANCHI- MAHULIA SECTION OF NH-33 FROM KM 113.730 (VIKAS) TO KM 140.000 (RAMPUR) (PKG-,Road Transport And Highways,,,2024-04,2024-04,1,1,1.0
PRJ_3208B4699F97,REHABILITATION AND UPGRADATION OF EXISTING NH-167 FROM KM 14.900 TO KM 70.00 (DESIGN CH.14.900 TO 69,CONSTRUCTION OF OTHE,,,2024-04,2024-04,1,1,1.0
PRJ_326B34573C6F,SATARA TO MHASWAD,FROM WAKHARI TO LORD VITT,,,2024-04,2024-04,1,1,1.0
PRJ_32CEF7860A84,SPUR OF MEERUT-GARH- MUKTESHWAR SECTION(NH-709A) CONNECTING NH-119 AND NH-58 BYPASSING MEERUT TOWN,Road Transport And Highways,,,2024-04,2024-04,1,1,1.0
PRJ_3332A0EBFA02,GARHMUKTESHWAR (KM. 83.200 OF NH-24) TO MEERUT (KM. 9.860 OF NH-235) INCLUDING CONNECTOR TO NH-119,DISTRICT) TO RANIPUR,,,2024-04,2024-04,1,1,1.0
PRJ_33F6BFA9412B,RALEGAON TO RAMTIRTH,FROM WAKHARI TO LORD VITT,,,2024-04,2024-04,1,1,1.0
PRJ_345C09759494,6L OF CHITTOOR TO THATCHUR FROM KUMARAJAPET TO VEERA KAVERI RAJA PURAM FROM KM 43.800 TO KM 61.380 O,5,,,2024-04,2024-04,1,1,1.0
PRJ_348E7EB94BF3,FARRUKHABAD I AND D AND STP,WATER RESOURCES,,,2023-06,2023-06,1,1,1.0
PRJ_34CD623ED2D1,DEVELOPMENT OF NEWLY DECLARED NH-527C FROM MAJHAULI TO CHAROUT SECTION TO 2 LANE WITH PAVED SHOULDER,National Highways Authority Of India,,,2023-08,2023-08,1,1,1.0
PRJ_34E67FCF47F4,KHAMGAON TO DEULGAON,ROAD TRANSPORT AND HIGHWAYS,,,2023-05,2023-05,1,1,1.0
PRJ_351452883762,CONSTRUCTION OF 4 LANE BANGALORE-CHENNAI EXPRESSWAY FROM KM 0.000 TO KM 26.400 NE-7(ALONG WITH 0.700,84.12,,,2024-04,2024-04,1,1,1.0
PRJ_351AE314F48F,WIDENING TO TWO LANE WITH PAVED SHOULDERS FROM KM. 33.13 TO KM. 40.23 AND KM. 52.00 TO KM. 71.00 (EX,69 YEKAMBI KUMTA,,,2024-04,2024-04,1,1,1.0
PRJ_3531F1660C4F,REHABILITATION AND UPGRADATION OF LB-NAGAR TO MALKAPUR SECTION TO 6-LANE MAIN CARRIAGEWAY WITH SERVI,RCW,,,2024-04,2024-04,1,1,1.0
PRJ_3538807688A5,REHABILITATION AND UP- GRADATION TO 4-LANING OF RAJAMUNDA-BARKOTE SECTION OF NH-23 (NEW NH NO. 143) (,CHANDIKHOLE (,,,2024-04,2024-04,1,1,1.0
PRJ_359680B8C60A,4TH LINE - RAJNANDGAON- DONGARHGARH,"[N22000562],NCR,UTTAR PRADESH",,,2024-02,2024-02,1,1,1.0
PRJ_366081B682F9,RAJAHMUNDRY AIRPORT: CONSTRUCTION OF NEW DOMESTIC TERMINAL BUILDING AND MISCELLANEOUS WORKS INCLUD,INCLUDING MA,,,2024-04,2024-04,1,1,1.0
PRJ_36882F0D0A34,6L ACCESS CONTROLLED GREENFIELD HIGHWAY FROM MALLAPALLE 176.000 KM. TO KAVULAKUNTLA 196.000 KM. PACK,AND HIGHWAYS,NHAI,ANDHRA PRADESH,2024-06,2024-06,1,1,1.0
PRJ_368EC75D9EF8,TRANSMISSION SYSTEM STRENGTHENING SCHEME FOR EVACUATION OF POWER FROM,POWER,,,2024-02,2024-02,1,1,1.0
PRJ_36ED37F60253,TUNNEL AT KHAMBATAKI GHAT SECTION AND ITS APPROACHES FROM EXISTING KM. 771.730 TO EXISTING KM. 782.0,Road Transport And Highways,,,2024-04,2024-04,1,1,1.0
PRJ_36F9E7DB5E83,PACKAGE-21 CONSTRUCTION OF EIGHTLANE ACCESS- CONTROLLED EXPRESSWAY CARRIAGEWAY FROM,"[N24001983],NHAI,ANDHRA PRADESH",,,2024-03,2024-03,1,1,1.0
PRJ_3790A1AFBC0C,ENNORE-TRICHY-MADURAI LPG PIPELINE,Indian Oil Corporation Limited,,,2023-04,2023-04,1,1,1.0
PRJ_379E98D5CA81,4-LANING OF GOHANA-SONIPAT,"[N24000662],NHAI,PUNJAB",,,2023-05,2023-05,1,1,1.0
PRJ_37B492118276,REHABILITATION AND UPGRADATION OF NH-42 FROM KM 4-350 TO KM 75-600,CONSTRUCTION OF OTHE,,,2024-04,2024-04,1,1,1.0
PRJ_37EC8839A49E,WIDENING TO TWO LANE WITH PAVED SHOULDERS FROM KM 40.00 TO KM 75.00 (EXISTING CHAINAGES) OF MANGALOR,69 YEKAMBI KUMTA,,,2024-04,2024-04,1,1,1.0
PRJ_3809F4CD1A09,WIDENING TO TWO LANE WITH PAVED SHOULDER FROM KM 4.40 TO KM 56.00 OF NH-218 BIJAPURA- HUBLI SECTION U,69 YEKAMBI KUMTA,,,2024-04,2024-04,1,1,1.0
PRJ_38A08C174655,RAJPURA-BHATINDA,Ahmedabad Metro Rail,,,2023-08,2023-08,1,1,1.0
PRJ_38F24302F420,4L OF TWIN TUBE TUNNEL CONFIGURATION INCLUDING,National Highways Authority Of India,,,2023-08,2023-08,1,1,1.0
PRJ_391D65767A30,REHABILITATION AND UPGRADATION OF END OF AHMEDNAGAR BYPASS TO KHARWANDI KASAR SECTION OF NH-222 FROM,FROM WAKHARI TO LORD VITT,,,2024-04,2024-04,1,1,1.0
PRJ_3935852A3A02,WIDENING TO TWO LANE WITH PAVED SHOULDERS FROM 24.600 TO 70.063 OF MUDIGERE TO KADUR SECTION OF NH-,69 YEKAMBI KUMTA,,,2024-04,2024-04,1,1,1.0
PRJ_39401F17FBAE,BAKHTIYARPUR RAJAULI PKG-II FROM KM 54.405 TO KM 101.630 NH20 -,"[N24001749],NHAI,WEST BENGAL",,,2023-07,2023-07,1,1,1.0
PRJ_3943230898CF,DEVELOPMENT OF SIX LANE SARGI- BASANWAHI OF NH 130 CD FROM KM.42+800 TO 99+500 UNDER RAIPUR VISAKHAPA -,"[N24001430],NHAI,TAMIL NADU",,,2023-06,2023-06,1,1,1.0
PRJ_396763004B24,WIDENING OF RAEBARELI TO PRAYAGRAJ SECTION FROM KM. 82.650 TO KM. 161.450 OF NH-30 AND LINK ROAD FRO,Road Transport And Highways,,,2024-04,2024-04,1,1,1.0
PRJ_3992C4774AFD,INSTALLATION OF NEW BITUMEN,Petroleum,,,2024-04,2024-04,1,1,1.0
PRJ_39ABF94FFF53,CONSTRUCTION OF FOUR LANE,Road Transport And Highways,,,2024-04,2024-04,1,1,1.0
PRJ_39C321B87CC7,CONSTRUCTION OF 2 LANING OF EXISTING HUNLI-ANINI ROAD ON EPC BASIS FROM DESIGN KM,"[N24000868],NHIDCL,JAMMU AND KASHMIR",,,2023-07,2023-07,1,1,1.0
PRJ_3A0DAC328728,VADODARA MUMBAI EXPRESSWAY (PHASE II - PKG XII) [KM. 50.700 TO KM. 77.000],FROM WAKHARI TO LORD VITT,,,2024-04,2024-04,1,1,1.0
PRJ_3A14434CAEE4,KARAIPETTAI TO WALAJAPET FROM,KASHMIR,,,2023-08,2023-08,1,1,1.0
PRJ_3A2FE34F63CF,DEOGARH (NEAR DHANDHANIYA)- RAJASTHAN/GUJARAT BORDER (PHASE-I) (AJ/DRGB-PACKAGE-8),WITH M,,,2024-04,2024-04,1,1,1.0
PRJ_3A8D7AB466CA,FOUR LANING OF MADURAI- CHETTIKULAM SECTION OF NH-785 FROM MADURAI (KM 0/000) TO CHETTICULAM (7/300) -,"[N24001569],NHAI,RAJASTHAN",,,2024-01,2024-01,1,1,1.0
PRJ_3A922B199BD7,REHABILITATION UPGRADATION OF NH214(NH216) FROM KM41.161 TO KM59.800(GURJANAPALLI TO POLEKURU SECT,CONSTRUCTION OF OTHE,,,2024-04,2024-04,1,1,1.0
PRJ_3ABEB575EE15,PHASE-I OF CONSOLIDATION OF EXISTING CDR DATA CENTERS AND,Bharat Sanchar Nigam Limited,,,2023-10,2023-10,1,1,1.0
PRJ_3ACCCC9FA408,4 LANING OF GALGALIA -,Road Transport And Highways,,,2024-04,2024-04,1,1,1.0
PRJ_3AFFE0F64FC3,4L OF HP/PUNJAB BO4L OF HP/PUNJAB BORDER - MO FROM KM. 11.00 TO KM. 42.00 OF OLD NH-20,"[N24000771],NHIDCL,MEGHALAYA",,,2024-02,2024-02,1,1,1.0
PRJ_3B491547EF2E,DELHI-VADODARA GREENFIELD ALIGNMENT (NH-148N) (PKG-12) (CH. 331.030 TO CH. 359.170) [MAJOR BRIDGE ON,Road Transport And Highways,,,2024-04,2024-04,1,1,1.0
PRJ_3B4A8E488391,REHABILITATION AND UP GRADATION TO 2 LANE WITH PAVED SHOULDER OF NH-703A FROM MAKHU (DESIGN CH 0 000,Road Transport And Highways,,,2024-04,2024-04,1,1,1.0
PRJ_3B7C420E030E,INTERCEPTION AND DIVERSION WORKS WITH STP FOR DRAINS,WATER RESOURCES,,,2024-01,2024-01,1,1,1.0
PRJ_3BC7765A7FF0,WIDENING AND STRENGTHENING FROM KM 0.00 TO KM 15.089 OF NH- 334A (PURKAJI-LAKSAR-HARIDWAR,"[N24001216],MoRTH,JHARKHAND",,,2023-10,2023-10,1,1,1.0
PRJ_3C019AB6FE36,WIDENING TO TWO LANE WITH PAVED SHOULDERS FROM KM 0/970 TO KM 40/410 OF JANAGAON-,"[N24000988],MoRTH,TELANGANA",,,2023-10,2023-10,1,1,1.0
PRJ_3CCFE3DAFB08,REHABILITATION AND UP- GRADATION TO 4-LANING OF RAJAMUNDA-BARKOTE SECTION OF NH-23 (NEW NH NO. 143) ( -,"[N24001213],NHAI,MADHYA PRADESH",,,2023-06,2023-06,1,1,1.0
PRJ_3CEDAFCF916B,CONSTRUCTION OF TWO LANE WITH HARD SHOULDERS OF,"[N24000868],NHIDCL,JAMMU AND KASHMIR",,,2023-07,2023-07,1,1,1.0
PRJ_3D00F1E04D20,KHAWDA 1255MW SOLAR PROJECT,INJECTION AT KHAVDA,,,2024-04,2024-04,1,1,1.0
PRJ_3D0777CAF845,KATNI BYPASS FROM KM. 359.50 TO,"[N24000771],NHIDCL,MEGHALAYA",,,2024-02,2024-02,1,1,1.0
PRJ_3D89292E2C48,REHABILITATION AND UPGRADATION TO 2 LANE WITH PAVED SHOULDER FROM EXISTING CHAINAGE KM 64.535 TO K,CHAINAGE KM 102 TO KM 13,,,2024-04,2024-04,1,1,1.0
PRJ_3DB5F4F35AA4,WIDEINING TO TWO/FOUR LANE WITH PAVED SHOULDERS FROM EXISTING KM 180.60 TO KM 223.00 OF NH-63 ON NIZ,Road Transport And Highways,,,2024-04,2024-04,1,1,1.0
PRJ_3DC74F917C8A,2-LANE WITH PS OF NEAR KARRI VILLAGE TO ETAWAH SECTION OF NH-92 FROM KM.30.000 TO 57.346,"[N24001467],MoRTH,NAGALAND",,,2023-05,2023-05,1,1,1.0
PRJ_3DF326A6AFA8,FOUR LANING OF SOLAN- KAITHLIGHAT SECTION OF NH-22 (NOW NH-5) FROM KM 106.139 TO,"[N24000549],NHAI,UTTAR PRADESH",,,2023-09,2023-09,1,1,1.0
PRJ_3E1A844DB031,CHANGTONGYA TO LONGLENG ROAD PKG-2,PRADESH,,,2023-10,2023-10,1,1,1.0
PRJ_3E2A644310DE,WIDENING EXISTING 2 LANE TO 4 LANE WITH PAVED SHOULDER INCLUDING STRENGTHENING,"[N24001387],MoRTH,KARNATAKA",,,2023-06,2023-06,1,1,1.0
PRJ_3E6833EF7725,AHMEDABAD-HIMMATNAGAR-,"[N22000135],MRTP,WEST BENGAL",,,2023-05,2023-05,1,1,1.0
PRJ_3ED29A846569,4L OF MIRZA CHAUKI TO FARKKA SECTION OF NH80 FROM KM 215.00 TO KM 260.00 ON HAM MODE IN THE,"[N24001718],NHAI,TAMIL NADU",,,2023-10,2023-10,1,1,1.0
PRJ_3ED6CC98C104,4 LANING OF NH 37 SECTION BETWEEN END OF MORAN BYPASS,"[N24001226],MoRTH,CHHATTISGARH",,,2023-07,2023-07,1,1,1.0
PRJ_3EDC7DEB9AF4,JINTUR TO PARBHANI,Road Transport And Highways,,,2024-04,2024-04,1,1,1.0
PRJ_3EE08F0CD9E4,Sagwara Bypass and Garhi- Partapur Bypass of NH- 927A in the State of Rajasthan.,WITH M,,,2024-04,2024-04,1,1,1.0
PRJ_3F4AD602AE29,REHABILITATION AND UPGRADATION TO 2 LANE WITH PAVED SHOULDER FROM EXISTING CHAINAGE KM 30.000 TO K,CHAINAGE KM 102 TO KM 13,,,2024-04,2024-04,1,1,1.0
PRJ_3F6F332B1E7E,BELGAUM-DHARWAD VIA KITTUR (73.10 KM) (UMBRELLA WORK,"[N22000562],NCR,UTTAR PRADESH",,,2024-02,2024-02,1,1,1.0
PRJ_3F9D989E5920,HARIDWAR RISHIKESH DEHRADUN,"[N16000465],BPCL,ODISHA",,,2023-05,2023-05,1,1,1.0
PRJ_3FB94C6A705A,REHABILITATION AND UP- GRADATION OF JINTUR- SHIRAD,FROM WAKHARI TO LORD VITT,,,2024-04,2024-04,1,1,1.0
PRJ_401EEE5D09D1,MULTI MODAL TRANSPORT SYSTEM(MMTS) PHASE-II,RAILWAYS,,,2023-09,2023-09,1,1,1.0
PRJ_40341C228DD2,CAPACITY EXPANSION OF PANIPAT REFINERY FROM 15 TO 25 MMTPA,"[N16000465],BPCL,ODISHA",,,2023-05,2023-05,1,1,1.0
PRJ_40444BE5D7F2,6L ACCESS CONTROLLED GREENFIELD HIGHWAY OF JUNCTION OF EPE (VILL.- MAVIKALAN) TO VILL.-LOHADDA,"[N24001821],NHAI,ANDHRA PRADESH",,,2023-10,2023-10,1,1,1.0
PRJ_404D6EACF54A,"TRANSMISSION SYSTEM FOR PROVIDING CONNECTIVITY TO RE PROJECTS AT BIKANER (PG),",POWER,,,2023-05,2023-05,1,1,1.0
PRJ_406CCA8DCF90,CBR ASANUR PIPELINE AND ITS HOOK UP WITH EXISTING CHENNAI TRICHY MADURAI PRODUCT PIPELINE -,"[N16000465],BPCL,ODISHA",,,2023-05,2023-05,1,1,1.0
PRJ_40850D282E91,"SECOND GENERATION ETHANOL BIOREFINERY PROJECT, BATHINDA, PUNJAB",Petroleum,,,2024-04,2024-04,1,1,1.0
PRJ_40C5B28229C5,6L ALURU - JAKKUVA SECTION OF NH-130CD ROAD FROM KM 365.033 TO KM 396.800,MUPPAVARAM (CH.343+240) O,,,2024-04,2024-04,1,1,1.0
PRJ_40D29F0DDB8D,BALANCE WORK OF 2L PS FROM KM 30.800 TO 70.800 AND 2L WITH RIGID CARRIAGEWAY FROM 70.800 TO KM,Road Transport And Highways,,,2024-04,2024-04,1,1,1.0
PRJ_40DD469ABC23,CONSTRUCTION OF 4 LANE ACCESS CONTROLLED NEW GREENFIELD HIGHWAY SECTION OF NH-365BG (KHAMMAM-DEVARAP,CONSTRUCTION OF OTHE,,,2024-04,2024-04,1,1,1.0
PRJ_41014E7C6EFF,4TH LINE - DADHAPARA,Railways,,,2024-04,2024-04,1,1,1.0
PRJ_411290F9DF5A,OUR LANNNING OF DOLABARI TO JAMUGURI SECTION FROM KM 17.300 OF NH 37A TO KM 182.00 OF,"[N24001339],NHIDCL,MEGHALAYA",,,2023-06,2023-06,1,1,1.0
PRJ_41138F399CE7,CONSTRUCTION OF PERMANENT CAMPUS FOR IISER AT,DEPARTMENT OF HIGHER EDUCATION,,,2024-02,2024-02,1,1,1.0
PRJ_41290503FA08,KAZIPET-VIJAYAWADA 3RD LINE,Railways,,,2024-04,2024-04,1,1,1.0
PRJ_417F08846476,NEW WORK FOR CONSTRUCTION OF METRO RAILWAY FROM,RAILWAYS,,,2024-01,2024-01,1,1,1.0
PRJ_41A3A1909C72,REHABILITATION AND UPGRADATION OF DHINDI- DIGAMARRU SECTION FROM KM126/510 TO KM135/740 OF NH214(NH21 -,ROAD TRANSPORT AND HIGHWAYS,,,2023-07,2023-07,1,1,1.0
PRJ_41B509199AF6,4 LANING FROM EXISTING KM 39.380 (DESIGN CH. 37.000) TO KM 74.450 (DESIGN CH. 69.000) OF MUCHUKOTA – -,"[N24001671],NHAI,ODISHA",,,2024-03,2024-03,1,1,1.0
PRJ_41DA2C720E52,PUNE TO MALE VILLAGE,Road Transport And Highways,,,2024-04,2024-04,1,1,1.0
PRJ_41EB33C2F7A5,4L FROM MATHURA BYPASS (START) AT EXISTING KM. 154.20 OF,"[N24001983],NHAI,ANDHRA PRADESH",,,2024-03,2024-03,1,1,1.0
PRJ_423AC71D7DD3,4L PS FROM KURNOOL (EXISTING KM. 5.400 OF NH-40/DESIGN KM.0.000) TO MANDLEM (EXISTING KM.38.000/DESI,Road Transport And Highways,,,2024-04,2024-04,1,1,1.0
PRJ_424FB500EB47,IMPROVEMENT/WIDENING TO 2- LANE WITH PAVED SHOULDER,"[N24000868],NHIDCL,JAMMU AND KASHMIR",,,2023-07,2023-07,1,1,1.0
PRJ_42B155E67E3A,REHABILITATION AND UPGRADATION TO 2-LANE WITH PAVED SHOULDERS CONFIGURATION OF PADERU- GONDIGUDA SECT -,"[N24000988],MoRTH,TELANGANA",,,2023-10,2023-10,1,1,1.0
PRJ_43061DAC0EE1,WIDENING TO TWO LANE WITH PAVED SHOULDERS FROM KM 40.00 TO KM 75.00 (EXISTING CHAINAGES) OF MANGALOR,84.12,,,2024-04,2024-04,1,1,1.0
PRJ_4338E208747B,NATHDWARA-NEW NATHDWARA NEW LINE ( MM OF AJMER-,RAILWAYS,,,2024-03,2024-03,1,1,1.0
PRJ_43527E6CE55F,WIDENING TO 2 LANE WITH PAVED SHOULDERS AND GEOMETRIC IMPROVEMENT OF NH-114A FROM KM 141 TO KM 184 I -,Ministry Of Road Transport And Highways (State Pwds),,,2023-10,2023-10,1,1,1.0
PRJ_43621AF72A3D,FOUR LANNING OF NERCHOWK- PANDOH BYPASS SECTION OF NH- 21(PACKAGE-I KM 190.000 TO KM,"[N24001762],NHAI,MADHYA PRADESH",,,2023-05,2023-05,1,1,1.0
PRJ_4364F6D4E884,CONSTRUCTION OF 2-LANE WITH,"[N24001262],NHIDCL,SIKKIM",,,2023-08,2023-08,1,1,1.0
PRJ_43925D6DC692,WIDENING AND STRENGTHENING TO TWO LANE WITH PAVED SHOULDERS FROM KM 491/000 TO KM 525/200 OF RAIPUR,CONSTRUCTION OF OTHE,,,2024-04,2024-04,1,1,1.0
PRJ_43A2BD4C89A4,REHABILITATION AND UPGRADATION TO 2-LANE WITH PAVED SHOULDERS CONFIGURATION OF PADERU- GONDIGUDA SECT,5,,,2024-04,2024-04,1,1,1.0
PRJ_44521E1409E6,6L OF CHILKARARUPET BYPASS FROM KM. 357.400 TO KM. 371.920 OF NH-16,MUPPAVARAM (CH.343+240) O,,,2024-04,2024-04,1,1,1.0
PRJ_447526B0CCE7,REPLACEMENT OF CONVERTER,STEEL,,,2024-03,2024-03,1,1,1.0
PRJ_44765C76E53E,NORTH EAST GAS GRID,Indradhanush Gas Grid Ltd,,,2023-04,2023-04,1,1,1.0
PRJ_44EDC5E00479,(II) CONSTRUCTION OF DIMAPUR BYPASS (ASSAM PORTION) OF 4/6 LANE PAVEMENT ON EPC BASIS,"[N24000583],NHIDCL,ASSAM",,,2023-09,2023-09,1,1,1.0
PRJ_44F6187267E9,SETTING UP PHYSICAL INFRASTRUCTURE FOR THE,Cpwd For Telecom,,,2023-08,2023-08,1,1,1.0
PRJ_4515A7F9B858,UP-GRADATION TO 4 LANING OF,PRADESH,,,2024-02,2024-02,1,1,1.0
PRJ_4552C1C70207,JALANDHAR-HOSHIARPUR SECTION OF NH-70 [NEW NH NO. 3] FROM EXISTING KM 11.400 TO KM 49.200,DESIGN KM. 0.750 TO DESI,,,2024-04,2024-04,1,1,1.0
PRJ_4573FDC11333,4L OF BAL WORKS OF TALAJA -,"[N24001588],NHAI,CHHATTISGARH",,,2024-02,2024-02,1,1,1.0
PRJ_458779B9FD3A,CHATTI BARIATU COAL MINING PROJECT,Power,,,2024-04,2024-04,1,1,1.0
PRJ_459E19CFC85E,CORRIDOR EFFICIENCY IMPROVEMENT INCLUDING REMOVAL OF BLACK SPOTS IN LAKHANPUR - SAMBA SECTION OF,"[N24000583],NHIDCL,ASSAM",,,2023-09,2023-09,1,1,1.0
PRJ_468CD32B3195,WIDENING AND STRENGTHENING OF EXISTING CARRIAGEWAY IN 2 LANE WITH PAVED SHOULDERS FROM KM.25/0 TO 59,RCW,,,2024-04,2024-04,1,1,1.0
PRJ_468FCD42C5E5,SIX LANING OF THALIPARAMBHA- MUZHAPILANGAD SECTION FROM,Road Transport And Highways,,,2024-04,2024-04,1,1,1.0
PRJ_46E1B5D14A0B,6-LANING OF VIJAYAWADA BYPASS,KASHMIR,,,2023-04,2023-04,1,1,1.0
PRJ_4762919F3265,REHABILITATION AND UPGRADATION OF NEW NH-544E FROM KM. 0.000 TO KM 56.803 OF KODIKONDA - MADAKASIRA,5,,,2024-04,2024-04,1,1,1.0
PRJ_478BD85F79F1,ACCESS ROAD/BRIDGE,Road Transport And Highways,,,2024-04,2024-04,1,1,1.0
PRJ_47BBC2E1E80B,WIDENING AND STRENGTHENING TO 2/4 LANE WITH PAVED SHOULDERS OF MAHABUBNAGAR – CHINCHOLI SECTION FROM,Road Transport And Highways,,,2024-04,2024-04,1,1,1.0
PRJ_47C4893F8AC1,REDEVELOPMENT OF SANTHAL FIELD,Oil & Natural Gas Corporation Limited,,,2023-08,2023-08,1,1,1.0
PRJ_480B9A45AD6B,WIDENING TO TWO LANE WITH PAVED SHOULDERS FROM KM 15.525 TO KM 62.880 OF JADCHERLA-KALWAKURTHY SECTI,Road Transport And Highways,,,2024-04,2024-04,1,1,1.0
PRJ_481E1C4B393A,PACKAGE-23 CONSTRUCTION OF DELHI-VADODARA EIGHT LANE,"[N24001588],NHAI,CHHATTISGARH",,,2023-06,2023-06,1,1,1.0
PRJ_483DF3A6300E,"29,16,533.34",RENEWABLE ENERGY,RENEWABLE ENERGY,Total,2023-12,2023-12,1,1,1.0
PRJ_4848E7BF03D6,KOCHI SALEM LPG PIPELINE,Bharat Petroleum Corporation Limited,,,2023-08,2023-08,1,1,1.0
PRJ_48967499B70E,NILAJPHATA TO BHANDARA,FROM WAKHARI TO LORD VITT,,,2024-04,2024-04,1,1,1.0
PRJ_48987DD1ACA7,4L OF RATNAGIRI - KOLHAPUR SECTION FROM KM 112.340 TO KM 145.300 OF NH-166 (PKG–III),Road Transport And Highways,,,2024-04,2024-04,1,1,1.0
PRJ_48A748382358,CONSTRUCTION OF KUND BYPASS FROM EXISTING KM 33+130 TO KM 41+260 (EXISTING LENGTH: 8.130,"[N24001387],MoRTH,KARNATAKA",,,2023-06,2023-06,1,1,1.0
PRJ_48B49E586ACD,CONSTRUCTION OF SIX LANING OF DEDICATED PORT ROAD TO KRISHNAPATNAM PORT (PACKAGE- I) KM 0+000 TO KM 1,5,,,2024-04,2024-04,1,1,1.0
PRJ_48D0EF5118F1,6L ACCESS CONTROLLED GREENFIELD HIGHWAY OF JULEKAL VILLAGE TO DINNEDEVARAPADU VILLAGE FROM KM 242.20 -,National Highways Authority Of India,,,2023-04,2023-04,1,1,1.0
PRJ_48E8F7E651FF,FOUR LANING OF KARADI TO BANAVARA SECTION FROM KM. 66+540 (DESIGN KM. 65+195) TO KM. 119+790 (DESIGN,84.12,,,2024-04,2024-04,1,1,1.0
PRJ_4909A9800208,CONSTRUCTION OF 2L+PS FROM PASARLAPUDI-DHINDI (105/700 TO,PRADESH,,,2024-02,2024-02,1,1,1.0
PRJ_49EBB06BB449,"WIDENING AND STRENGTHENING FROM KM.15.000 TO KM, 58.600 (BHADEWARA -DRAMANDGANJ SECTION) OF NATIONAL",Road Transport And Highways,,,2024-04,2024-04,1,1,1.0
PRJ_4A03AA564D1A,UP-GRADATION TO TWO LANE WITH PAVED SHOULDER CONFIGURATION OF NH-354 SECTION ARIFKES- FEROZEPUR-MUKTS,DESIGN KM. 0.750 TO DESI,,,2024-04,2024-04,1,1,1.0
PRJ_4A280F176A9C,4TH LINE - DADHAPARA-BELHA (9.2 KM) (PB#72/NR/2022-23),Railways,,,2024-04,2024-04,1,1,1.0
PRJ_4A3407A36EC7,FOUR LANING OF BANAVARA TO BETTADAHALLI SECTION FROM KM. 119+790 (DESIGN KM. 121+900) TO KM. 166+100,84.12,,,2024-04,2024-04,1,1,1.0
PRJ_4A69079CDACF,WIDENING AND STRENGTHENING TO TWO LANE WITH PAVED SHOULDERS FROM KM 491/000 TO KM 525/200 OF RAIPUR,5,,,2024-04,2024-04,1,1,1.0
PRJ_4AB021861774,WIDENING TO 2 LANE WITH PAVED SHOULDERS OF MEDAK - SIDDIPET SECTION FROM KM 0/0 TO KM 69/978 OF NH-,Road Transport And Highways,,,2024-04,2024-04,1,1,1.0
PRJ_4ABB4FA4F8E2,TRANSMISSION SYSTEM STRENGTHENING SCHEME FOR EVACUATION OF POWER FROM SOLAR ENERGY ZONES IN RAJASTHA -,"[N18000331],PGCIL,MULTI STATE",,,2023-04,2023-04,1,1,1.0
PRJ_4AD9D0C38B40,BHUJ SOLAR 300MW (TRANCHE-IV,POWER,,,2023-07,2023-07,1,1,1.0
PRJ_4B1DED53C761,CONSTRUCTION/ UP- GRATION OF FOUR/TWO LANE WITH PAVED SHOULDER OF NH68 FROM TANOT- RAMGARH BHADASAR- JA,AND HIGHWAYS,NHAI,RAJASTHAN,2024-06,2024-06,1,1,1.0
PRJ_4B4DF0FBEEC7,WIDENING TO 2 LANE WITH PAVED SHOULDERS FROM KM 34.00 TO 70.900 OF NH-150 UNDER EPC MODE IN THE STAT,84.12,,,2024-04,2024-04,1,1,1.0
PRJ_4B546E85F180,TRANSMISSION SYSTEM STRENGTHENING SCHEME FOR EVACUATION OF POWER FROM,Power Grid Corporation Of India Limited,,,2023-10,2023-10,1,1,1.0
PRJ_4B775535729E,BALANCE WORK OF 4- LANING OF,Road Transport And Highways,,,2024-04,2024-04,1,1,1.0
PRJ_4B7DB8F0C353,KHAMMAM-DEVARAPALLE PKG I [4L ACCESS CONTROLLED,"[N24001749],NHAI,WEST BENGAL",,,2023-07,2023-07,1,1,1.0
PRJ_4BB9B6FF4980,NEW LPG PLANT AT VARANASI,"[N16000465],BPCL,ODISHA",,,2023-05,2023-05,1,1,1.0
PRJ_4BBE094454FD,WIDENING TO 2-LANE WIH PAVED SHOULDER FROM KM. 544.20 TO,"[N24001289],MoRTH,ARUNACHAL PRADESH",,,2023-04,2023-04,1,1,1.0
PRJ_4BF223A133A3,SPUR OF MEERUT-GARH- MUKTESHWAR SECTION(NH-709A) CONNECTING NH-119 AND NH-58 BYPASSING MEERUT TOWN,DISTRICT) TO RANIPUR,,,2024-04,2024-04,1,1,1.0
PRJ_4C0E376B86A1,4L OF INDAPUR TO TONDLE (PKG-III) FROM KM.84.550 TO KM. 131.00 OF,PRADESH,,,2023-05,2023-05,1,1,1.0
PRJ_4C109E842D08,FOUR LANING OF KARADI TO BANAVARA SECTION FROM KM. 66+540 (DESIGN KM. 65+195) TO KM. 119+790 (DESIGN -,"[N24000662],NHAI,PUNJAB",,,2023-05,2023-05,1,1,1.0
PRJ_4C1A9BA429FA,CONSTRUCTION OF 2 LANE ROAD OF POTIN TO PANGIN SECTION OF NH 13 FROM KM 163.59 TO KM 206.66 (PACKAGE -,"[N24001919],MoRTH,CHHATTISGARH",,,2024-01,2024-01,1,1,1.0
PRJ_4C49B2EF1A99,CONSTRUCTION OF 2 LANE WITH HARD SHOULDER FROM DESIGN CHAINAGE KM 283.000 TO KM,Road Transport And Highways,,,2024-04,2024-04,1,1,1.0
PRJ_4C8E7333EE5F,INDORE-DEWAS-UJJAIN,"[N22000562],NCR,UTTAR PRADESH",,,2024-02,2024-02,1,1,1.0
PRJ_4CB6423FCFAF,WIDENING AND UPGRADATION TO FOUR LANE CONFIGURATION FROM KM.34.900 (BHADOHI) TO KM.73.134,DISTRICT) TO RANIPUR,,,2024-04,2024-04,1,1,1.0
PRJ_4CF2FF678C69,NUMALIGARH REFINERY,PETROLEUM,,,2023-06,2023-06,1,1,1.0
PRJ_4D334DF719E5,SATARA MURVAD PILLOV PANDHARPUR,Road Transport And Highways,,,2024-04,2024-04,1,1,1.0
PRJ_4D4B2AB3F50D,6L OF CHILKARARUPET BYPASS FROM KM. 357.400 TO KM. 371.920 OF NH-16,5,,,2024-04,2024-04,1,1,1.0
PRJ_4D5A85A7B69F,WIDENING AND STRENGTHENING/ RECONSTRUCTION OF EXISTING PAVEMENT TO FOUR ALNE WITH PAVED SHOULDERS FR,Road Transport And Highways,,,2024-04,2024-04,1,1,1.0
PRJ_4DAB0207ACB6,INTEGRATED STRUCTURE WITH DEVELOPMENT OF OTHER ALLIED,"[N24000835],NHAI,HARYANA",,,2024-01,2024-01,1,1,1.0
PRJ_4DC031324BF7,TS FOR EVACUATION POWER FROM REZ IN RAJASTHAN (20GW) UNDER,PRADESH,,,2024-03,2024-03,1,1,1.0
PRJ_4E118CF9B64A,R/U TO 2-LANE WITH PS OF BEWAR TO ALLAHGANJ SECTION OF NH- 730C FROM KM.0.00 TO 52.770 UNDER GNHCP,DISTRICT) TO RANIPUR,,,2024-04,2024-04,1,1,1.0
PRJ_4E1AA565BAFE,REHABILITATION AND UPGRADATION OF NEW NH-544E FROM KM. 0.000 TO KM 56.803 OF KODIKONDA - MADAKASIRA,CONSTRUCTION OF OTHE,,,2024-04,2024-04,1,1,1.0
PRJ_4E209C6186D9,6L OF PONDAVAKKAM TO KANNIGAIPAIR FROM KM 96.040 TO KM 116.100 OF NH 716B,5,,,2024-04,2024-04,1,1,1.0
PRJ_4E44480DF209,VADODARA MUMBAI EXPRESSWAY,FROM WAKHARI TO LORD VITT,,,2024-04,2024-04,1,1,1.0
PRJ_4E7941F49A6C,MPLS-IP BASED ACCESS AND AGGREGATION NETWORK (MAAN) IN BSNL ALONG WITH TEST AND MEASURING EQUIPMENT,TELECOMM UNICATIONS,MAAN,MULTI STATE,2024-06,2024-06,1,1,1.0
PRJ_4E8006734C6F,WIDENING TO 2 LANE WITH PAVED SHOULDERS OF SIDDIPET- ELKATHURTHY SECTION FROM KM 69/978 TO KM 133/6,Road Transport And Highways,,,2024-04,2024-04,1,1,1.0
PRJ_4E88C1BD6BCC,6L ACCESS CONTROLLED GREENFIELD HIGHWAY FROM YERRAGUDIPADU 129.000 KM. TO AUDIREDDIPALLE 160.000 KM.,5,,,2024-04,2024-04,1,1,1.0
PRJ_4F1452AD8A30,JUNAGADH BYPASS,KASHMIR,,,2023-04,2023-04,1,1,1.0
PRJ_4F2A17FFCE23,CGD PROJECT AT SALEM DISTRICT,Petroleum,,,2024-04,2024-04,1,1,1.0
PRJ_4F4AEF86429B,WIDENING TO 2LPS FROM 239/9 TO 294/3 OF NH-57 (NAYAGARH TO KHURDA) IN THE STATE OF ODISHA,CHANDIKHOLE (,,,2024-04,2024-04,1,1,1.0
PRJ_4F8DF334CEF8,FOUR LANING OF MOGA TO BAJAKHANA LAMBWALI SECTION OF 105B GREENFIELD ALIGNMENT FROM DESIGN CHAINAGE,DESIGN KM. 0.750 TO DESI,,,2024-04,2024-04,1,1,1.0
PRJ_503A8E4EEBAD,WIDENING TO 2 LANE WITH PAVED SHOULDERS FROM KM 0 TO 54 OF NH-50 UNDER EPC MODE IN THE STATE OF KARN,69 YEKAMBI KUMTA,,,2024-04,2024-04,1,1,1.0
PRJ_512491A672E5,UP-GRADATION TO 2 LANE WITH PAVED SHOULDER FROM CHARBHUJA AT DESIGN KM 0.00 (EXISTING KM 150.00) TO,WITH M,,,2024-04,2024-04,1,1,1.0
PRJ_51303177A9F1,CONSTRUCTION OF EIGHT LANE ACCESS CONTROLLED EXPRESSWAY CARRIAGEWAY FROM,"[N24001719],NHAI,TAMIL NADU",,,2023-04,2023-04,1,1,1.0
PRJ_51357C375352,WIDENING TO 4 LANE FROM KM 51.60 TO 76.20 (HEBRI TO PARKALA) AND FROM KM 85.20 TO 88.90 (KARAVALI JU,84.12,,,2024-04,2024-04,1,1,1.0
PRJ_514E67889ECB,MOHANPUR EXPANSION OC PHASE,Coal,,,2024-04,2024-04,1,1,1.0
PRJ_51BA5741EE54,SHEWALI (SAKRI) - NANDURBAR,FROM WAKHARI TO LORD VITT,,,2024-04,2024-04,1,1,1.0
PRJ_51E1025EBDA3,FOUR LANING WITH PAVED SHOULDER OF SECTION FROM KM,"[N24001694],NHAI,TAMIL NADU",,,2023-09,2023-09,1,1,1.0
PRJ_522229EF728A,4TH LINE - DADHAPARA-BELHA (9.2,South East Central Railway,,,2023-10,2023-10,1,1,1.0
PRJ_52436B764047,REBUILDING OF COKE OVEN BATTERY NO.7 AND 8 OF BHILAI STEEL PLANT,Steel,,,2024-04,2024-04,1,1,1.0
PRJ_52E3D964B528,CONSTRUCTION OF ROB AND ITS APPROACHES IN LIEU OF,PRADESH,,,2023-08,2023-08,1,1,1.0
PRJ_52EF54828A6F,4 LANE OF BILASPUR TO URGA,"[N24000771],NHIDCL,MEGHALAYA",,,2024-02,2024-02,1,1,1.0
PRJ_533FFB5CB15A,KOLHA TO NASRATPUR,FROM WAKHARI TO LORD VITT,,,2024-04,2024-04,1,1,1.0
PRJ_53648B9562B7,SHIRUR TO KHARDA,Road Transport And Highways,,,2024-04,2024-04,1,1,1.0
PRJ_53A245F0DAA1,DELHI-VADODARA GREENFIELD ALIGNMENT (NH-148N) (PKG-10) (CH. 292.950 TO CH. 319.400) [END OF INTERCHA,Road Transport And Highways,,,2024-04,2024-04,1,1,1.0
PRJ_5439B7A65D11,DEVELOPMENT OF 6L UER II [PACKAGE - II] (KARALA,Road Transport And Highways,,,2024-04,2024-04,1,1,1.0
PRJ_545CE12BC38B,TRANSMISSION SYSTEM FOR KURNOOL WIND ENERGY ZONE,Power Grid Corporation Of India Limited,,,2023-08,2023-08,1,1,1.0
PRJ_546288F9E0AD,FOUR LANING OF MUNGER TO MIRZACHAUKI (NH-80) SECTION FROM START OF EXISTING,"[N24000709],NHAI,MADHYA PRADESH",,,2024-03,2024-03,1,1,1.0
PRJ_54645BCFF9C8,SIX LANING OF AURANGABAD TO BIHAR - JHARKHAND BORDER (CHORDAHA) SECTION,Road Transport And Highways,,,2024-04,2024-04,1,1,1.0
PRJ_547A762BA0E5,PANCHARAL TO MANDANGHAR,Road Transport And Highways,,,2024-04,2024-04,1,1,1.0
PRJ_549F2EC3B98F,REHABILITATION AND UP GRADATION FROM KM. 121/0 TO 154/0 OF NAKAREKAL – MALLAMPALLY SECTION OF NH-365,Road Transport And Highways,,,2024-04,2024-04,1,1,1.0
PRJ_549FA13C7292,GC OF NATHDWARA - DEVGARH,Railways,,,2024-04,2024-04,1,1,1.0
PRJ_54BB19CD0BDF,CONSTUCTION/UPGRADATION OF EXISTING HIGHWAY TO 2 LANE WITH PAVED SHOULDER FROM KM 13.00 TO KM 25.600,INCLUDING GEOMETRIC IMPROV,,,2024-04,2024-04,1,1,1.0
PRJ_54D1393908BD,SIX LANING FROM KAPPIRIKKAD TO THALIKULAM SECTION OF NH – 66 (OLD NH-17) FROM DESIGN CH. 335+850 (EX,Road Transport And Highways,,,2024-04,2024-04,1,1,1.0
PRJ_54DB4AE0AF6F,MOHOL TO WAKHARI PACKAGE1 SANT DNYANESHWAR MAHARAJ PALKHI MARG SECTION OF NH965,FROM WAKHARI TO LORD VITT,,,2024-04,2024-04,1,1,1.0
PRJ_54FBBFBBF9BF,PALPHATA TO PHULAMBARI,FROM WAKHARI TO LORD VITT,,,2024-04,2024-04,1,1,1.0
PRJ_554BD3D4E96B,FOUR LANING OF LEFT OVER WORKS OF HOSPET BELLARY KARNATAKA/ AP BORDER FROM KM.280.080 TO KM. 375.450,84.12,,,2024-04,2024-04,1,1,1.0
PRJ_555D6CD853C2,RASISAR (NEAR BIKANER)-,"[N24001701],NHAI,BIHAR",,,2023-09,2023-09,1,1,1.0
PRJ_557BADC7C0B9,SIX LANE ACCESS CONTROLLED OF DELHI SAHARANPUR HIGHWAY FROM DELHI UP BORDER TO EPE JUNCTION CH.14.75,Road Transport And Highways,,,2024-04,2024-04,1,1,1.0
PRJ_55B9052723B9,MOHANPUR EXPANSION OC PHASE,Eastern Coal Fields Limited,,,2023-10,2023-10,1,1,1.0
PRJ_55DE24DF174B,6L AMRITSAR-BATHINDA GREENFIELD SECTION FROM JN.,Road Transport And Highways,,,2024-04,2024-04,1,1,1.0
PRJ_55F029F1B8DD,WIDENING TO TWO LANE WITH PAVED SHOULDERS FROM 24.600 TO 70.063 OF MUDIGERE TO KADUR SECTION OF NH-,84.12,,,2024-04,2024-04,1,1,1.0
PRJ_56208E0A0921,BALANCE WORK OF CONTSRUCTION OF TWO/FOUR,"[N24000941],MoRTH,PUNJAB",,,2024-03,2024-03,1,1,1.0
PRJ_563207C1D6F6,CONSTRUCTION OF 2 LANE BRIDGE,"[N24000556],NHAI,UTTAR PRADESH",,,2023-04,2023-04,1,1,1.0
PRJ_5651577E737A,PUNE RAIGARH DISTRICT BORDER TO MANGAON,FROM WAKHARI TO LORD VITT,,,2024-04,2024-04,1,1,1.0
PRJ_565B7A988627,REDEVELOPMENT OF GENERAL,Central Public Works Department,,,2023-10,2023-10,1,1,1.0
PRJ_56968CC591BD,CGD PROJECT AT PATHANKOT DISTRICT,Petroleum 255.29 (0.00) [9],,,2024-04,2024-04,1,1,1.0
PRJ_56A7A497E431,UP-GRADATION TO TWO LANING,Road Transport And Highways,,,2024-04,2024-04,1,1,1.0
PRJ_56BAEC0EB076,NH 167 B KADAPA NELLORE BORDER TO CSPURAM I.E. FROM KM 58.635 TO KM 99.409,5,,,2024-04,2024-04,1,1,1.0
PRJ_56D35032D107,FOUR LANING OF PURULIYA BYPASS SECTION OF NH 32 IN THE STATE OF WEST BENGAL ON EPC,"[N24000765],NHIDCL,NAGALAND",,,2024-01,2024-01,1,1,1.0
PRJ_56D7FEC2515E,CONSTRUCTION OF MISSING LINKS (SINGLE LANE) IN LAKHPAT GADULI,"[N24001386],MoRTH,ANDHRA PRADESH",,,2023-10,2023-10,1,1,1.0
PRJ_56EADBD9CD88,UPGRADATION AND REHABILITATION TO TWO LANE WITH PAVED SHOULDER OF BARMER GHAGARIYA SECTION FROM KM 0,BALANCE WORK FRO,,,2024-04,2024-04,1,1,1.0
PRJ_56FEE5E5B7F9,NASRATPUR TO BARASGAON,Road Transport And Highways,,,2024-04,2024-04,1,1,1.0
PRJ_5721E9676818,CONSTRUCTION OF PARTIALLY ACESS CONTROLLED FOUR LANE ELEVATED HIGHWAY BETWEEN SAMRALA CHOWK (DESIGN -,KASHMIR,,,2023-04,2023-04,1,1,1.0
PRJ_57420FDCCE9B,CONSTRUCTION OF TIMMAPURAM,PRADESH,,,2023-09,2023-09,1,1,1.0
PRJ_57B4104492FA,UPGRADATION AND REHABILITATION TO TWO LANE WITH PAVED SHOULDER OF GHAGARIYA- MUNABAO SECTION FROM KM,BALANCE WORK FRO,,,2024-04,2024-04,1,1,1.0
PRJ_5803FC92FB0D,REHABILITATION AND UPGRADATION OF BHOKARDAN TO KUMBHARI FATA DESIGN CH. (KM 13+500 TO 17+00) AND RAJ,FROM WAKHARI TO LORD VITT,,,2024-04,2024-04,1,1,1.0
PRJ_5838A11B64A7,WIDENING TO 2LPS FROM 269/30 TO,"[N24001381],MoRTH,HIMACHAL PRADESH",,,2023-06,2023-06,1,1,1.0
PRJ_586AADD7CFF4,WIDENING AND UP-GRADATION TO,"[N24000967],MoRTH,ANDHRA PRADESH",,,2023-04,2023-04,1,1,1.0
PRJ_587B6CA96CA6,4L OF AKOLA - MEDSHI FROM KM. 0.00 TO KM. 47.70 OF NH-161,"[N24000771],NHIDCL,MEGHALAYA",,,2024-02,2024-02,1,1,1.0
PRJ_588A732BF338,IMPROVEMENT AND UPGRADATION TO TWO LANE WITH PAVED SHOULDER CONFIGURATION FROM EXISTING KM 55.00 TO,DISTRICT) TO RANIPUR,,,2024-04,2024-04,1,1,1.0
PRJ_588CE4299EA9,VADODARA MUMBAI EXPRESSWAY (PHASE II - PKG XVI) [KM. 43.000 TO KM. 69.800 OF SPUR],Road Transport And Highways,,,2024-04,2024-04,1,1,1.0
PRJ_58BB3D014EE9,WIDENING AND UP-GRADATION TO,"[N24000868],NHIDCL,JAMMU AND KASHMIR",,,2023-07,2023-07,1,1,1.0
PRJ_58F38927D745,REHABILITAITON AND UPGRADATION OF REPALLE TO EEPPURPALEM SECTION FROM KM 128/927 TO KM 195/000 OF NH,5,,,2024-04,2024-04,1,1,1.0
PRJ_58F487A010A6,TRANSMISSION NETWORK EXPANSION IN GUJARAT TO INCREASE ATC FROM ISTS: PART C,Power,,,2024-04,2024-04,1,1,1.0
PRJ_592A75F267C8,"LALITPUR-SATNA-REWA-SINGRULI NL,",West Central Railway,,,2023-10,2023-10,1,1,1.0
PRJ_594F770D801A,REHABILITATION AND UPGRADATION OF NH-340 FROM KM 0/0 TO KM 60/380 (DESIGN CH. 0/000 TO 60/025 EXCLUD,CONSTRUCTION OF OTHE,,,2024-04,2024-04,1,1,1.0
PRJ_59FF5AC48EB8,TWO-LANING OF HAYULIANG– HAWAI BYPASS ROAD ON EPC BASIS FROM DESIGN KM. 51.825 TO,"[N24000678],NHIDCL,ARUNACHAL PRADESH",,,2023-05,2023-05,1,1,1.0
PRJ_5A15BC16664B,REHABILITATION AND UPGRADATION OF LOSARI- MACHAVARAM SECTION FROM KM34/230 TO KM84/550 OF NH214(NH216 -,"[N24001380],MoRTH,TAMIL NADU",,,2023-04,2023-04,1,1,1.0
PRJ_5A2E52E1E296,"IMPROVEMENT AND UP-GRADATION OF EXISTING ROAD TO 4L PS FROM KM 123.650 TO 175.080, FROM START OF SHA",Road Transport And Highways,,,2024-04,2024-04,1,1,1.0
PRJ_5A715479EFCD,WIDENING/IMPROVEMENT TO 4- LANE WITH PAVED SHOULDER FROM KM 27+701,Road Transport And Highways,,,2024-04,2024-04,1,1,1.0
PRJ_5B117170FA13,UPGRADATION 2/4 LANE NH CONNECTIVITY UNDER SAGARMALA SCHEME SH 2 HAVERI YEKAMBI SH 69 YEKAMBI KUMTA,84.12,,,2024-04,2024-04,1,1,1.0
PRJ_5B230ECCC9FD,FOUR LANNING OF RAMPUR- KATHGODAM SECTION OF NH-87 FROM KM 0.000 (KM. 190.000 OF NH- 24) TO KM 42.791,DISTRICT) TO RANIPUR,,,2024-04,2024-04,1,1,1.0
PRJ_5B4F2F24ACB6,BALANCE WORK OF REHABILITATION AND UP- GRADATION TO NH-166F FROM,"[N24001386],MoRTH,ANDHRA PRADESH",,,2023-10,2023-10,1,1,1.0
PRJ_5B5813248FCE,RUF PITCH LOADING GANTRY,Petroleum,,,2024-04,2024-04,1,1,1.0
PRJ_5B9D4C509AA1,RAJRAPPA RCE OCP,Central Coal Fields Limited,,,2023-08,2023-08,1,1,1.0
PRJ_5BE963AEEF98,REHABILITATION AND UPGRADATION OF KONDLI PHASE I,Delhi Jal Board,,,2023-08,2023-08,1,1,1.0
PRJ_5BF6682AA4C6,SHEWALI (SAKRI) - NANDURBAR,Road Transport And Highways,,,2024-04,2024-04,1,1,1.0
PRJ_5C1170FE58A5,EXTENSION OF TERMINAL,Airport Authority Of India Limited,,,2023-04,2023-04,1,1,1.0
PRJ_5C529A39E37A,WADSA-GADHCHIROLI NEW LINE,137 A,,,2024-04,2024-04,1,1,1.0
PRJ_5C8E1C431E94,BALANCE WORK OF 2L PS FROM KM 30.800 TO 70.800 AND 2L WITH RIGID CARRIAGEWAY FROM 70.800 TO KM 84.12,Road Transport And Highways,,,2024-04,2024-04,1,1,1.0
PRJ_5C95AE6B769F,UP GRADATION OF NH 130C,"[N24000780],MoRTH,UTTARAKHAND",,,2024-02,2024-02,1,1,1.0
PRJ_5CC9F543519A,KANPUR LUCKNOW EXPRESSWAY PKG-1 CONSTRUCTION OF 6-LANE TO EIGHT LANE OF KANPUR LUCKNOW EXPRESSWAY (N,Road Transport And Highways,,,2024-04,2024-04,1,1,1.0
PRJ_5CF2F244C953,CONSTRUCTION OF 8 LANING OF,"[N24001569],NHAI,RAJASTHAN",,,2023-05,2023-05,1,1,1.0
PRJ_5D3B0C1F11C7,RALEGAON TO RAMTIRTH,Road Transport And Highways,,,2024-04,2024-04,1,1,1.0
PRJ_5D427CAA11DC,WARDHA - NAGPUR - 4TH LINE,"2,596.20 (1,635.74) [21]",,,2024-04,2024-04,1,1,1.0
PRJ_5D47B29EEE6C,CONSTRUCTION OF MAJOR BRIDGE ACROSS SHARAVATHI,Road Transport And Highways,,,2024-04,2024-04,1,1,1.0
PRJ_5D4F0698BAEF,CITY GAS DISTRIBUTION NETWORK PROJECT AT JAGATSINGHPUR AND KENDRAPARA -,PETROLEUM,,,2023-05,2023-05,1,1,1.0
PRJ_5D531DE85DB7,BANGALORE/TN BORDER TO HOSKOTE,84.12,,,2024-04,2024-04,1,1,1.0
PRJ_5D9B59A65558,VITA TO NAGAJ,FROM WAKHARI TO LORD VITT,,,2024-04,2024-04,1,1,1.0
PRJ_5DAE60341CEA,CONSTRUCTION OF NEW 4-LANE,"[N24000619],NHAI,ODISHA",,,2023-10,2023-10,1,1,1.0
PRJ_5DCAC9E67462,WIDENING TO 2 LANE WITH PAVED SHOULDERS FROM KM 116.800 TO 149.070(DESIGN CHANGES) ON HOSADURGA HOL,84.12,,,2024-04,2024-04,1,1,1.0
PRJ_5DF92444FA2E,6L ACCESS CONTROLLED GREENFIELD HIGHWAY OF JUNCTION OF EPE (VILL.- MAVIKALAN) TO VILL.-LOHADDA FROM K,Road Transport And Highways,,,2024-04,2024-04,1,1,1.0
PRJ_5EB18D662D0C,TRANSMISSION SYSTEM STRENGTHENING SCHEME FOR EVACUATION OF POWER FROM SOLAR ENERGY ZONES IN,POWER,,,2023-05,2023-05,1,1,1.0
PRJ_5ED2D8E0409B,SHIROD SHAHPURER TO NANDED,Road Transport And Highways,,,2024-04,2024-04,1,1,1.0
PRJ_5ED6A4FBA8E9,REHABILITATION AND UPGRADATION TO 2 LANE WITH PAVED SHOULDER OF MOGA (DESIGN CH 0.000) TO MAKHU (DES,Road Transport And Highways,,,2024-04,2024-04,1,1,1.0
PRJ_5EE4CC02700A,FOUR LANING OF GAYA-HISUA- RAJGIRI-NALANDA-BIHARSHARIF,"[N24000444],MoRTH,GOA",,,2024-03,2024-03,1,1,1.0
PRJ_5EEF8AD07EB5,WIDENING AND UPGRADATION TO FOUR LANE CONFIGURATION FROM KM.34.900 (BHADOHI) TO KM.73.134,Road Transport And Highways,,,2024-04,2024-04,1,1,1.0
PRJ_5EF039ABBF31,4L GREENFIELD ALIGNMENT OF AMAS TO SHIVRAMPUR FROM 0.000,"[N24000771],NHIDCL,MEGHALAYA",,,2024-02,2024-02,1,1,1.0
PRJ_5F327344F325,SIX LANNING OF MANDI DABWALI (PUNJAB/HARYANA BORDER)- CHAUTALA ROAD SECTION FROM PROPOSED MANDI DABW,Road Transport And Highways,,,2024-04,2024-04,1,1,1.0
PRJ_5F8D4ECBC832,DARBHANGA - BYPASS LINE CONNECTING SHISHO HALT AND KAKARGHATI EXCL DARBHANGA,RAILWAYS,,,2024-01,2024-01,1,1,1.0
PRJ_5FB16E8AD2A8,INTERCEPTION AND DIVERSION,Kolkata Metropolitan Development Authority,,,2023-10,2023-10,1,1,1.0
PRJ_5FD2FFC32954,VADODARA MUMBAI EXPRESSWAY (PHASE II - PKG XV) [KM. 20.200 TO KM. 43.000 OF SPUR],FROM WAKHARI TO LORD VITT,,,2024-04,2024-04,1,1,1.0
PRJ_5FF8FE6A1982,6L ACCESS- CONTROLLED HIGHWAY FROM (GANESHPUR) TO(NEAR MOHAND) OF GANESHPUR ? DEHRADUN SECTION FROM K,6L ACCESS- CONTROLLED HIGHWAY FROM (GANESHPUR) TO(NEAR MOHAND) OF GANESHPUR ? DEHRADUN SECTION FROM K (NHAI ),GANESHPUR,HIGHWAYS,2024-06,2024-06,1,1,1.0
PRJ_601517D93E16,KARAILA ROAD - SHAKTINAGAR,East Central Railways,,,2023-08,2023-08,1,1,1.0
PRJ_606FD4492B0D,REHABILITATION AND UP-,Ministry Of Road Transport And Highways (State Pwds),,,2023-10,2023-10,1,1,1.0
PRJ_607EC6ADAA9D,HARIHARGANJ TO PARWA MODE,"[N24001709],NHAI,BIHAR",,,2023-07,2023-07,1,1,1.0
PRJ_608ADD39466C,FOUR LANING OF KARADI TO BANAVARA SECTION FROM KM. 66+540 (DESIGN KM. 65+195) TO KM. 119+790 (DESIGN,Road Transport And Highways,,,2024-04,2024-04,1,1,1.0
PRJ_60A854116260,IMPROVEMENTS AND RECONSTRUCTION TO TWO LANE WITH PAVED SHOULDERS FROM KM 243.20 TO KM 290.20 OF NH,Road Transport And Highways,,,2024-04,2024-04,1,1,1.0
PRJ_60D358DD9A15,NAGPUR RING ROAD PACKAGE-2,FROM WAKHARI TO LORD VITT,,,2024-04,2024-04,1,1,1.0
PRJ_60E6CA4577DC,"IMPROVEMENT , UP-GRADATION OF NH-734 SECTION OF MORADABAD - THAKURDWARA - KASHIPUR: “PACKAGE-I: MORA",Road Transport And Highways,,,2024-04,2024-04,1,1,1.0
PRJ_6113B2411A86,KOTHARI TO DHANORA,FROM WAKHARI TO LORD VITT,,,2024-04,2024-04,1,1,1.0
PRJ_611C750643B3,"WIDENING AND STRENGTHENING FROM KM.15.000 TO KM, 58.600 (BHADEWARA - DRAMANDGANJ SECTION) OF NATIONAL",AND HIGHWAYS,"BHADEWARA -
DRAMANDGANJ
SECTION",UTTAR PRADESH,2024-06,2024-06,1,1,1.0
PRJ_6127E824E583,WIDENING AND STRENGTHENING OF SECTION FROM BHARTHANA CHOWK TO KODARKOOT (KM. 0.00 TO KM. 40.00) OF,DISTRICT) TO RANIPUR,,,2024-04,2024-04,1,1,1.0
PRJ_6158304F86AD,SIX LANING OF NEELESHWARAM TO THALIPARAMBHA SECTION FROM,"[N24001983],NHAI,ANDHRA PRADESH",,,2024-03,2024-03,1,1,1.0
PRJ_61B7E84ACD5E,BILASIPURA-GUWAHATI ROAD PKG-,"[N24000431],NHIDCL,ASSAM",,,2024-03,2024-03,1,1,1.0
PRJ_6228312CD82E,TS FOR EVACUATION OF POWER FROM REZ IN RAJASTHAN (20GW) UNDER PH-III PART D [SIKAR KHETRI TRANSMISSI,Power,,,2024-04,2024-04,1,1,1.0
PRJ_622F71AE6452,WIDENING TO 2-LANE WIH PAVED SHOULDER FROM KM. 544.20 TO 594.00 (HOSAMANE CROSS TO PANDAVAPURA) SECT -,"[N24001381],MoRTH,HIMACHAL PRADESH",,,2023-06,2023-06,1,1,1.0
PRJ_6275C6E75AD8,"CONSTRUCTION OF ELEVATED CORRIDOR FROM KM. 135.650 TO 136.300 ON 63, FROM KM. 249 TO KM. 250.050 ON",84.12,,,2024-04,2024-04,1,1,1.0
PRJ_629E31F46A1B,FOUR LANING OF AMRITSAR BYPASS FROM NEW TARN TARAN ROAD TO AJNALA ROAD FROM,Road Transport And Highways,,,2024-04,2024-04,1,1,1.0
PRJ_62C01FBD2F51,"CGD PROJECT AT SHEIKHPURA, JAMUI AND DEOGHAR DISTRICTS",Petroleum,,,2024-04,2024-04,1,1,1.0
PRJ_630FC9ADC60D,UP-GRADATION TO 2-LANE WITH PAVED SHOULDER FROM KM 12.850 TO KM20.300 OF 7.450KM LENGTH ON GOHA-KHEL,CHAINAGE KM 102 TO KM 13,,,2024-04,2024-04,1,1,1.0
PRJ_6332C3187871,RISHIKESH - KARNAPRAYAG NEW LINE,Rail Vikas Nigam Ltd.,,,2023-10,2023-10,1,1,1.0
PRJ_636B1BBDB827,MULTI-PRODUCT PIPELINE FROM KRISHNAPATNAM COASTAL INSTALLATION TO THE PROPOSED INSTALLATION AT HYDER,CIVIL AVIATION,BPCL,PETROLEUM,2024-06,2024-06,1,1,1.0
PRJ_63735180D21E,DEVELOPMENT OF 4L UER II,"[N24001213],NHAI,MADHYA PRADESH",,,2023-06,2023-06,1,1,1.0
PRJ_6375C157DCCB,CONSTRUCTION OF 2-LANE WITH PAVED SHOULDER INCLUDING GEOMETRIC IMPROVEMENT FROM KM 0.000 TO KM 16.00,INCLUDING GEOMETRIC IMPROV,,,2024-04,2024-04,1,1,1.0
PRJ_6376BE50004E,FOUR LANNING OF NERCHOWK- PANDOH BYPASS SECTION OF NH-,"[N24001594],NHAI,JHARKHAND",,,2023-08,2023-08,1,1,1.0
PRJ_64257D05B21C,RAJNANDGAON - NAGPUR - 3RD LINE,Railways,,,2024-04,2024-04,1,1,1.0
PRJ_6465757C9C08,DEOGARH (NEAR DHANDHANIYA)- RAJASTHAN/GUJARAT BORDER,"[N24001983],NHAI,ANDHRA PRADESH",,,2024-03,2024-03,1,1,1.0
PRJ_6477D75580FC,REHABILITATION AND UPGRADATION OF CUTTACK ANGUL SECTION OF NH-42 (NEW NH-55) TO 4 LANE (KM. 0+400 TO,CHANDIKHOLE (,,,2024-04,2024-04,1,1,1.0
PRJ_647827720793,REHABILITATION AND UPGRADATION FROM KM 51.600 TO KM 75.700 OF NH-321G (NUHKHAS TO ETAH SECTION) TO T,DISTRICT) TO RANIPUR,,,2024-04,2024-04,1,1,1.0
PRJ_64FF32DD479D,FOUR LANING OF POONDIYANKUPPAM (KM.67/000) TO SATTANATHAPOURAM (KM.123/800) SECTION OF NH-45A ON HAM -,PRADESH,,,2023-06,2023-06,1,1,1.0
PRJ_6532A9A5ED51,UPGRADATIOBN AND REHABILITATION OF SECTION OF NH 361 F FROM PARLI (00/000) TO GANGAKHED (30/400) TO,FROM WAKHARI TO LORD VITT,,,2024-04,2024-04,1,1,1.0
PRJ_656C11B191A5,"CCS INTERNATIONAL AIRPORT ,",CIVIL AVIATION,,,2023-09,2023-09,1,1,1.0
PRJ_660514147FF9,DIBRUGARH-LAHOAL-CHABUA BYPASS PACKAGE-3,"[N24001339],NHIDCL,MEGHALAYA",,,2023-06,2023-06,1,1,1.0
PRJ_662228DC91B6,MADURAI-TUTICORIN VIA,RAILWAYS,,,2023-09,2023-09,1,1,1.0
PRJ_6650C702CCE6,4L OF MALOUT-MANDI DABWALI,"[N24001772],NHAI,UTTAR PRADESH",,,2024-03,2024-03,1,1,1.0
PRJ_66AED9B69093,DEOBAND (MUZAFFARNAGAR)- ROORKEE NL,Northern Railway,,,2023-10,2023-10,1,1,1.0
PRJ_66DE05916B07,TRANSMISSION NETWORK EXPANSION IN GUJARAT ASSOCIATED WITH INTEGRATION OF RE PROJECTS FROM KHAVDA POT,Power,,,2024-04,2024-04,1,1,1.0
PRJ_674BC528E457,"WIDENING TO 2 LANES WITH PAVED SHOULDERS FROM KM 24.400 TO 27.270, 40.500 TO 41.900, 84.300 TO 88.20",69 YEKAMBI KUMTA,,,2024-04,2024-04,1,1,1.0
PRJ_676F47B80D1A,WIDENING TO 2LPS OF RAMPACHODAVARAM - KOYYURU SECTION OF NH516E FROM KM.43.700 TO KM 113.820,CONSTRUCTION OF OTHE,,,2024-04,2024-04,1,1,1.0
PRJ_67EF9DB60335,CONSTRUCTION AND UPGRADATION OFEXISTINGROAD TO 2-LANE WITH PAVED SHOULDER,Road Transport And Highways,,,2024-04,2024-04,1,1,1.0
PRJ_689F522494EC,MEHKAR TO AJISPUR,FROM WAKHARI TO LORD VITT,,,2024-04,2024-04,1,1,1.0
PRJ_68C1030D437B,REHABILITATION AND UPGRADATION TO 2-LANE WITH PAVED SHOULDER CONFIGURATION,"[N24002013],MoRTH,KARNATAKA",,,2024-01,2024-01,1,1,1.0
PRJ_68FE4D02A249,SPECIAL PROTECTION WORK ON REHABILITATION AND RESTORATION OF SLIDING AND SINKING ZONE FROM RANGPO TO,INCLUDING GEOMETRIC IMPROV,,,2024-04,2024-04,1,1,1.0
PRJ_68FF0CB8EE36,KUMBHARI PHTA TO DEULGAON RAJA,FROM WAKHARI TO LORD VITT,,,2024-04,2024-04,1,1,1.0
PRJ_699F784EB6B4,6L ACCESS CONTROL GREENFIELD,Road Transport And Highways,,,2024-04,2024-04,1,1,1.0
PRJ_69AE6849143B,FOUR LANING OF LEFT OVER WORKS OF HOSPET BELLARY KARNATAKA/ AP BORDER FROM KM.280.080 TO KM. 375.450,Road Transport And Highways,,,2024-04,2024-04,1,1,1.0
PRJ_69AF7CD118B4,RAJAHMUNDRY AIRPORT: CONSTRUCTION OF NEW DOMESTIC TERMINAL BUILDING AND MISCELLANEOUS WORKS INCLUD,Civil Aviation,,,2024-04,2024-04,1,1,1.0
PRJ_69D15282ABA9,4-LANNING OF STHIYATHOPU- CHOLOPURAM,Road Transport And Highways,,,2024-04,2024-04,1,1,1.0
PRJ_69DC00F1DA81,SIX LANING OF THURAVOOR,"[N24000736],NHAI,ODISHA",,,2023-04,2023-04,1,1,1.0
PRJ_6A549C1CC2F0,GUDIWADA TOWN 2 LANE ROB AND ROAD IMPROVEMENT OF NH165 IN REPLACEMENT OF LC NO 3ESPL3 AT KM 231.700,5,,,2024-04,2024-04,1,1,1.0
PRJ_6A63B3AB85C1,KHAMMAM-DEVARAPALLE PKG I [4L ACCESS CONTROLLED (GREENFIELD) FROM THALLAMPADU VILLAGE TO SOMAVARAM,RCW,,,2024-04,2024-04,1,1,1.0
PRJ_6A69C54FFFA3,REHABILITATION AND UPGRADATION OF NH-167 FROM DESIGN KM.187.723 TO 234.434 (MIRYALAGUDA TO KODAD SEC,Road Transport And Highways,,,2024-04,2024-04,1,1,1.0
PRJ_6A8CB446C020,KAZIPET-VIJAYAWADA 3RD LINE WITH ELECTRIFICATION,Railways,,,2024-04,2024-04,1,1,1.0
PRJ_6A9F66873732,FOUR LANING OF GAYA-HISUA-,Road Transport And Highways,,,2024-04,2024-04,1,1,1.0
PRJ_6AAD8CFF01CE,WIDENING/IMPROVEMENT TO 4- LANE WITH PAVED SHOULDER FROM CH.75.330KM TO CH.88.00KM (DESIGN CH.71.800,GAON) TO KM 27+701 (SI,,,2024-04,2024-04,1,1,1.0
PRJ_6AD2D97A7B27,6L OF PONDAVAKKAM TO KANNIGAIPAIR FROM KM 96.040 TO KM 116.100 OF NH 716B,"[N24000771],NHIDCL,MEGHALAYA",,,2024-02,2024-02,1,1,1.0
PRJ_6AE0F17D8144,VIRAR SURAT ROAD OVER BRIDGE IN LIEU OF LEVEL CROSSING NOS 60 64 66 68 69 71 74 75 77 81 AND 82 ALON,Railways,,,2024-04,2024-04,1,1,1.0
PRJ_6AEC38569449,JAHIRABAD TO LATUR,FROM WAKHARI TO LORD VITT,,,2024-04,2024-04,1,1,1.0
PRJ_6B29B542C147,REHABILITATION AND,DISTRICT) TO RANIPUR,,,2024-04,2024-04,1,1,1.0
PRJ_6B737A45B4FC,SOURCING OF BAUXITE ARRANGEMENT FOR 5TH STREAM,National Aluminum Company Limited (Nalco),,,2023-08,2023-08,1,1,1.0
PRJ_6B7EC048B8AA,CITY GAS DISTRIBUTION NETWORK,PETROLEUM,,,2024-02,2024-02,1,1,1.0
PRJ_6B8C0338FE20,DOUBLING BETWEEN CHURU- RATANGARH,Railways,,,2024-04,2024-04,1,1,1.0
PRJ_6BBABED5B886,CONSTRUCTION OF 4-LANE BYPASS TO VIJAYANAGARAM TOWN ON NH43 (NEW NH26) FROM 537/6 TO 552/0 (RAIPUR-V,CONSTRUCTION OF OTHE,,,2024-04,2024-04,1,1,1.0
PRJ_6BD34D6AE37C,WIDENING TO TWO LANE WITH PAVED SHOULDERS FROM KM 20.150 TO KM 40.00 OF BC ROAD KOTTIGEHARA SECTION,84.12,,,2024-04,2024-04,1,1,1.0
PRJ_6C38C6FAB2E8,NH167AD FROM MACHERLA TO DACHEPALLI FROM KM.0.000 TO 43.659 TO 2LPS,CONSTRUCTION OF OTHE,,,2024-04,2024-04,1,1,1.0
PRJ_6C562910BE51,KURUDWADI TO PANDHARPUR,"[N24001480],MoRTH,UTTAR PRADESH",,,2023-06,2023-06,1,1,1.0
PRJ_6C5D9F7260E6,4L GREENFIELD SPUR FROM DELHI- VADODARA GREENFIELD EXPRESSWAY NEAR BANDIKUI TO,"[N24000583],NHIDCL,ASSAM",,,2023-09,2023-09,1,1,1.0
PRJ_6C6589510A78,KHAMMAM DEVARAPALLE PKG II 4L ACCESS CONTROLLED (GREENFIELD) FROM SOMAVARAM VILLAGE TO CHINTAGUDEM V,RCW,,,2024-04,2024-04,1,1,1.0
PRJ_6C7D545F262A,"WIDENING TO 2 LANE, RE- ALIGNMENT AND GEOMETRIC IMPROVEMENT FROM KM 11/00 TO KM 114/618 OF NH-44A IN -",ROAD TRANSPORT AND HIGHWAYS,,,2023-05,2023-05,1,1,1.0
PRJ_6CA2F02A8FAA,SPUR OF MEERUT-GARH-,"[N24000556],NHAI,UTTAR PRADESH",,,2023-08,2023-08,1,1,1.0
PRJ_6CCA5B680886,BANGALORE METRO RAIL PROJECT,URBAN DEVELOPMENT,,,2024-02,2024-02,1,1,1.0
PRJ_6D3E7C3AC6CB,"IMPROVEMENT AND UP-GRADATION OF EXISTING ROAD TO 2/4L PS FROM KM 40.000 TO 88.750, START OF KHUTAR B",Road Transport And Highways,,,2024-04,2024-04,1,1,1.0
PRJ_6D453F6BC5D7,4L KODINAR - VERAVAL (PACKAGE VI) FROM KM. 222.400 TO KM. 230.00 (KODINAR BYPASS) OF NH-8E (NH 51,PRADESH,,,2023-06,2023-06,1,1,1.0
PRJ_6DA149B33EC1,REHABILITATION AND UP- GRADATION OF EXISTING 2-LANE TO FOUR LANE FROM TALCHAR TO END OF KAMAKHYANAG,CHANDIKHOLE (,,,2024-04,2024-04,1,1,1.0
PRJ_6DA85AEC7B6D,4L OF OBEDULLGANJ - BUDNI SECTION FROM KM. 8.400 TO KM. 20.700 IN RATANPANI WILDLIFE AREA OF NH - 69,Road Transport And Highways,,,2024-04,2024-04,1,1,1.0
PRJ_6DDF0D8B11DF,REHABILITATION AND UPGRADATION OF NH565 FROM EXISTING KM 361.330(DORNALA T JUNCTION) TO KM 420.800(P,5,,,2024-04,2024-04,1,1,1.0
PRJ_6E7AEB3155D6,IMPROVEMENTS AND RECONSTRUCTION TO TWO LANE WITH PAVED SHOULDERS FROM KM 243.20 TO KM 290.20 OF NH,84.12,,,2024-04,2024-04,1,1,1.0
PRJ_6E7F69F31844,IMPROVEMENT/WIDENING TO 2-LANE WITH EARTHEN SHOULDERS FROM RANIKOR TO NONGJRI EXISTING,Road Transport And Highways,,,2024-04,2024-04,1,1,1.0
PRJ_6ED782F1434D,WIDENING TO 2 LANE WITH PAVED SHOULDERS OF MEDAK - SIDDIPET SECTION FROM KM 0/0 TO KM 69/978 OF NH-,RCW,,,2024-04,2024-04,1,1,1.0
PRJ_6F341678FE3E,6L OF MADURAVOYAL TO,"[N24001418],NHAI,PUNJAB",,,2024-01,2024-01,1,1,1.0
PRJ_6F4C6C07454F,4/6L OF SPUR TO HARIDWAR,"[N24001588],NHAI,CHHATTISGARH",,,2024-02,2024-02,1,1,1.0
PRJ_6F7DBB03122E,CONSTRUCTION OF EIGHT LANE ACCESS CONTROLLED EXPRESSWAY FROM KM 103.400 TO,"[N24000827],NHAI,TAMIL NADU",,,2024-01,2024-01,1,1,1.0
PRJ_6F92AA862D32,VADODARA MUMBAI EXPRESSWAY (PHASE II - PKG XVII) [KM. 69.800 TO KM. 79.783 OF SPUR],FROM WAKHARI TO LORD VITT,,,2024-04,2024-04,1,1,1.0
PRJ_6FB51E00AF76,SHAHPUR PATGAON SECTION I,FROM WAKHARI TO LORD VITT,,,2024-04,2024-04,1,1,1.0
PRJ_6FC5E16B97BE,CONSTRUCTION OF 4 LANE BANGALORE -CHENNAI EXPRESSWAY FROM KM 53.500 TO KM 71.000 SECTION OF NE-7 (BA,Road Transport And Highways,,,2024-04,2024-04,1,1,1.0
PRJ_6FD3044DF2B6,JINTUR TO PARBHANI,FROM WAKHARI TO LORD VITT,,,2024-04,2024-04,1,1,1.0
PRJ_7038612C5B5F,WIDENING TO 2 LANE WITH PAVED SHOULDERS FROM KM 34.00 TO 70.900 OF NH-150 UNDER EPC MODE,Ministry Of Road Transport And Highways (State Pwds),,,2023-08,2023-08,1,1,1.0
PRJ_705554BDD9A5,SELDOH TO PANVAR,FROM WAKHARI TO LORD VITT,,,2024-04,2024-04,1,1,1.0
PRJ_70D00AC96AE2,CONSTRUCTION OF MAJOR BRIDGE ACROSS SHARAVATHI BACKWATERS AND APPROCHES BETWEEN AMBARGODU AND KALASA,84.12,,,2024-04,2024-04,1,1,1.0
PRJ_712A70763DFB,REPANPALLI TO SIRONCHA,Road Transport And Highways,,,2024-04,2024-04,1,1,1.0
PRJ_714327ADC79C,CONSTRUCTION OF CHHIATHLANG - SERCHHIP BYPASS (PKG-1) ON,"[N24000678],NHIDCL,ARUNACHAL PRADESH",,,2023-05,2023-05,1,1,1.0
PRJ_71991B5EFA34,NH440 RAYACHOTY TOVEMPALLI 2LPS,CONSTRUCTION OF OTHE,,,2024-04,2024-04,1,1,1.0
PRJ_7202D763DCE4,WARDHA - NAGPUR - 4TH LINE,137 A,,,2024-04,2024-04,1,1,1.0
PRJ_72203549E43A,CONSTRUCTION AND DEVELOPMENT OF NATINAL,Rites Of Higher Education,,,2023-04,2023-04,1,1,1.0
PRJ_725580AA5C87,VISHNUGAD PIPALKOTI HYDRO ELECTRIC PROJECT,PRADESH,,,2024-03,2024-03,1,1,1.0
PRJ_7272B362C4F8,CONSTRUCTION OF 4 LANE ELEVATED SECTION AND AT- GRADE IMPROVEMENTS AT BEGUSARAI TOWN SECTION OF NH- 3,Road Transport And Highways,,,2024-04,2024-04,1,1,1.0
PRJ_72C61DB161E4,WIDENING TO TWO LANE WITH PAVED SHOULDER FROM KM 544.200 TO KM 594.000 OF NH-150A HOSMANE CROSS – PA,69 YEKAMBI KUMTA,,,2024-04,2024-04,1,1,1.0
PRJ_72F311BFB83B,SYSTEM STRENGTHENING SCHEME FOR EASTERN AND NORTH EASTERN REGION,Power,,,2024-04,2024-04,1,1,1.0
PRJ_731375A10EC0,UP-GRADATION TO TWO LANING WITH PAVED SHOULDER OF AJMER- NAGAUR SECTION BY EXECUTING,WITH M,,,2024-04,2024-04,1,1,1.0
PRJ_731E924F7747,DEVELOPMENT OF 6 LANE ACCESS CONTROLLED GREENFIELD HIGHWAY FROM KM. 97.000 TO KM. 162.500 MARADGI S,84.12,,,2024-04,2024-04,1,1,1.0
PRJ_731F6C8D130D,WIDENING TO 2 LANE WITH PAVED,"[N24001464],MoRTH,UTTAR PRADESH",,,2024-01,2024-01,1,1,1.0
PRJ_7332B30EF7E1,BALANCE WORKS OF FOUR LANE FROM KM 43+950 (THIRUVALLUR BYPASS) TO KM 61+470 (VEPPAMPATTU BYPASS) PAS,BALANCE WORKS OF FOUR LANE FROM KM 43+950 (THIRUVALLUR BYPASS) TO KM 61+470 (VEPPAMPATTU BYPASS) PAS (NHAI ),"THIRUVALLUR
BYPASS",HIGHWAYS,2024-06,2024-06,1,1,1.0
PRJ_733986209A54,4L OF OBEDULLGANJ - BUDNI SECTION FROM KM. 8.400 TO KM. 20.700 IN RATANPANI WILDLIFE,"[N24001718],NHAI,TAMIL NADU",,,2023-10,2023-10,1,1,1.0
PRJ_737154971F09,PARLI PIMPLA DAHIGUDA,FROM WAKHARI TO LORD VITT,,,2024-04,2024-04,1,1,1.0
PRJ_73BC3561C594,4 LANE CONNECTOR FROM DELHI MEERUT EXPRESSWAY KM 50.000 TO KM 8.520 OF NH 235 IN THE STATE OF UTTAR -,"[N24001264],NHIDCL,JAMMU AND KASHMIR",,,2024-03,2024-03,1,1,1.0
PRJ_73D5F3104FBB,MALUGUR-PALASAMUDRAM (17.98,South Western Railway,,,2023-08,2023-08,1,1,1.0
PRJ_73FC2655B606,CONSTRUCTION OF 2-LANE WITH,"[N24001289],MoRTH,ARUNACHAL PRADESH",,,2023-04,2023-04,1,1,1.0
PRJ_7401B9DE120D,FOUR LANING OF BAKHTIYARPUR - MOKAMA SECTION OF NH-31,PRADESH,,,2023-05,2023-05,1,1,1.0
PRJ_7402E81514E7,STRENGTHENING OF EXISTING 4L AYODHYA BYPASS SECTION FROM DESIGN KM.121.600 TO KM. 144.020 OF NH 28 (,Road Transport And Highways,,,2024-04,2024-04,1,1,1.0
PRJ_7413910AD524,"UP-GRADATION OF TIRORA-GONDIA, STATE HIGHWAY FROM EXISTING KM 163+213 (ON SH-335, TIRORA) TO KM 191+",Road Transport And Highways,,,2024-04,2024-04,1,1,1.0
PRJ_741D1E634488,NH-30-BHADRACHALAM TO KONTA SECTION 2LPS,5,,,2024-04,2024-04,1,1,1.0
PRJ_745D54FE89E2,REPLACEMENT OF EXISTING TWIN 42” OFFSHORE PIPELINES AT VADINAR ALONG WITH TWO EXISTING PIPELINE END -,"[N16000495],IOCL,TRIPURA",,,2024-01,2024-01,1,1,1.0
PRJ_748A80075C16,CONSTRUCTION OF 2-LANE SPECIFICATION ROAD WITH PAVED SHOULDER AS REALIGNMENT,INCLUDING GEOMETRIC IMPROV,,,2024-04,2024-04,1,1,1.0
PRJ_74B50B4DF045,REHABILITATION AND UPGRADATION OF EXISTING NH-167 FROM KM 14.900 TO KM 70.00 (DESIGN CH.14.900 TO 69,5,,,2024-04,2024-04,1,1,1.0
PRJ_74CB98891751,REHABILITATION AND UPGRADATION OF KARNATATKA/AP BORDER-GOOTY SECTION FROM KM 368.920 TO KM 424.225 O,CONSTRUCTION OF OTHE,,,2024-04,2024-04,1,1,1.0
PRJ_74F71DF909B6,MALE VILLAGE TO PUNE RAIGARH DISTRICT BORDER,Road Transport And Highways,,,2024-04,2024-04,1,1,1.0
PRJ_751C3E21F62F,CONSTRUCTION OF NEW INTEGRATED TERMINAL BUILDING AT LGBI AIRPORT GUWAHATI,"[N04000102],AAI,UTTAR PRADESH",,,2024-02,2024-02,1,1,1.0
PRJ_755EA842C22F,"SECOND GENERATION ETHANOL BIOREFINERY PROJECT, BATHINDA, PUNJAB",Petroleum 255.29 (0.00) [9],,,2024-04,2024-04,1,1,1.0
PRJ_755EE9A8BFB1,NANPARA - NEPALGANJ GAUGE CONVERSION.,"[N22000135],MRTP,WEST BENGAL",,,2023-05,2023-05,1,1,1.0
PRJ_75B8DA6A742D,REHABILITATION AND UP- GRADATION TO TWO LANE WITH PAVED SHOULDERS FROM KM 0/0 TO 72/6 OF NH-365 (NAKR,Road Transport And Highways,,,2024-04,2024-04,1,1,1.0
PRJ_75F2A421FC63,DELHI-VADODARA GREENFIELD ALIGNMENT (NH-148N) (PKG-11) (CH. 319.400 TO CH. 331.030) [HARDEOGANJ VILL,WITH M,,,2024-04,2024-04,1,1,1.0
PRJ_760CB7519ED4,EXPANSION OF CRYOGENICS GROUP BY SETTING UP NEW MANUFACTURING FACILITY,"[N16000451],IOCL,TAMIL NADU",,,2023-05,2023-05,1,1,1.0
PRJ_7628C35C18F5,SIX LANING OF CHAKERI TO ALLAHABAD SECTION OF NH-2 FROM KM 483.687 TO KM 628.753 (DESIGN LENGTH – 14,DISTRICT) TO RANIPUR,,,2024-04,2024-04,1,1,1.0
PRJ_767B4DFE5A5E,UPGRADATION OF ADHALGAON- JAMKHED SECTION OF NH-548 D FROM KM 132/600 TO KM 195/375 TO TWO LANE WITH,Road Transport And Highways,,,2024-04,2024-04,1,1,1.0
PRJ_769891E551C7,BANGALORE CHENNAI EXPRESSWAY PHASE-III PACKAGE,"[N24001418],NHAI,PUNJAB",,,2024-01,2024-01,1,1,1.0
PRJ_76CB2FD359B2,4L OF AHMEDNAGAR - MIRAJGAON - KARMALA - TEMBHURNI,"[N24000852],NHAI,HIMACHAL PRADESH",,,2023-10,2023-10,1,1,1.0
PRJ_76EC867BC1AB,NILAJPHATA TO BHANDARA,Road Transport And Highways,,,2024-04,2024-04,1,1,1.0
PRJ_771F9B61A133,REHABILITATION AND UPGRADATION OF EXISTING ROAD TO 2-LANE WITH PAVED SHOULDER INCLUDING GEOMETRIC IM,INCLUDING GEOMETRIC IMPROV,,,2024-04,2024-04,1,1,1.0
PRJ_774C2D77142F,DEOGARH (NEAR DHANDHANIYA)- RAJASTHAN/GUJARAT BORDER (PHASE-I) (AJ/DRGB-PACKAGE-6),WITH M,,,2024-04,2024-04,1,1,1.0
PRJ_775F7270221B,6L KORLAM-KANTAKAPALLE SECTION OF NH-130CD ROAD FROM KM 421.100 TO KM 445.100,MUPPAVARAM (CH.343+240) O,,,2024-04,2024-04,1,1,1.0
PRJ_776509BD70F0,FOUR LANING OF 5.122 KM OF NH9(NEW NH 65) FROM KM 269.900(DESIGN CH0.0) TO KM 275/622(DESIGN CH 5.12,FOUR LANING OF 5.122 KM OF NH9(NEW NH 65) FROM KM 269.900(DESIGN CH0.0) TO KM 275/622(DESIGN CH 5.12 (MoRTH ),NEW NH 65,HIGHWAYS,2024-06,2024-06,1,1,1.0
PRJ_7770A2F9FBDD,"CONSTRUCTION, OPERATION AND",Road Transport And Highways,,,2024-04,2024-04,1,1,1.0
PRJ_778BC85D6B39,SETTING UP A COMMON USER PETROLEUM TERMINAL AT JAMMU FOR RE-SITEMENT OF EXISTING,PETROLEUM,,,2024-02,2024-02,1,1,1.0
PRJ_77BC106A2F1D,RECONSTRUCTION TO TWO LANE WITH PAVED SHOULDERS FROM DS. CH. 442+180 (EX. KM 448.00) TO DS. CH.485+2,Road Transport And Highways,,,2024-04,2024-04,1,1,1.0
PRJ_77E534790E3F,WIDENING AND IMPROVEMENT OF EXISTING CARRIAGE WAY TO 2 LANE WITH PAVED SHOULDERS FROM KM. 86/160 TO,Road Transport And Highways,,,2024-04,2024-04,1,1,1.0
PRJ_77FE3D89AF78,BHATINDA SANGRUR PIPELINE,Petroleum 255.29 (0.00) [9],,,2024-04,2024-04,1,1,1.0
PRJ_7850712B9AE4,4 LANING FROM KALIABOR TINALI TO DOLABARI SECTION FROM KM 0.0 TO KM 17.3 OF NH 37A INCL.,"[N24001337],NHIDCL,SIKKIM",,,2023-08,2023-08,1,1,1.0
PRJ_785966952931,CONSTRUCTION OF 2 LANING OF,"[N24001336],NHIDCL,SIKKIM",,,2023-09,2023-09,1,1,1.0
PRJ_788D5AC69EE4,DELHI-AMRITSAR-KATRA EXPRESSWAY (PHASE-II PKG-XVI) EXISTING JAKH (VIJAYPUR)-,KASHMIR,,,2023-04,2023-04,1,1,1.0
PRJ_78BFB5DA531A,BATURA WEST OC PROJECT,Singareni Colliers Company Limitted,,,2023-08,2023-08,1,1,1.0
PRJ_7920C034D38D,CGD PROJECT AT REWA DISTRICT,Petroleum,,,2024-04,2024-04,1,1,1.0
PRJ_7958E6B17448,PEN TO KHOPOLI,Road Transport And Highways,,,2024-04,2024-04,1,1,1.0
PRJ_7982D1D5FCA5,TS FOR EVACUATION OF POWER 7/2023 FROM POTENTIAL RE ZONE IN KHAVDA AREA OF GUJARAT UNDER PH-IV PART E3,Power,,,2024-04,2024-04,1,1,1.0
PRJ_79B337E782B2,CONSTRUCTION OF BRIDGE INCLUDING APPROACHES ACROSS,"[N24000965],MoRTH,ANDHRA PRADESH",,,2023-07,2023-07,1,1,1.0
PRJ_79CB9543094D,MULTI MODAL TRANSPORT SYSTEM(MMTS) PHASE-II,Rail Vikas Nigam Ltd.,,,2023-08,2023-08,1,1,1.0
PRJ_7A104A4771A8,GARHMUKTESHWAR (KM. 83.200 OF NH-24) TO MEERUT (KM. 9.860 OF NH-235) INCLUDING CONNECTOR TO NH-119,Road Transport And Highways,,,2024-04,2024-04,1,1,1.0
PRJ_7A3047C2BF29,CONSTUCTION/UPGRADATION OF,"[N24000431],NHIDCL,ASSAM",,,2024-03,2024-03,1,1,1.0
PRJ_7A62949D8070,FOUR LANING OF NUMALIGARH TO,"[N24000678],NHIDCL,ARUNACHAL PRADESH",,,2023-05,2023-05,1,1,1.0
PRJ_7A882501E14B,6L KANTAKAPALLE –,Costing Rs. 150 Crore and above (May 2024),,,2024-04,2024-04,1,1,1.0
PRJ_7A8905C57C8E,CITY GAS DISTRIBUTION PROJECTS AT GOPALGANJ SIWAN WEST CHAMPARAN EAST CHAMPARAN AND DEORIA DISTRICTS,HIGHER EDUCATION,BPCL,PETROLEUM,2024-06,2024-06,1,1,1.0
PRJ_7AD6305B8875,WIDENING TO TWO LANE WITH PAVED SHOULDER FROM KM 194.900 TO KM 243.200 OF NH-234 BANAVARA-HULIYAR,84.12,,,2024-04,2024-04,1,1,1.0
PRJ_7B0D0F4E9A28,CONSTRUCTION OF 4 LANE FLYOVER AT NAGPUR RTO CHOWK TO NAGPUR UNIVERSITY CAMPUS FROM CH 2/250 TO 5/10 -,KASHMIR,,,2024-03,2024-03,1,1,1.0
PRJ_7B193CA465B0,6L ACCESS-CONTROLLED HIGHWAY,"[N24001747],NHAI,WEST BENGAL",,,2023-10,2023-10,1,1,1.0
PRJ_7B3374745A37,6L KANTAKAPALLE – SABBAVARAM SECTION OF NH-130CD ROAD FROM KM 445.100 TO KM 464.662,MUPPAVARAM (CH.343+240) O,,,2024-04,2024-04,1,1,1.0
PRJ_7B5CA35B27DA,6L MINOR BRIDGE,Road Transport And Highways,,,2024-04,2024-04,1,1,1.0
PRJ_7B7B294076D3,FOUR LANING OF JAMMU-AKHNOOR,PRADESH,,,2023-05,2023-05,1,1,1.0
PRJ_7B81010FFF2D,WIDENING TO TWO LANE WITH PAVED SHOULDER FROM KM 4.40 TO KM 56.00 OF NH-218 BIJAPURA- HUBLI SECTION U,84.12,,,2024-04,2024-04,1,1,1.0
PRJ_7B9BD9DB5411,"SHAHGANJ-BHATNI-PHEPHNA- INDARA, MAU-SHAHGANJ (EXCL. MAU-INDARA) PATCH DOUBLING.","[N22000562],NCR,UTTAR PRADESH",,,2024-02,2024-02,1,1,1.0
PRJ_7BC5FE4289DE,JAYANT EXPANSION OCP 10 TO 20,Northern Coal Fields Limited,,,2023-04,2023-04,1,1,1.0
PRJ_7BDC4FB1E9BF,EAST WEST METRO CORRIDOR,Railways,,,2024-04,2024-04,1,1,1.0
PRJ_7BE0AAEE8396,CONSTRUCTION OF 2-LANE ROAD WITH PAVED SHOULDER (GREENFIELD ALIGNMENT) OF EXISTING STRETCH BETWEEN L,INCLUDING GEOMETRIC IMPROV,,,2024-04,2024-04,1,1,1.0
PRJ_7C13CEF6087E,RALEGAON TO RAMTIRTH,NICOBAR ISLANDS,,,2023-07,2023-07,1,1,1.0
PRJ_7C1EF0A792E0,UP-GRADATION TO 2-LANE WITH PAVED SHOULDER FROM KM 20.300 TO KM 29.030 OF 8.730 KM LENGTH ON GOHA-K,CHAINAGE KM 102 TO KM 13,,,2024-04,2024-04,1,1,1.0
PRJ_7C1F7BF887F5,"KHAVDA PHASE-II-PART C, GUJARAT- TRANSMISSION SCHEME FOR EVACUATION OF 4.5 GW RE INJECTION AT KHAVDA",Power,,,2024-04,2024-04,1,1,1.0
PRJ_7C50036220CD,KURUDWADI TO PANDHARPUR,Road Transport And Highways,,,2024-04,2024-04,1,1,1.0
PRJ_7C6577081728,INSTALLATION OF SECOND CATALYTIC DEWAXING UNIT (CDW- II) AT HALDIA REFINERY,PETROLEUM,,,2024-02,2024-02,1,1,1.0
PRJ_7CA0E50C6063,PROTECTION OF MAJULI ISLAND FROM FLOOD AND EROSION OF,Brahmaputra Board,,,2023-08,2023-08,1,1,1.0
PRJ_7CCDF7372482,WIDENING TO TWO LANE WITH PAVED SHOULDERS OF 'BODHAN BASAR BHAINSA ' SECTION FROM KM 38/900 TO 95/3,Road Transport And Highways,,,2024-04,2024-04,1,1,1.0
PRJ_7CD44E126E66,VADODARA MUMBAI EXPRESSWAY (PHASE II - PKG XVII) [KM. 69.800 TO KM. 79.783 OF SPUR],Road Transport And Highways,,,2024-04,2024-04,1,1,1.0
PRJ_7D05BBCE22FD,CONSTRUCTION OF TWO LANE WITH PAVED SHOULDERS OF JORAM KOLORIANG ROAD,"[N24000678],NHIDCL,ARUNACHAL PRADESH",,,2023-05,2023-05,1,1,1.0
PRJ_7D1E26156F09,REHABLITATION AND UPGRADATION OF AMBOLI JUNCTION (DESIGN CH. 71+530) TO AJARA (DESIGN CH.100+835) SE,FROM WAKHARI TO LORD VITT,,,2024-04,2024-04,1,1,1.0
PRJ_7D3E4E1712A4,WIDENING TWO LANE WITH PAVED SHOULDERS FROM FROM KM.56.00 TO 106.00 OF NH-218,69 YEKAMBI KUMTA,,,2024-04,2024-04,1,1,1.0
PRJ_7D8586057B06,"IMPROVEMENT AND UP-GRADATION OF EXISTING ROAD TO 4L PS FROM KM 123.650 TO 175.080, FROM START OF SHA",DISTRICT) TO RANIPUR,,,2024-04,2024-04,1,1,1.0
PRJ_7D9D5A6F2CC1,KOCHI SALEM LPG PIPELINE,"[N16000411],IOCL,GUJARAT",,,2024-03,2024-03,1,1,1.0
PRJ_7DFC875E359C,REHABILITATION AND UP- GRADATION OF SABALKHED TO ASHTI SECTION FROM KM 37+900 TO KM 55+100 AND CHINCH,Road Transport And Highways,,,2024-04,2024-04,1,1,1.0
PRJ_7E2E4EC7D2E5,REHABILITATION AND UP GRADATION FROM KM. 121/0 TO,"[N24001226],MoRTH,CHHATTISGARH",,,2023-07,2023-07,1,1,1.0
PRJ_7E5E6C55F23F,4-LANNING EXISTING KM 189.700 TO,"[N24001264],NHIDCL,JAMMU AND KASHMIR",,,2024-03,2024-03,1,1,1.0
PRJ_7E839B559E46,4L FROM GAJU VILLAGE AT KM,"[N24001709],NHAI,BIHAR",,,2023-07,2023-07,1,1,1.0
PRJ_7EA4E81A4879,PANGAON TO DHARMAPURI AND PARALI TO INJEGAON 2L+PS,Road Transport And Highways,,,2024-04,2024-04,1,1,1.0
PRJ_7EAFBDBC26F8,KOTHARI TO DHANORA,Road Transport And Highways,,,2024-04,2024-04,1,1,1.0
PRJ_7EBCBB7B7AF8,TRANSMISSION NETWORK EXPANSION IN GUJARAT ASSOCIATED WITH INTEGRATION OF RE PROJECTS FROM KHAVDA POT,INJECTION AT KHAVDA,,,2024-04,2024-04,1,1,1.0
PRJ_7EE2EB186FE5,UP-GRADATION TO 2-LANE WITH PAVED SHOULDER FROM KM 20.300 TO KM 29.030 OF 8.730 KM LENGTH ON GOHA-K,CHAINAGE KM 49.150 TO KM,,,2024-04,2024-04,1,1,1.0
PRJ_7F3323D42E17,SONENAGAR BYE PASS LINE FROM CHIRALAPOTHU TO BAGHA,East Central Railways,,,2023-10,2023-10,1,1,1.0
PRJ_7F413A848BA1,"CGD PROJECT IN TONK, SAWAI MADHOPUR, DAUSA, KARAULI",Hindustan Petroleum Corporation Limited,,,2023-10,2023-10,1,1,1.0
PRJ_7F715416B133,BANGALORE CHENNAI EXPRESSWAY (PHASE-II PKG-III) FROM KM.127.000 TO KM 156.000 (BANGARUPALEM TO GUDIP -,"[N24000852],NHAI,HIMACHAL PRADESH",,,2023-10,2023-10,1,1,1.0
PRJ_7FA165CFD4EA,WIDENING AND IMPROVEMENT OF EXISTING CARRIAGE WAY TO 2 LANE WITH PAVED SHOULDERS FROM KM. 86/160 TO,RCW,,,2024-04,2024-04,1,1,1.0
PRJ_7FD295882924,RANIKOR-MAHESHKHOLA- BAGHMARA (RMB) PKG-4 (KANAI-,"[N24000765],NHIDCL,NAGALAND",,,2024-01,2024-01,1,1,1.0
PRJ_800DD2DCC4C3,FOUR LANNING OF RAMPUR- KATHGODAM SECTION OF NH-87 FROM KM 0.000 (KM. 190.000 OF NH- 24) TO KM 42.791 -,"[N24001560],NHAI,RAJASTHAN",,,2023-04,2023-04,1,1,1.0
PRJ_801961D8B7A5,REHABILITATION AND UP- GRADATION OF VALIGONDA TO THORRUR SECTION TO TWO LANE WITH PAVED SHOULDERS FRO,Road Transport And Highways,,,2024-04,2024-04,1,1,1.0
PRJ_8049102330EE,KUMBALAM-THURAVUR - PATCH DOUBLING,"[N22000562],NCR,UTTAR PRADESH",,,2024-02,2024-02,1,1,1.0
PRJ_807B5917B469,"CONSTRUCTION OF 1 NOS ROB, 2 NOS VUPS, SERVICE ROADS, PROVISION OF LIGHTING AND",MUPPAVARAM (CH.343+240) O,,,2024-04,2024-04,1,1,1.0
PRJ_808D49310464,6L FROM BELGAUM TO SANKESHWAR BYPASS FROM KM,Road Transport And Highways,,,2024-04,2024-04,1,1,1.0
PRJ_8096AEC42CAF,KHUDUS TO DHARAMPURI PACKAGE 3 SANT DNYANESHWAR MAHARAJ PALKHI MARG SECTION OF NH965,FROM WAKHARI TO LORD VITT,,,2024-04,2024-04,1,1,1.0
PRJ_8107BEC057B4,4L OF RAJURA-KORPANA-ADILABAD,Road Transport And Highways,,,2024-04,2024-04,1,1,1.0
PRJ_81573FE9B163,CONSTRUCTION OF NEW ROAD AT THE MISSING LINK PORTION OF NH-81 ALONG THE APPROVED ALIGNMENT BETWEEN H,AND HIGHWAYS,MoRTH,WEST BENGAL,2024-06,2024-06,1,1,1.0
PRJ_816E9D8028E9,PALPHATA TO PHULAMBARI,Road Transport And Highways,,,2024-04,2024-04,1,1,1.0
PRJ_818E766349B8,"IMPROVEMENT AND UP-GRADATION OF EXISTING ROAD TO 2/4L PS FROM KM 40.000 TO 88.750, START OF KHUTAR B",DISTRICT) TO RANIPUR,,,2024-04,2024-04,1,1,1.0
PRJ_8193C309F88E,KHAMMAM-DEVARAPALLE PKG III [4L ACCESS CONTROLLED (GREENFIELD) FROM CHINTAGUDEM VILLAGE TO RECHERLA,Road Transport And Highways,,,2024-04,2024-04,1,1,1.0
PRJ_81C9505D42F0,6L ACCESS CONTROLLED GREENFIELD HIGHWAY FROM VANAVOLU 24.300 KM. TO VANKARAKUNTA 45.700 KM. OF NH,Road Transport And Highways,,,2024-04,2024-04,1,1,1.0
PRJ_81F4B67FF6DD,UPGRADATION OF EXHISTING 2 LANE FLEXIBLE PAVEMENT TO 2 LANE PAVED SHOULDERS RIGID PAVEMENT FROM DESI,Road Transport And Highways,,,2024-04,2024-04,1,1,1.0
PRJ_82154402892C,WIDENING TO EXISTING SINGLE LANE /INTERMEDIATE LANE TO 2 LANE FROM KM185.00 TO KM 220.00,PRADESH,,,2023-09,2023-09,1,1,1.0
PRJ_825832803264,SETTING UP OF 10 MW ELECTROLYSER FOR PRODUCING GREEN HYDROGEN,Petroleum,,,2024-04,2024-04,1,1,1.0
PRJ_826BB170AC8B,DELHI-AMRITSAR-KATRA EXPRESSWAY FROM JUNCTION WITH PATIALA-BATHINDA ROAD (NH- 7) NEAR BHAWANIGARH TO,Road Transport And Highways,,,2024-04,2024-04,1,1,1.0
PRJ_826C4914647F,KORAPUT - SINGAPUR ROAD,RAILWAYS,,,2024-03,2024-03,1,1,1.0
PRJ_82853D997F4C,6L ACCESS CONTROLLED GREENFIELD HIGHWAY FROM KODUR 0.000 KMS TO VANAVOLU 24.300 KMS OF NH 544G PACKA,6L ACCESS CONTROLLED GREENFIELD HIGHWAY FROM KODUR 0.000 KMS TO VANAVOLU 24.300 KMS OF NH 544G PACKA (NHAI ),NHAI,HIGHWAYS,2024-06,2024-06,1,1,1.0
PRJ_8285B413E3F7,DELHI-VADODARA GREENFIELD ALIGNMENT (NH-148N) (PKG-11) (CH.,"[N24000827],NHAI,TAMIL NADU",,,2024-01,2024-01,1,1,1.0
PRJ_82A3942F6C54,4 LANING OF NH 37 SECTION BETWEEN END OF MORAN BYPASS TO BOGIBEEL JUNCTION NEAR LAPETKETA (KM. 561 -,"[N24001336],NHIDCL,SIKKIM",,,2023-09,2023-09,1,1,1.0
PRJ_82A71A1AA68B,BALANCE WORK OF REHABILITATION AND UPGRADING TO 2LANE/2LANE WITH PAVED SHOULDER CONFIGURATION AND ST,Road Transport And Highways,,,2024-04,2024-04,1,1,1.0
PRJ_82AFACAD38BF,CONSTRUCTION AND UPGRADATION OFEXISTINGROAD,"[N24000763],NHIDCL,NAGALAND",,,2024-02,2024-02,1,1,1.0
PRJ_82B4EEC58C12,RISHI BORDER- ROLEP- MENLA PKG- 2A,INCLUDING GEOMETRIC IMPROV,,,2024-04,2024-04,1,1,1.0
PRJ_82CA88E8D222,SALAIKHURD TO TIRORA,FROM WAKHARI TO LORD VITT,,,2024-04,2024-04,1,1,1.0
PRJ_82D010C3AF95,FOUR LANING OF BANAVARA TO BETTADAHALLI SECTION FROM KM. 119+790 (DESIGN KM. 121+900) TO KM. 166+100,Road Transport And Highways,,,2024-04,2024-04,1,1,1.0
PRJ_82FA03CEF598,RISHIKESH - KARNAPRAYAG NEW,Railways,,,2024-04,2024-04,1,1,1.0
PRJ_833D2668A080,DELHI-VADODARA GREENFIELD ALIGNMENT (NH-148N) (PKG-12) (CH. 331.030 TO CH. 359.170) [MAJOR BRIDGE ON,WITH M,,,2024-04,2024-04,1,1,1.0
PRJ_8346744530E9,2 LANE WITH PAVED SHOULDER CONFIGURATION FROM SEETHARAMAPURAM TO DUTTALURU SECTION OF NH-167 BG FROM,AND HIGHWAYS,MoRTH,ANDHRA PRADESH,2024-06,2024-06,1,1,1.0
PRJ_8357A641BB34,WIDENING TO TWO LANE WITH PAVED SHOULDERS FROM KM. 33.13 TO KM. 40.23 AND KM. 52.00 TO KM. 71.00 (EX,84.12,,,2024-04,2024-04,1,1,1.0
PRJ_837C5ECFD7A2,UPGRADATION OF EXHISTING 2,PRADESH,,,2024-02,2024-02,1,1,1.0
PRJ_83A2FC85652D,"KHAVDA PHASE-II-PART C, GUJARAT- TRANSMISSION SCHEME FOR EVACUATION OF 4.5 GW RE",Power,,,2024-04,2024-04,1,1,1.0
PRJ_83C8B2A1C924,WIDENING TO 2LPS OF RAMPACHODAVARAM - KOYYURU SECTION OF NH516E FROM KM.43.700 TO KM 113.820,5,,,2024-04,2024-04,1,1,1.0
PRJ_8402D2849789,CONSTRUCTION OF 6 LANE BRIDGE,"[N24001464],MoRTH,UTTAR PRADESH",,,2024-01,2024-01,1,1,1.0
PRJ_843AFACBD1FA,6L OF HATIBENA - BADAKUMARI SECTION FROM KM 146.50 TO KM 179.00 OF NH-130-CD (PACKAGE –,"[N24000771],NHIDCL,MEGHALAYA",,,2024-02,2024-02,1,1,1.0
PRJ_8483FC0B8B1E,6L ACCESS CONTROLLED GREENFIELD HIGHWAY FROM SOMAVARAPPADU (CH.314.600) TO MUPPAVARAM (CH.343+240) O,Road Transport And Highways,,,2024-04,2024-04,1,1,1.0
PRJ_84861F6B6418,SATARA TO MHASWAD,Road Transport And Highways,,,2024-04,2024-04,1,1,1.0
PRJ_84F87097AE20,CONSTRUCTION OF PROPOSED REWARI BYPASS (DESIGN LENGTH,"[N24001418],NHAI,PUNJAB",,,2024-01,2024-01,1,1,1.0
PRJ_85367FDDBE21,VADODARA MUMBAI EXPRESSWAY (PHASE II - PKG XI) [KM. 77.000 TO KM. 103.400],Road Transport And Highways,,,2024-04,2024-04,1,1,1.0
PRJ_854DE20915DC,VIJAYAWADA-GUDUR,Rail Vikas Nigam Ltd.,,,2023-04,2023-04,1,1,1.0
PRJ_856EEE9ED8EC,WIDENING TO 2 LANE WITH PAVED SHOULDERS FROM KM 34.00 TO 70.900 OF NH-150 UNDER EPC MODE IN THE STAT,69 YEKAMBI KUMTA,,,2024-04,2024-04,1,1,1.0
PRJ_8579CD7C4F9B,CONSTRUCTION OF TWINS 2-LANE ROB AND ITS APPROACHES IN,"[N24001289],MoRTH,ARUNACHAL PRADESH",,,2023-04,2023-04,1,1,1.0
PRJ_859FF4D6EC7F,FOUR LANING OF MOGA TO BAJAKHANA LAMBWALI SECTION OF 105B GREENFIELD ALIGNMENT FROM DESIGN CHAINAGE,Road Transport And Highways,,,2024-04,2024-04,1,1,1.0
PRJ_85EC17BB4861,REHABILITATION AND UPGRADATION OF NH-167 FROM DESIGN KM.187.723 TO 234.434 (MIRYALAGUDA TO KODAD SEC,RCW,,,2024-04,2024-04,1,1,1.0
PRJ_8615C2B32D90,"4LPS OF MUZAFFARNAGAR TO MIRANPUR SECTION OF NH-709AD,","[N24001418],NHAI,PUNJAB",,,2024-01,2024-01,1,1,1.0
PRJ_86459DA40C51,6L ACCESS CONTROL GREENFIELD HIGHWAY OF VILL-KHYAWARI TO,"[N24001418],NHAI,PUNJAB",,,2024-01,2024-01,1,1,1.0
PRJ_869E80A9F800,BALANCE WORKS OF 4L PANVEL-,"[N24001569],NHAI,RAJASTHAN",,,2023-05,2023-05,1,1,1.0
PRJ_869F3430EEB8,4 LANING FROM EXISTING KM 39.380 (DESIGN CH. 37.000) TO KM 74.450 (DESIGN CH. 69.000) OF,"[N24000771],NHIDCL,MEGHALAYA",,,2024-02,2024-02,1,1,1.0
PRJ_86B9731F4E47,CONSTRUCTION OF 4-LANE HIGHWAY FROM SAMARLAKOTA TO,KASHMIR,,,2023-08,2023-08,1,1,1.0
PRJ_86CE90D50FFF,WIDENING TO TWO LANE WITH PAVED SHOULDERS FROM KM 67.00 TO 114.425 OF KALWAKURTHY- MALLEPALLY SECTION,Road Transport And Highways,,,2024-04,2024-04,1,1,1.0
PRJ_86F4E38F0F23,CONSTRUCTION OF MAJOR BRIDGE AT KM 180.865 ACROSS RIVER KRISHNA ON NH-167 HAGARI – JADERCELA SECTION,Road Transport And Highways,,,2024-04,2024-04,1,1,1.0
PRJ_87091B86FB81,REHABILITATION AND UPGRADATION OF NH326A FROM KM 0/0 TO 41/979 (EXCLUDING KM 2/255 TO 3/372 AND KM 3,CONSTRUCTION OF OTHE,,,2024-04,2024-04,1,1,1.0
PRJ_871660AE6F1D,WIDENING TO 2 LANE WITH PAVED SHOULDERS FROM DESIGN KM 103.200 (EXISTING KM 103.200) TO DESIGN KM 11,84.12,,,2024-04,2024-04,1,1,1.0
PRJ_87941CC88E85,CONSTRUCTION OF BRIDGE INCLUDING APPROACHES ACROSS,"[N24001464],MoRTH,UTTAR PRADESH",,,2024-01,2024-01,1,1,1.0
PRJ_879CB8DA2B2E,EXTENSION OF ASANUR-SANKARI,Petroleum,,,2024-04,2024-04,1,1,1.0
PRJ_87A3FF0CC075,CONSTRUCTION OF 2 LANE BRIDGE ACROSS RIVER KOSI WITH APPROACH ROAD FROM BHEJA TO,NICOBAR ISLANDS,,,2023-06,2023-06,1,1,1.0
PRJ_87BE224E05B8,REHABILITATION AND UPGRADATION OF CUTTACK-ANGUL SECTION TO 4 LANE (KM 60.20) TO (KM 112.0) PKG II ON,CHANDIKHOLE (,,,2024-04,2024-04,1,1,1.0
PRJ_87C45F0F13C0,SIX LANE OF PALSIT TO DANKUNI SECTION FROM 588.870 TO KM. 652.700 -,"[N24001739],NHAI,UTTAR PRADESH",,,2023-10,2023-10,1,1,1.0
PRJ_87D3BB1023D4,WIDENING AND STRENGTHENING OF EXISTING 2 LANE WITH PAVED SHOULDER TO 4 LANE WITH PAVED SHOULDER FRO,RCW,,,2024-04,2024-04,1,1,1.0
PRJ_88397819F4D5,BANGALORE CHENNAI EXPRESSWAY (PHASE-II PKG-III) FROM KM.127.000 TO KM 156.000 (BANGARUPALEM TO GUDIP,MUPPAVARAM (CH.343+240) O,,,2024-04,2024-04,1,1,1.0
PRJ_8872F9938F01,CONSTRUCTION OF 2L+PS FROM PASARLAPUDI-DHINDI (105/700 TO 127.500 OF NH-214) OF NH-216,5,,,2024-04,2024-04,1,1,1.0
PRJ_888F2D80CDCA,COMPLETION OF BALANCE WORKS PENDING IN BIT AND PIECES (INCOMPLETE STRETCH AT 7 LOCATIONS) AND LISTED,5,,,2024-04,2024-04,1,1,1.0
PRJ_88F4FB4D5D8E,WIDENING OF RAEBARELI TO PRAYAGRAJ SECTION FROM KM. 82.650 TO KM. 161.450 OF NH-30 AND LINK ROAD FRO,DISTRICT) TO RANIPUR,,,2024-04,2024-04,1,1,1.0
PRJ_88F5C1EB2B4C,REHABILITATION AND UPGRADATION OF CUTTACK-ANGUL SECTION TO 4 LANE (KM 60.20) TO (KM 112.0) PKG II ON -,"[N24001634],NHAI,HARYANA",,,2023-04,2023-04,1,1,1.0
PRJ_896DFB258BB6,4L OF HP/PUNJAB BO4L OF HP/PUNJAB BORDER - MO FROM KM. 11.00 TO KM. 42.00 OF OLD NH-20 (NEW NH-154) -,"[N24001772],NHAI,UTTAR PRADESH",,,2024-03,2024-03,1,1,1.0
PRJ_898BC5F010E1,CONSTRUCTION OF 4 LANE ACCESS CONTROLLED HIGHWAY FROM CHILLAKURU CROSS ROAD TO TURPUKANUPUR KM 0+000,5,,,2024-04,2024-04,1,1,1.0
PRJ_898F98DFE87E,CONSTRUCTION OF TWO LANE WITH HARD SHOULDERS OF,"[N24001339],NHIDCL,MEGHALAYA",,,2023-06,2023-06,1,1,1.0
PRJ_89956C9EFFDC,"2 LANE WITH HARD SHOLDER ,","[N24001297],MoRTH,ARUNACHAL PRADESH",,,2024-01,2024-01,1,1,1.0
PRJ_89EBFD066927,AJANTHA TO BULDHANA,"[N24000765],NHIDCL,NAGALAND",,,2024-01,2024-01,1,1,1.0
PRJ_8A6F88ACB828,SALAIKHURD TO TIRORA,Road Transport And Highways,,,2024-04,2024-04,1,1,1.0
PRJ_8AC809546BDC,UPGRADATION OF JABALPUR,Airport Authority Of India Limited,,,2023-10,2023-10,1,1,1.0
PRJ_8AE288E55BB9,CONSTRUCTION OF 6 LANE DURG RAIPUR ARANG BYPASS PKG 2 SECTION OF NH 53 FROM CH 44+500 TO CH.92+230 I,Road Transport And Highways,,,2024-04,2024-04,1,1,1.0
PRJ_8B1B876C3709,REHABILITATION AND UP- GRADATION OF ROAD FROM DESIGN KM 11.800 TO KM 25.250 OF KAILASHAHAR-KURTI BRID -,"[N24000967],MoRTH,ANDHRA PRADESH",,,2023-04,2023-04,1,1,1.0
PRJ_8B1F522FE8AD,REHABILITATION AND UPGRADATION OF CUTTACK ANGUL SECTION OF NH-42 (NEW NH-55) TO,"[N24000678],NHIDCL,ARUNACHAL PRADESH",,,2023-05,2023-05,1,1,1.0
PRJ_8B4DAC31ED74,IMPROVEMENT AND UPGRADATION TO TWO LANE WITH PAVED SHOULDER CONFIGURATION FROM EXISTING KM 90.00 TO,Road Transport And Highways,,,2024-04,2024-04,1,1,1.0
PRJ_8B6CE25C00A1,DOUBLING BETWEEN JAUNPUR JN-,RAILWAYS,,,2024-01,2024-01,1,1,1.0
PRJ_8B728726CC2D,2- LANE WITH PAVED SHOULDERS OF HINOTIYA TO MEHULWA FROM DESIGN KM 27+000 9OF EXISTING,"[N24000619],NHAI,ODISHA",,,2023-10,2023-10,1,1,1.0
PRJ_8B86C935E1A9,DELHI-VADODARA GREENFIELD ALIGNMENT (NH-148N) (PKG-09) (CH. 247.310 TO CH. 292.950) [JUNCTION WITH M -,"[N24000709],NHAI,MADHYA PRADESH",,,2024-03,2024-03,1,1,1.0
PRJ_8BF15C4962C0,CONSTRUCTION OF PERMANENT CAMPUS FOR INDIAN INSTITUTE OF,"EDUCATION,BIHAR",,,2023-06,2023-06,1,1,1.0
PRJ_8C6CC22A937A,DELHI-VADODARA GREENFIELD ALIGNMENT (NH-148N) (PKG-15) (CH. 419.000 TO CH.427.300) [JUNCTION WITH NH,WITH M,,,2024-04,2024-04,1,1,1.0
PRJ_8C6F0B54F8F2,VIJAYAWADA-GUDUR,"[N22000135],MRTP,WEST BENGAL",,,2023-05,2023-05,1,1,1.0
PRJ_8CCE928353F8,REHABILITATION AND UP GRADATION FROM KM. 121/0 TO 154/0 OF NAKAREKAL – MALLAMPALLY SECTION OF NH-365,RCW,,,2024-04,2024-04,1,1,1.0
PRJ_8CD0F0E97FA2,REBUILDING OF COKE OVEN,Steel,,,2024-04,2024-04,1,1,1.0
PRJ_8D4DBD686FE0,4-LANING OF HAPACHARA - TULUNGIA SECTION,"[N24000967],MoRTH,ANDHRA PRADESH",,,2023-04,2023-04,1,1,1.0
PRJ_8D890F6D50E4,UPGRADATIOBN AND REHABILITATION OF SECTION OF NH 361 F FROM PARLI (00/000) TO GANGAKHED (30/400) TO,Road Transport And Highways,,,2024-04,2024-04,1,1,1.0
PRJ_8E2551F1AC69,WIDENING AND STRENGTHENING TO TWO LANE WITH PAVED SHOULDER/TWO LANE+ PAVED SHOULDER WITH SERVICE ROA,CHANDRAGUPT OCP (CCL ) (N06000238 ),MoRTH,HIGHWAYS,2024-06,2024-06,1,1,1.0
PRJ_8E5C61114F58,ELEVATED CORRIDOR IN RANCHI CITY FROM KM 0.00 TO KM 3.260 OF NH-75 INCLUDING DOWN RAMP ON NH-23 FROM -,KASHMIR,,,2023-08,2023-08,1,1,1.0
PRJ_8E6537AB9BFE,DELHI-VADODARA GREENFIELD ALIGNMENT (NH-148N) (PKG-16) (CH. 427.300 TO CH.452.420) [MAJOR BRIDGE OVE,WITH M,,,2024-04,2024-04,1,1,1.0
PRJ_8E68B5ABBB67,ESTABLISHMENT OF FIBER OPTIC COMMUNICATION SYSTEM IN NR,POWER,,,2023-07,2023-07,1,1,1.0
PRJ_8EB6B49B6169,KOPARGAON TO SAVALI VIHIR SECTION,Road Transport And Highways,,,2024-04,2024-04,1,1,1.0
PRJ_8EC7F0F43528,KURUDWADI TO PANDHARPUR,FROM WAKHARI TO LORD VITT,,,2024-04,2024-04,1,1,1.0
PRJ_8ECD965773FC,REHABILITATION AND UP- GRADATION OF EXISTING 2-LANE TO FOUR LANE FROM TALCHAR TO END OF KAMAKHYANAG,Road Transport And Highways,,,2024-04,2024-04,1,1,1.0
PRJ_8ED2A53EC0D7,REHABILITATION AND UPGRADATION OF NH -565 FROM KM 1.00 TO 86.057 (NAKREKAL TO NAGARJUNSAGAR DAM SECT,RCW,,,2024-04,2024-04,1,1,1.0
PRJ_8F607FC15472,BALANCE WORKS OF FOUR LANE FROM KM 43+950 (THIRUVALLUR BYPASS) TO KM 61+470 (VEPPAMPATTU BYPASS) PAS,AND HIGHWAYS,"THIRUVALLUR
BYPASS",TAMIL NADU,2024-06,2024-06,1,1,1.0
PRJ_8F686198010B,REHABILITATION AND UPGRADATION OF BHOKARDAN TO KUMBHARI FATA DESIGN CH. (KM 13+500 TO 17+00) AND RAJ,Road Transport And Highways,,,2024-04,2024-04,1,1,1.0
PRJ_8FD12740A2B7,RANIKOR-MAHESHKHOLA- BAGHMARA (RMB) PKG-4 (KANAI- RONGARA) -,"[N24001480],MoRTH,UTTAR PRADESH",,,2023-06,2023-06,1,1,1.0
PRJ_8FD1C5FB93E1,PAITHAN TO SHIRUR,FROM WAKHARI TO LORD VITT,,,2024-04,2024-04,1,1,1.0
PRJ_8FEE4A25DF74,"TRANSMISSION SYSTEM FOR PROVIDING CONNECTIVITY TO RE PROJECTS AT BIKANER (PG), FATEHGARH-II AND BHAD",POWER,PG,RAJASTHAN,2024-06,2024-06,1,1,1.0
PRJ_8FF589DFF287,BANGALORE CHENNAI EXPRESSWAY (PHASE-II PKG-I) FROM KM.71.000 TO KM 96.000 (BETHAMANGALA IN THE STATE,5,,,2024-04,2024-04,1,1,1.0
PRJ_9030F348DB93,FOUR LANING OF AMRITSAR BYPASS FROM NEW TARN TARAN ROAD TO AJNALA ROAD FROM DESIGN KM. 0.750 TO DESI,Road Transport And Highways,,,2024-04,2024-04,1,1,1.0
PRJ_90769C9032E7,4 LANING OF ITANAGAR TO BANDARDEWA SECTION OF NH-415,"[N24001386],MoRTH,ANDHRA PRADESH",,,2023-10,2023-10,1,1,1.0
PRJ_90E4139C6028,REHABILITATION AND UP- GRADATION TO 4 LANE ROAD WITH PAVED SHOULDER CONFIGURATION OF SECTION FROM UND,FROM WAKHARI TO LORD VITT,,,2024-04,2024-04,1,1,1.0
PRJ_9135B260A3DB,CHANDRAGUPT OCP,Central Coal Fields Limited,,,2023-10,2023-10,1,1,1.0
PRJ_9139AD2DE581,IMPROVEMENT AND UPGRADATION TO TWO LANE WITH PAVED SHOULDER CONFIGURATION FROM EXISTING KM 55.00 TO,Road Transport And Highways,,,2024-04,2024-04,1,1,1.0
PRJ_919417A24BD6,DELHI-VADODARA GREENFIELD ALIGNMENT (NH-148N) (PKG-14) (CH. 388.420 TO CH. 419.000) [JUNCTION WITH N,Road Transport And Highways,,,2024-04,2024-04,1,1,1.0
PRJ_919E2464ABBC,BANGALORE CHENNAI EXPRESSWAY PHASE-III PACKAGE II (WALAJAHPET TO ARAKKONAM) FROM KM 180.000 TO KM 2 -,"[N24000619],NHAI,ODISHA",,,2023-10,2023-10,1,1,1.0
PRJ_91AB7BB4EECF,REHABILITATION AND UPGRADATION OF NH219(NEW NH42) FROM KM 244.930 TO 299.775,"[N24001386],MoRTH,ANDHRA PRADESH",,,2023-10,2023-10,1,1,1.0
PRJ_91CA4FAF5EC4,CHALLAKERE TO HARIYUR SECTION FROM KM 358.500 TO KM 414.205 OF NH150 A,84.12,,,2024-04,2024-04,1,1,1.0
PRJ_91E44D25CE58,"WIDENING, STRENGTHENING AND RECONSTRUCTION OF NH-552-","[N24001480],MoRTH,UTTAR PRADESH",,,2023-06,2023-06,1,1,1.0
PRJ_92772AD1760D,TAMENGLONG - MAHUR PKG-3,"[N24000431],NHIDCL,ASSAM",,,2024-03,2024-03,1,1,1.0
PRJ_9295A235C4A0,6L OF ACCESS- CONTROLLED HIGHWAY FROM MOHAND TO DAAT KALI TUNNEL OF GANESHPUR ? DEHRADUN SECTION FROM,AND HIGHWAYS,NHAI,UTTAR PRADESH,2024-06,2024-06,1,1,1.0
PRJ_92E7C47FC18B,WIDENING TO TWO LANE WITH PAVED SHOULDER FROM KM 544.200 TO KM 594.000 OF NH-150A HOSMANE CROSS – PA,84.12,,,2024-04,2024-04,1,1,1.0
PRJ_9329BA154D04,EPC- CORRIDOR APPROACH WORKS - NH (O): WIDENING EXISTING 2 LANE TO 2 LANE WITH,Ministry Of Road Transport And Highways (State Pwds),,,2023-04,2023-04,1,1,1.0
PRJ_935FDC20CC62,"FATUHA-ISLAMPUR INCL. MM FOR EXTENSION OF NEW LINE FORM BIHARSHARIF- BARBIGHA, DANIYAWAN- BIHARSHARIF,",MUZAFFARPUR SAGAULI DOUBLING 100.60 KM (ECR ) (N22000473 ),ECR,RAILWAYS,2024-06,2024-06,1,1,1.0
PRJ_9361B1BEB4A4,"IMPROVEMENT AND UP-GRADATION OF EXISTING ROAD TO 4L PS FROM KM 229.070 TO 260.800, END OF HARDOI DIS",DISTRICT) TO RANIPUR,,,2024-04,2024-04,1,1,1.0
PRJ_937D218FAC4C,BANIHAL BYPASS (DELINKED FROM SRINAGAR - BANIHAL) FROM KM.,"[N24001709],NHAI,BIHAR",,,2023-07,2023-07,1,1,1.0
PRJ_9398C97E1F79,SIX LANING FROM KODUNGALLUR TO EDAPALLY SECTION OF NH –66 (OLD NH-17) FROM DESIGN CHAINAGE 397+750 ( -,"[N24000549],NHAI,UTTAR PRADESH",,,2023-09,2023-09,1,1,1.0
PRJ_93ECF06D9100,REHABILITATION AND UPGRADATION OF EXISTING NH-565 FROM KM.86.057 TO 133.922 OF NAGARJUNASAGAR DAM T,5,,,2024-04,2024-04,1,1,1.0
PRJ_9427BD981D7D,SANGARIYA (NEAR CHAUTALA)- RASISAR (NEAR BIKANER) (PHASE-I) (AJ/SR-PACKAGE-2) -,"[N24001572],NHAI,RAJASTHAN",,,2023-04,2023-04,1,1,1.0
PRJ_9432E6B75267,WIDENING AND STRENGTHENING FROM KM 0.00 TO KM 15.089 OF NH- 334A (PURKAJI-LAKSAR-HARIDWAR ROAD) TO TW,DISTRICT) TO RANIPUR,,,2024-04,2024-04,1,1,1.0
PRJ_943A442894F8,REHABILITATION AND UPGRADATION OF DHINDI-,"[N24001289],MoRTH,ARUNACHAL PRADESH",,,2023-04,2023-04,1,1,1.0
PRJ_944E2604FCE2,UP GRADATION OF NEWLY DECLARED NH 341 TO TWO LANE WITH PAVED SHOULDER CONFIGURATION BETWEEN KM. 65.4,Road Transport And Highways,,,2024-04,2024-04,1,1,1.0
PRJ_948162D800DD,CONSTRUCTION OF BYPASS FOR PROVIDING INTER CONNECTIVITY AMONG (NHS) AROUND THE PRATAPGARH CITY (PRAT,CONSTRUCTION OF BYPASS FOR PROVIDING INTER CONNECTIVITY AMONG (NHS) AROUND THE PRATAPGARH CITY (PRAT (MoRTH ),NHS,HIGHWAYS,2024-06,2024-06,1,1,1.0
PRJ_949E72D74C72,WIDENING/IMPROVEMENT TO 4-LANE WITH PAVED SHOULDER FROM KM 27+701 (SIMEN CHAPORI) TO KM 55+000 (NAG,Road Transport And Highways,,,2024-04,2024-04,1,1,1.0
PRJ_949EFDC04A79,REHABILITATION AND UPGRADATION OF NH565 FROM EXISTING KM 361.330(DORNALA T JUNCTION) TO KM 420.800(P,CONSTRUCTION OF OTHE,,,2024-04,2024-04,1,1,1.0
PRJ_9559DC38E39B,"STRENGTHING AND WIDINING OF EXISTING CARRIAGEWAY TO 10 M IN KM, 156/160 TO 229/160 (TEMBHURNI - KUSL",Road Transport And Highways,,,2024-04,2024-04,1,1,1.0
PRJ_956451C3B35D,IMPROVEMENT AND UPGRADATION TO TWO LANE WITH PAVED SHOULDER CONFIGURATION FROM EXISTING KM 90.00 TO,DISTRICT) TO RANIPUR,,,2024-04,2024-04,1,1,1.0
PRJ_95779181E1D6,WIDENING TO 4 LANE FROM KM 51.60 TO 76.20 (HEBRI TO PARKALA) AND FROM KM 85.20 TO 88.90 (KARAVALI JU,69 YEKAMBI KUMTA,,,2024-04,2024-04,1,1,1.0
PRJ_95894C27E414,DEVELOPMENT OF 6L UER II [PACKAGE - II] (KARALA KANJHAWALA ROAD TILL NANGLOI - NAJAFGARH ROAD) FROM,Road Transport And Highways,,,2024-04,2024-04,1,1,1.0
PRJ_95ED00A5EB87,FOUR LANING OF PARARIA TO MOHANIA SECTION OF NH 319 (OLD NH 30) FROM KM. 54+530 (DESIGN,National Highways Authority Of India,,,2023-08,2023-08,1,1,1.0
PRJ_95F4431D5374,"6 LANING OF EXISTING 4-LANE STRETCH FROM KALKALLU AT KM.454+000 TO GUNDLA POCHAMPALLY AT KM.471+000,","6 LANING OF EXISTING 4-LANE STRETCH FROM KALKALLU AT KM.454+000 TO GUNDLA POCHAMPALLY AT KM.471+000, (NHAI )",NHAI,HIGHWAYS,2024-06,2024-06,1,1,1.0
PRJ_96505630604E,FOUR LANING OF EXISTING,PRADESH,,,2023-10,2023-10,1,1,1.0
PRJ_965B6385C098,CONSTRUCTION OF 2 LANE ROAD OF POTIN TO PANGIN SECTION OF NH 13 FROM KM 0.00 TO KM 44.35 (PACKAGE 1) -,Ministry Of Road Transport And Highways (State Pwds),,,2023-04,2023-04,1,1,1.0
PRJ_969E214D07F7,4L OF AKOLA - MEDSHI FROM KM.,"[N24001983],NHAI,ANDHRA PRADESH",,,2024-03,2024-03,1,1,1.0
PRJ_96D66123CDA1,CONSTRUCTION OF EIGHT LANE ACCESS CONTROLLED EXPRESSWAY FROM KM 103.400 TO,"[N24001749],NHAI,WEST BENGAL",,,2023-07,2023-07,1,1,1.0
PRJ_9724CD68D0A6,VADODARA MUMBAI EXPRESSWAY,Road Transport And Highways,,,2024-04,2024-04,1,1,1.0
PRJ_972A51A0F889,REDEVELOPMENT OF GENERAL POOL RESIDENTIAL COLONY AT,URBAN DEVELOPMENT,,,2023-09,2023-09,1,1,1.0
PRJ_9759F2492289,WIDENING AND STRENGTHENING/ RECONSTRUCTION OF EXISTING PAVEMENT TO FOUR ALNE WITH PAVED SHOULDERS FR,RCW,,,2024-04,2024-04,1,1,1.0
PRJ_979A7243ACBA,CONSTRUCTION OF FOUR LANE GREENFIELD PROJECT OF DELHI- AMRITSAR-KATRA EXPRESSWAY,"[N24001588],NHAI,CHHATTISGARH",,,2023-06,2023-06,1,1,1.0
PRJ_97AD1CFF5175,6L GREENFIELD BARAJA - KANDILI SECTION OF NH- 130-CD ROAD,"[N24001573],NHAI,RAJASTHAN",,,2024-03,2024-03,1,1,1.0
PRJ_97B8619D82D3,WIDENING AND PAVED SHOULDER OF TOHANA (IN HARYANA) PUNJAB/HARYANA BORDER TO MOONAK-JAKHAL-BUDHLADA,Road Transport And Highways,,,2024-04,2024-04,1,1,1.0
PRJ_97C37671E42A,INTERCEPTION AND DIVERSION WITH STP AT RISHIKESH -,Uttarakhand Pey Jal Nigam,,,2023-10,2023-10,1,1,1.0
PRJ_97C590855AE9,"CGD PROJECT AT ARARIA, PURNIA, KATIHAR AND KISHANGANJ DISTRICTS",Petroleum,,,2024-04,2024-04,1,1,1.0
PRJ_97CF7E8DA589,WIDENING TO TWO LANE WITH PAVED SHOULDERS FROM KM 15.525 TO KM 62.880 OF JADCHERLA-KALWAKURTHY SECTI,RCW,,,2024-04,2024-04,1,1,1.0
PRJ_97FA77151BE5,IMPROVEMENT OF GEOMETRICS OF THONDUPALLY TO KOTHUR FROM KM 22.300 TO KM 34.14 OF NH-44-,Road Transport And Highways,,,2024-04,2024-04,1,1,1.0
PRJ_9880FF8EA993,WARDHA TO ARVI,Road Transport And Highways,,,2024-04,2024-04,1,1,1.0
PRJ_98CE6C9E8D85,CONSTRUCTION OF 2-LANE WITH PAVED SHOULDER OF NEW GREEN,"[N24000763],NHIDCL,NAGALAND",,,2024-02,2024-02,1,1,1.0
PRJ_990EC3380C2D,WAKAN PALI KHOPOLI,Road Transport And Highways,,,2024-04,2024-04,1,1,1.0
PRJ_997F0FDDBFF3,PEN TO KHOPOLI,FROM WAKHARI TO LORD VITT,,,2024-04,2024-04,1,1,1.0
PRJ_998CFA827A53,4 LANING FROM JAMUGURI TO BISWANATH CHARIALI FROM KM 182 TO KM 208 OF NH-52 -,"[N24001828],MoRTH,TAMIL NADU",,,2024-03,2024-03,1,1,1.0
PRJ_9A521B345452,WIDENING AND STRENGTHENING TO 4 LANE / 2-LANE WITH PAVED SHOULDERS OF MAHABUBNAGAR- CHINCHOLI SECTION,RCW,,,2024-04,2024-04,1,1,1.0
PRJ_9A8CC2E00550,MEHKAR TO AJISPUR,Road Transport And Highways,,,2024-04,2024-04,1,1,1.0
PRJ_9AAB32CE2939,HARIHARGANJ TO PARWA MODE,"[N24000771],NHIDCL,MEGHALAYA",,,2024-02,2024-02,1,1,1.0
PRJ_9AF7DE28218D,6L ACCESS CONTROLLED GREENFIELD HIGHWAY FROM POLAVARAM (CH. 260+000) TO MARRIPUDI (CH. 285+500) OF [,6L ACCESS CONTROLLED GREENFIELD HIGHWAY FROM POLAVARAM (CH. 260+000) TO MARRIPUDI (CH. 285+500) OF [ (NHAI ),NHAI,HIGHWAYS,2024-06,2024-06,1,1,1.0
PRJ_9B055C06C2F8,4L OF NAGPUR-KATOL SECTION 2/2021 FROM KM. 13.00 TO KM. 62.900 OF NH-353J,Road Transport And Highways,,,2024-04,2024-04,1,1,1.0
PRJ_9B136DA93996,FOUR LANING OF BALACHERA- HARANGAJAO SECTION OF NH-54 (EXT) FROM KM 275.00 TO KM,"[N24000967],MoRTH,ANDHRA PRADESH",,,2023-04,2023-04,1,1,1.0
PRJ_9B5DF68321CE,CONSTRUCTION OF TWO LANE WITH HARD SHOULDERS OF,"[N24001297],MoRTH,ARUNACHAL PRADESH",,,2024-01,2024-01,1,1,1.0
PRJ_9B8F5A2980D0,UPGRADATION TO TWO LANE PAVED SHOULDER OF KOTHUN- LALSOT-KAROLI-DHOLPUR ROAD,PRADESH,,,2023-10,2023-10,1,1,1.0
PRJ_9BA82367472E,EXTENSION OF ASANUR-SANKARI SECTION OF CHENNAI-TRICHY- MADURAI PIPELINE UPTO COIMBATORE,Petroleum,,,2024-04,2024-04,1,1,1.0
PRJ_9BCEC3AD2C42,4L OF OBEDULLGANJ - BUDNI SECTION FROM KM. 8.400 TO KM.,"[N24000549],NHAI,UTTAR PRADESH",,,2023-09,2023-09,1,1,1.0
PRJ_9C09269B40E7,CONSTRUCTION OF 4 LANE ACCESS CONTROLLED NEW GREENFIELD,"[N24001709],NHAI,BIHAR",,,2023-07,2023-07,1,1,1.0
PRJ_9C18A0504989,CONSTRUCTION OF SIX LANING OF DEDICATED PORT ROAD TO KRISHNAPATNAM PORT (PACKAGE- I) KM 0+000 TO KM 1,CONSTRUCTION OF OTHE,,,2024-04,2024-04,1,1,1.0
PRJ_9C380243C3E0,6 LANING OF EXISTING 4-LANE STRETCH FROM KALKALLU AT,"[N24001264],NHIDCL,JAMMU AND KASHMIR",,,2024-03,2024-03,1,1,1.0
PRJ_9C507429AADF,TWO / FOUR LANING OF RAEBARELI - JAGDISHPUR SECTION OF NH-330A FROM KM. 0.000 TO KM. 47.800 (DESIGN,Road Transport And Highways,,,2024-04,2024-04,1,1,1.0
PRJ_9D19215047C2,ENNORE THIRUVALLUR BENGALURU PUDUCHERRY NAGAPATTINAM,"[N16000451],IOCL,TAMIL NADU",,,2023-05,2023-05,1,1,1.0
PRJ_9D8CA57081B6,6L ACCESS CONTROLLED GREENFIELD HIGHWAY FROM YERRAGUDIPADU 129.000 KM. TO AUDIREDDIPALLE 160.000 KM.,AND HIGHWAYS,NHAI,ANDHRA PRADESH,2024-06,2024-06,1,1,1.0
PRJ_9D9D70AA0E8A,FOUR LANNING OF RAMPUR- KATHGODAM SECTION OF NH-87 FROM KM 0.000 (KM. 190.000 OF NH- 24) TO KM 42.791 -,"[N24001639],NHAI,PUNJAB",,,2023-08,2023-08,1,1,1.0
PRJ_9DABEFFD79E5,MAYLADUTHURAI-THIRUVARUR- KARAIKUDI-THIRU 'PONDI'- AGASTIYAMPALLI,Southern Railway,,,2023-08,2023-08,1,1,1.0
PRJ_9DC6D6473710,DELHI-AMRITSAR-KATRA,"[N24000583],NHIDCL,ASSAM",,,2023-09,2023-09,1,1,1.0
PRJ_9E2901F0E548,REHABILITATION AND UPGRADATION OF JAMKHED TO SAUTADA SECTION OF NH548 D (FROM KM 195.375 TO KM 208.7,FROM WAKHARI TO LORD VITT,,,2024-04,2024-04,1,1,1.0
PRJ_9E4BA43D96ED,6L KANTAKAPALLE – SABBAVARAM SECTION OF NH-130CD ROAD FROM,"[N24001749],NHAI,WEST BENGAL",,,2023-07,2023-07,1,1,1.0
PRJ_9E69303CDB7C,REHABILITATION AND UPGRADATION OF SATANA TO MANGRUL (CHANDWAD) SECTION OF NH752 G DESIGN CH: KM 64.0,Road Transport And Highways,,,2024-04,2024-04,1,1,1.0
PRJ_9E882F41FC92,6L OF VEERA KAVERI RAJA PURAM TO PONDAVAKKAM FROM KM 61.380 TO KM 96.040 OF NH 716B,MUPPAVARAM (CH.343+240) O,,,2024-04,2024-04,1,1,1.0
PRJ_9F7594A20CE5,DEVELOPMENT OF FOUR LANNING OF ANGUL-SAMBALPUR SECTION OF NATIONAL HIGHWAY NH-42 (NEW NH-55 IN THE S -,National Highways Authority Of India,,,2023-10,2023-10,1,1,1.0
PRJ_9FE42FE05B91,DEVELOPMENT OF SIX-LANE ACCESS CONTROLLED HIGHWAY FROM GOGWAN JALALPUR (SHAMLI,Road Transport And Highways,,,2024-04,2024-04,1,1,1.0
PRJ_A04C13C10FBF,TWO LANING OF JORAM KOLORIANG ROAD (NH 713) ON EPC BASIS FROM,Road Transport And Highways,,,2024-04,2024-04,1,1,1.0
PRJ_A056171BB3D2,REHABILITATION AND UPGRADATION OF NH326A FROM KM 0/0 TO 41/979 (EXCLUDING KM 2/255 TO 3/372 AND KM 3,5,,,2024-04,2024-04,1,1,1.0
PRJ_A092D65D0C12,EASTERN REGION EXPANSION SCHEME XXIX,Power Grid Corporation Of India Limited,,,2023-08,2023-08,1,1,1.0
PRJ_A0DFC2AC368B,JUNAGADH BYPASS,Road Transport And Highways,,,2024-04,2024-04,1,1,1.0
PRJ_A105050B313A,REHABILITATION AND,"[N24000941],MoRTH,PUNJAB",,,2024-03,2024-03,1,1,1.0
PRJ_A155D92949F5,C/O RESIDENTIAL COMPLEX BUILDING FOR CENTRAL BOARD OF,FINANCE,,,2023-09,2023-09,1,1,1.0
PRJ_A19797D99B3E,FOUR LANING OF AURANGABAD-,National Highways Authority Of India,,,2023-08,2023-08,1,1,1.0
PRJ_A1C24F5DAEFF,SETTING UP PHYSICAL INFRASTRUCTURE FOR THE NATIONAL INSTITUTE OF,TELECOMMUNICATIONS,,,2024-03,2024-03,1,1,1.0
PRJ_A1C4BE00F493,NH165 FROM KM 0.000 TO KM 64.020 PAMARRU TO AKIVEEDU SECTION TO TWO LANE WITH PAVED SHOULDERS,CONSTRUCTION OF OTHE,,,2024-04,2024-04,1,1,1.0
PRJ_A23358642161,REHABILITATION AND,"[N24001216],MoRTH,JHARKHAND",,,2023-10,2023-10,1,1,1.0
PRJ_A24811B60979,WIDENING TO 2 LANE WITH HARD SHOULDER OF,Road Transport And Highways,,,2024-04,2024-04,1,1,1.0
PRJ_A27F3A9039AB,RAMMAM-III HEPP,Petroleum,,,2024-04,2024-04,1,1,1.0
PRJ_A2A8F2ACE9E4,JORAM – KOLORIANG ROAD FROM EXISTING KM 50.050 TO KM 70.00,"[N24001267],NHIDCL,TRIPURA",,,2023-04,2023-04,1,1,1.0
PRJ_A2AAA2D5BA54,TRANSMISSION SYSTEM FOR EVACUTION OF POWER FROM NEYVELI LIGNITE CORP LTD TS - I (REPLACEMENT) IN NEY,POWER,REPLACEMENT,TAMIL NADU,2024-06,2024-06,1,1,1.0
PRJ_A2AEAF4967F1,WIDENING TO 2-LANE WITH PAVED,Road Transport And Highways,,,2024-04,2024-04,1,1,1.0
PRJ_A2EE0647A3BD,PARBHANI TO GANGKHED,Road Transport And Highways,,,2024-04,2024-04,1,1,1.0
PRJ_A31DA744CE00,SETTING UP 500KTPA PROPANE 5/2019 DEHYDROGENATION INTEGRATED,Petroleum,,,2024-04,2024-04,1,1,1.0
PRJ_A32771EBCDDD,6L ACCESS CONTROLLED GREENFIELD HIGHWAY FROM VANKARAKUNTA 45.700 KM. TO ODULAPALLE 72.000 KM. OF NH,AND HIGHWAYS,NHAI,ANDHRA PRADESH,2024-06,2024-06,1,1,1.0
PRJ_A34841B30D9B,CONSTRUCTION OF TWO LANE WITH PAVED SHOULDER HIGHWAY FROM DESIGN CH.0.000 TO,Road Transport And Highways,,,2024-04,2024-04,1,1,1.0
PRJ_A352E17BBE73,WIDENING AND STRENGTHENING TO TWO LANE WITH PAVED SHOULDER/TWO LANE+ PAVED SHOULDER WITH SERVICE ROA,AND HIGHWAYS,MoRTH,JHARKHAND,2024-06,2024-06,1,1,1.0
PRJ_A35C26DBFE2E,REHABILITATION AND UP- GRADATION OF MUDKHED TO NANDED SECTION FROM KM. 372+000 TO KM 388+400 OF NH 16,FROM WAKHARI TO LORD VITT,,,2024-04,2024-04,1,1,1.0
PRJ_A3607940F8F4,CONSTRUCTION OF BASEMENTG FLOOR10 STORIES BUILDING FOR,MINES,,,2023-05,2023-05,1,1,1.0
PRJ_A36106B87367,CONSTRUCTION OF TWO LANE WITH HARD SHOULDERS OF MERANGKONG-TAMLU-MON ROAD FROM EXISTING KM 60.345 TO -,"[N24001262],NHIDCL,SIKKIM",,,2024-01,2024-01,1,1,1.0
PRJ_A37FF5CAC522,"CGD PROJECT AT AURANGABAD, KAIMUR AND ROHTAS DISTRICTS",Petroleum,,,2024-04,2024-04,1,1,1.0
PRJ_A3BFCE6534FF,"TRANSMISSION SYSTEM FOR PROVIDING CONNECTIVITY TO RE PROJECTS AT BIKANER (PG), FATEHGARH-II AND BHAD","TRANSMISSION SYSTEM FOR PROVIDING CONNECTIVITY TO RE PROJECTS AT BIKANER (PG), FATEHGARH-II AND BHAD (PGCIL )",PG,POWER,2024-06,2024-06,1,1,1.0
PRJ_A3D4086A0E8C,WIDENING TO 2LPS FROM 269/30 TO 328/20 OF NH-49 IN THE STATE OF ODISHA,Road Transport And Highways,,,2024-04,2024-04,1,1,1.0
PRJ_A411377E4161,PARBHANI TO GANGKHED,FROM WAKHARI TO LORD VITT,,,2024-04,2024-04,1,1,1.0
PRJ_A422ED490795,CONSTRUCTION OF 6 LANE BRIDGE ON GANGA ON NH-96 AND ITS APPROACHES IN PHAPHAMAU ALLAHABAD ON EPC MOD,AND HIGHWAYS,MoRTH,UTTAR PRADESH,2024-06,2024-06,1,1,1.0
PRJ_A444E9C4E5C0,WARDHA-SEWAGRAM NGP 3RD LINE,137 A,,,2024-04,2024-04,1,1,1.0
PRJ_A481D162F6F6,DEVELOPMENT OF SIX- LANE ACCESS CONTROLLED HIGHWAY FROM RANIPUR BARSI (SAHARANPUR DISTRICT) TO ADHOYA,AND HIGHWAYS,"SAHARANPUR
DISTRICT",HARYANA,2024-06,2024-06,1,1,1.0
PRJ_A483FB3746EB,STRENGTHENING AND WIDENING TO TWO LANE WITH PAVED SHOULDERS FROM KM.106.00 TO 153.00 OF NH-218 BIJAP,Road Transport And Highways,,,2024-04,2024-04,1,1,1.0
PRJ_A488D9ED4B41,NH167B FROM KM 99.103 CS PURAM TO KM 143.320 MALAKONDA TO 2LPS,CONSTRUCTION OF OTHE,,,2024-04,2024-04,1,1,1.0
PRJ_A48F3E477BFE,IMPROVEMENT AND RECONSTRUCTION TO TWO LANE WITH PAVED SHOULDERS FROM KM 489.845 (NEW KM.58.125) AN,84.12,,,2024-04,2024-04,1,1,1.0
PRJ_A4F3196BDC77,SIX-LANNING OF GREENFIELD PROPOSED UDAIPUR BYPASS PKG- IV,Road Transport And Highways,,,2024-04,2024-04,1,1,1.0
PRJ_A53A7C516825,MANSAR TO SALAIKHURD,Road Transport And Highways,,,2024-04,2024-04,1,1,1.0
PRJ_A56C63DB6CE7,SCHEME TO RELIEVE HIGH LOADING,POWER,,,2024-01,2024-01,1,1,1.0
PRJ_A588F905EE50,ANJANGAON TO MAH/MP BORDER,"[N24001480],MoRTH,UTTAR PRADESH",,,2023-06,2023-06,1,1,1.0
PRJ_A5A278BDDAEB,TAMENGLONG - MAHUR PKG-3,PRADESH,,,2023-10,2023-10,1,1,1.0
PRJ_A5E7D85D568F,REHABILITATION AND UPGRADATION OF KONDLI PHASE I STP 45 MLD PHASE II STP 114 MLD AND PHASE III S,Water Resources,,,2024-04,2024-04,1,1,1.0
PRJ_A68AB2B34088,REHABILITATION AND UP- GRADATION OF SABALKHED TO ASHTI SECTION FROM KM 37+900 TO KM 55+100 AND CHINCH,FROM WAKHARI TO LORD VITT,,,2024-04,2024-04,1,1,1.0
PRJ_A6FE47175D5E,DEVELOPMENT OF 6 LANE ACCESS CONTROLLED GREENFIELD HIGHWAY FROM KM. 97.000 TO KM. 162.500 MARADGI S,Road Transport And Highways,,,2024-04,2024-04,1,1,1.0
PRJ_A75258171D86,KARAD PATAN CHIPLUN GUHAGAR,FROM WAKHARI TO LORD VITT,,,2024-04,2024-04,1,1,1.0
PRJ_A7BDA00A0E3A,STRENGTHENING AND WIDENING TO TWO LANE WITH PAVED SHOULDERS FROM KM.106.00 TO 153.00 OF NH-218 BIJAP,84.12,,,2024-04,2024-04,1,1,1.0
PRJ_A8301234E333,DEVELOPMENT OF CHILODA GANDHINAGAR SARKHEJ OF NH 147 OLD NH 8C FROM KM 0/0 TO KM 44/042 IN THE STATE,Road Transport And Highways,,,2024-04,2024-04,1,1,1.0
PRJ_A8507BF1A8D5,"FOUR LANING OF SOLAN- KAITHLIGHAT SECTION OF NH-22 (NOW NH-5) FROM KM 106.139 TO KM 129.050, ON EPC M -","[N24001718],NHAI,TAMIL NADU",,,2023-10,2023-10,1,1,1.0
PRJ_A8614243BB93,SIX LANING OF START OF KOLLAM BYPASS (KM.486+000) KADAMBATTUKONAM (KM.517+250),"[N24001983],NHAI,ANDHRA PRADESH",,,2024-03,2024-03,1,1,1.0
PRJ_A87E83051302,IMPROVEMENT/UPGRADATION OF,"[N24000678],NHIDCL,ARUNACHAL PRADESH",,,2023-05,2023-05,1,1,1.0
PRJ_A8858A31CD80,WADSA-GADHCHIROLI NEW LINE,South East Central Railway,,,2023-04,2023-04,1,1,1.0
PRJ_A8A4EB411C22,SHIROD SHAHPURER TO NANDED,FROM WAKHARI TO LORD VITT,,,2024-04,2024-04,1,1,1.0
PRJ_A8A71D76C91F,WIDENING TO 2LPS FROM 239/9 TO 294/3 OF NH-57 (NAYAGARH TO KHURDA) IN THE STATE OF ODISHA,Road Transport And Highways,,,2024-04,2024-04,1,1,1.0
PRJ_A8E1A93FE49B,"4L OF KM.165.092 TO KM.171.855 (NORTH BOUND) AND FROM KM.166.895 TO KM.173.638 (SOUTH BOUND), EXCL.",Road Transport And Highways,,,2024-04,2024-04,1,1,1.0
PRJ_A92473930510,REHABLITATION AND UPGRADATION OF AMBOLI JUNCTION (DESIGN CH. 71+530) TO AJARA (DESIGN CH.100+835) SE,Road Transport And Highways,,,2024-04,2024-04,1,1,1.0
PRJ_A9450D4FA877,REHABILITATION AND UPGRADATION OF NH-340 FROM KM 0/0 TO KM 60/380 (DESIGN CH. 0/000,PRADESH,,,2023-09,2023-09,1,1,1.0
PRJ_A97DDF29B75A,RANIKOR-MAHESHKHOLA-,PRADESH,,,2023-10,2023-10,1,1,1.0
PRJ_A9CCA47F0E22,6L OF JODHPUR ROMANA (BATHINDA) - MANDI DABWALI (PUNJAB HARYANA BORDER) SECTION OF NH-54 FROM KM. 0.,Road Transport And Highways,,,2024-04,2024-04,1,1,1.0
PRJ_A9D6DCC908E0,KANPUR LUCKNOW EXPRESSWAY PKG-1 CONSTRUCTION OF 6-LANE TO EIGHT LANE OF KANPUR,"[N24001264],NHIDCL,JAMMU AND KASHMIR",,,2023-07,2023-07,1,1,1.0
PRJ_A9E153A2C3AF,WIDENING TO TWO LANE WITH PAVED SHOULDERS FROM KM 0/000 TO KM 79/300 OF KALWAKURTHY - KOLLAPUR SECTI,Road Transport And Highways,,,2024-04,2024-04,1,1,1.0
PRJ_AA0A369A6CE1,DEVELOPMENT OF 6L UER II [PACKAGE - II] (KARALA KANJHAWALA ROAD TILL NANGLOI -,"[N24002078],NHAI,ODISHA",,,2024-02,2024-02,1,1,1.0
PRJ_AA1DCC9096FC,REHABILITATION AND UPGRADATION OF NH-340 FROM KM 0/0 TO KM 60/380 (DESIGN CH. 0/000 TO 60/025 EXCLUD,5,,,2024-04,2024-04,1,1,1.0
PRJ_AA76DDC5BE02,WIDENING FROM TWO LANE TO TWO LANE WITH PAVED SHOULDER FROM KM 34/000 TO 49/000 AND TWO LANE TO FOUR -,"[N24000939],MoRTH,ANDHRA PRADESH",,,2023-08,2023-08,1,1,1.0
PRJ_AA8188394380,TWO/FOUR LANNING OF BRT TIGER RESERVE BOUNDARY TO BANGALORE SECTION OF NH- 209(EXISTING CHAINAGE FROM,Road Transport And Highways,,,2024-04,2024-04,1,1,1.0
PRJ_AAD4B888D152,NEW LINE FROM DIMAPUR TO ZUBZA(KOHIMA) NATIONAL,RAILWAYS,,,2023-07,2023-07,1,1,1.0
PRJ_AADDF6D388A8,6L ACCESS CONTROLLED GREENFIELD HIGHWAY FROM NARAYANMPET (CH. 203+500) TO CHANDRASEKHARPURA M (CH. 22,6L ACCESS CONTROLLED GREENFIELD HIGHWAY FROM NARAYANMPET (CH. 203+500) TO CHANDRASEKHARPURA M (CH. 22 (NHAI ),NHAI,HIGHWAYS,2024-06,2024-06,1,1,1.0
PRJ_AB27B999A9E3,REHABILITATION AND UPGRADATION OF NEW NH-544DD FROM DESIGN CHAINAGE KM 56.00 TO 102.20 OF KALYANDURG,5,,,2024-04,2024-04,1,1,1.0
PRJ_AC0784F6A64C,PIMPLA TO MANJARSUMBHA,FROM WAKHARI TO LORD VITT,,,2024-04,2024-04,1,1,1.0
PRJ_AC1966CA8D43,WIDENING TO TWO LANE WITH,"[N24001464],MoRTH,UTTAR PRADESH",,,2024-01,2024-01,1,1,1.0
PRJ_AC44D61E07FF,MHASWAD TO TEMBHURNI,FROM WAKHARI TO LORD VITT,,,2024-04,2024-04,1,1,1.0
PRJ_AC4B19913EFD,CONSTRUCTION OF TIMMAPURAM TO GURJANAPALLE SECTION FROM KM 26.150 TO 41.161 OF NH- 214(NH216)(KAKINAD,5,,,2024-04,2024-04,1,1,1.0
PRJ_AC799C5E62B2,ELEVATED CORRIDOR IN RANCHI CITY FROM KM 0.00 TO KM 3.260 OF NH-75 INCLUDING DOWN RAMP ON NH-23 FROM -,"[N24001821],NHAI,ANDHRA PRADESH",,,2023-10,2023-10,1,1,1.0
PRJ_AC8559251CF2,NH440 RAYACHOTY TOVEMPALLI 2LPS,5,,,2024-04,2024-04,1,1,1.0
PRJ_AC88AB2EA172,WIDENING TO 4 LANE FROM KM. 133.00 TO 158.04 (DESIGN CHAINAGE KM. 130.88 TO 155.145) (SHIRUR CROSS T,69 YEKAMBI KUMTA,,,2024-04,2024-04,1,1,1.0
PRJ_ACCBFD13B00E,JORAM – KOLORIANG ROAD FROM EXISTING KM122.600 TO KM138.00,"[N24000771],NHIDCL,MEGHALAYA",,,2024-02,2024-02,1,1,1.0
PRJ_ACCF494D5489,SHYAMSUNDARPUR UG INCLUDING,COAL,,,2023-09,2023-09,1,1,1.0
PRJ_ACD1DF40B07F,CONSTRUCTION OF TWO LANE WITH PAVED SHOULDER OF SELLING-DULTE SECTION OF NH-06,PRADESH,,,2023-10,2023-10,1,1,1.0
PRJ_AD04615763B7,WIDENING/IMPROVEMENT TO 4- LANE WITH PAVED SHOULDER FROM KM 0+800 (KANDULIJAN,Road Transport And Highways,,,2024-04,2024-04,1,1,1.0
PRJ_AD7166DDFBF0,4L OF RATNAGIRI - KOLHAPUR SECTION FROM KM 112.340 TO KM,Road Transport And Highways,,,2024-04,2024-04,1,1,1.0
PRJ_ADB828A46E90,KARWANDI TO RAJURI,Road Transport And Highways,,,2024-04,2024-04,1,1,1.0
PRJ_ADF5B4B3ABE3,WIDENING TO EXISTING SINGRE/INTERMEDIATE RANE TO 2 LANE FROM KM 135 TO KM 147 AND FROM KM 156.00 TO -,"[N24000306],MoRTH,MIZORAM",,,2023-05,2023-05,1,1,1.0
PRJ_AE2BE31EE76A,6L ACCESS CONTROLLED GREENFIELD HIGHWAY FROM VANKARAKUNTA 45.700 KM. TO,"[N24001821],NHAI,ANDHRA PRADESH",,,2023-10,2023-10,1,1,1.0
PRJ_AE49BEF89818,TWO/FOUR LANNING OF BRT TIGER RESERVE BOUNDARY TO BANGALORE SECTION OF NH-,National Highways Authority Of India,,,2023-08,2023-08,1,1,1.0
PRJ_AE62D496DD60,DELHI-VADODARA GREENFIELD,Road Transport And Highways,,,2024-04,2024-04,1,1,1.0
PRJ_AE71A3544D82,"CITY GAS DISTRIBUTION (CGD) NETWORK, CUTTACK",Gas Authority Of India Limited,,,2023-10,2023-10,1,1,1.0
PRJ_AE92113E0547,4-LANING OF HAPACHARA - TULUNGIA SECTION,"[N24001337],NHIDCL,SIKKIM",,,2023-08,2023-08,1,1,1.0
PRJ_AF02B647449D,DAYAPAR WIND- III (HYBRID,National Thermal Power Corporation,,,2023-08,2023-08,1,1,1.0
PRJ_AF07CE2749A3,CONSTRUCTION OF 8LANE DIVIDED CARRIAGEWAY STARTING AT SOHNA GURUGRAM ROAD NE 4 NEAR ALIPUR VILLAGE A -,"[N24001701],NHAI,BIHAR",,,2023-09,2023-09,1,1,1.0
PRJ_AF272A919653,KOPARGAON TO SAVALI VIHIR SECTION,FROM WAKHARI TO LORD VITT,,,2024-04,2024-04,1,1,1.0
PRJ_AF2AB32326C1,GC OF NATHDWARA - DEVGARH MADARIYA,Railways,,,2024-04,2024-04,1,1,1.0
PRJ_AF7EDFC55E85,7 NOS PRIORITIZED STPS 1 NO. SPS,WATER RESOURCES,,,2024-02,2024-02,1,1,1.0
PRJ_AFBB5545A98F,REHABILITATION AND UPGRADATION OF NH -565 FROM KM 1.00 TO 86.057 (NAKREKAL TO NAGARJUNSAGAR DAM SECT,Road Transport And Highways,,,2024-04,2024-04,1,1,1.0
PRJ_AFF682104BCB,EXT AND STR. OF EXISTING RUNWAY 08/26 AT TIRUPATI,CIVIL AVIATION,,,2024-03,2024-03,1,1,1.0
PRJ_B016707F7392,(I) CONSTRUCTION OF FOUR/SIX,"[N24001262],NHIDCL,SIKKIM",,,2023-08,2023-08,1,1,1.0
PRJ_B0291BC7D9AB,JARAPADA - BUDHAPANK WITH FLY OVER AT TALCHER ROAD 3RD AND,East Coast Railway,,,2023-10,2023-10,1,1,1.0
PRJ_B04C163A9996,BANGALORE CHENNAI EXPRESSWAY (PHASE-II PKG-II) FROM KM.96.000 TO KM 127.000 (BAIREDDYPALLE TO BANGAR,5,,,2024-04,2024-04,1,1,1.0
PRJ_B05C3FD80EB3,KADAPPA AIRPORT- CONSTRUCTION OF NEW DOMESTIC TERMINAL BUILDING AND MISCELLANEOUS WORKS INCLUDING MA,Civil Aviation,,,2024-04,2024-04,1,1,1.0
PRJ_B133D7AA5FBD,WAKHARI TO KHUDUS PACKAGE2 SANT DNYANESHWAR MAHARAJ PALKHI MARG SECTION OF NH965,FROM WAKHARI TO LORD VITT,,,2024-04,2024-04,1,1,1.0
PRJ_B1691451DFC6,BALANCE WORK OF 4L OF NARIMBANGLO–JATINGA JUNCTION- HARANGAJO ROAD SECTION FROM,"[N24001418],NHAI,PUNJAB",,,2024-01,2024-01,1,1,1.0
PRJ_B16DFECD00CF,WARDHA TO ARVI,FROM WAKHARI TO LORD VITT,,,2024-04,2024-04,1,1,1.0
PRJ_B1CE6513FEA8,4L OF SUHAGADI TO BARDIYA AMRA FROM KM. 89.200 TO KM. 135.351 OF,"[N24001782],NHAI,HARYANA",,,2023-09,2023-09,1,1,1.0
PRJ_B1F2970EFA6D,REHABILITATION AND UPGRADATION TO 2 LANE WITH PAVED SHOULDER OF MOGA (DESIGN CH 0.000) TO MAKHU (DES -,"[N24001883],MoRTH,MAHARASHTRA",,,2024-03,2024-03,1,1,1.0
PRJ_B242277CC148,ADDITIONAL INFRASTRUCTURE AT IISC BANGALORE SH RCC MONOLITHIC FOR MEN WOMEN,Central Public Works Department,,,2023-08,2023-08,1,1,1.0
PRJ_B2607C5CDF66,MALE VILLAGE TO PUNE RAIGARH DISTRICT BORDER,FROM WAKHARI TO LORD VITT,,,2024-04,2024-04,1,1,1.0
PRJ_B272A26D1FFB,REHABILITATION AND UPGRADATION OF LOSARI- MACHAVARAM SECTION FROM KM34/230 TO KM84/550 OF NH214(NH216,CONSTRUCTION OF OTHE,,,2024-04,2024-04,1,1,1.0
PRJ_B2BBAEE053D7,UPGRADATION AND REHABILITATION TO TWO LANE WITH PAVED SHOULDER OF BARMER GHAGARIYA SECTION,PRADESH,,,2023-09,2023-09,1,1,1.0
PRJ_B2D6284B52E0,FOUR LANING OF NH-363 FROM REPALLEWADA (DESIGN KM 40.000/EXISTING KM 288.510) TO,"[N24000556],NHAI,UTTAR PRADESH",,,2023-04,2023-04,1,1,1.0
PRJ_B2FABDEDC833,LIFE EXTENSION OF WALL PLATFORMS OF MUMBAI HIGH AND HEERA FIELDS -,Oil & Natural Gas Corporation Limited,,,2023-10,2023-10,1,1,1.0
PRJ_B3127D197603,4L PS FROM MANDLEM (EXISTING KM. 38.000/DESIGN KM.30.600) TO ATMAKUR (EXISTING,"[N24001573],NHAI,RAJASTHAN",,,2024-03,2024-03,1,1,1.0
PRJ_B353425EA695,CONSTRUCTION OF 4-LANE GREEN,Road Transport And Highways,,,2024-04,2024-04,1,1,1.0
PRJ_B39C6671D5E4,WIDENING TO 2LPS FROM 0/0 TO 119/0 OF NH-157 IN THE STATE OF ODISHA.,CHANDIKHOLE (,,,2024-04,2024-04,1,1,1.0
PRJ_B3B3BDF8711E,4L BANGALORE-CHENNAI EXPRESSWAY FROM KM. 230.000 TO KM. 261.705 OF KANCHEPURAM TO SRIPERUMBUDUR SECT -,"[N24000736],NHAI,ODISHA",,,2023-04,2023-04,1,1,1.0
PRJ_B3C8541D60D2,2-LANING OF CHURACHANDPUR TUIVAI SECTION OF NH-102B (PKG-,"[N24001339],NHIDCL,MEGHALAYA",,,2023-06,2023-06,1,1,1.0
PRJ_B3E7C39123D4,CONSTRUCTION OF FOUR LANE EXPRESSWAY FROM START OF DSIR ZONE OF AHMEDABAD DISTRICT TO ADHELAI VILLAG,Road Transport And Highways,,,2024-04,2024-04,1,1,1.0
PRJ_B3F36F1AD405,FOUR LANING OF 5.122 KM OF NH9(NEW NH 65) FROM KM 269.900(DESIGN CH0.0) TO KM 275/622(DESIGN CH 5.12,CONSTRUCTION OF OTHE,,,2024-04,2024-04,1,1,1.0
PRJ_B3F7501575FB,TRANSMISSION SYSTEM STRENGTHENING FOR SRINAGAR-,POWER,,,2023-06,2023-06,1,1,1.0
PRJ_B4A32A2232C0,ENNORE THIRUVALLUR BENGALURU,Indian Oil Corporation Limited,,,2023-08,2023-08,1,1,1.0
PRJ_B4C833C4AD1D,WIDENING TO INTERMEDIATE/TWO LANE TO 2 LANE WITH PAVED SHOULDER FROM EXISTING CHANAGES KM 112.750 TO,84.12,,,2024-04,2024-04,1,1,1.0
PRJ_B5226D064F27,WIDENING AND UP-GRADATION TO 2-LANE WITH PAVED SHOULDER CONFIGURATION AND GEOMETRIC,"[N24001262],NHIDCL,SIKKIM",,,2023-08,2023-08,1,1,1.0
PRJ_B5289BEF86BD,4L OF UJJAIN TO BADNAWAR FROM,"[N24001418],NHAI,PUNJAB",,,2024-01,2024-01,1,1,1.0
PRJ_B554CEFBBC4E,KHAMMAM-DEVARAPALLE PKG III [4L ACCESS CONTROLLED (GREENFIELD) FROM CHINTAGUDEM VILLAGE TO RECHERLA,RCW,,,2024-04,2024-04,1,1,1.0
PRJ_B58B72FCD91F,REPANPALLI TO SIRONCHA,FROM WAKHARI TO LORD VITT,,,2024-04,2024-04,1,1,1.0
PRJ_B5CE2E02298B,MADURAI-BODINAYAKKANUR,Southern Railway,,,2023-04,2023-04,1,1,1.0
PRJ_B649040524F6,TRANSMISSION SYSTEM FOR EVACUTION OF POWER FROM,POWER,,,2023-09,2023-09,1,1,1.0
PRJ_B6BE92CE3EEC,6L GREENFIELD KALIAGURA – BAUNSAGUAR SECTION OF NH-130- CD ROAD FROM KM 249+000 TO KM 293+000 (PACKAG,Road Transport And Highways,,,2024-04,2024-04,1,1,1.0
PRJ_B6CDE45EB9B6,FOUR LANING OF,"[N24001418],NHAI,PUNJAB",,,2024-01,2024-01,1,1,1.0
PRJ_B6F98C7D7FAA,MULTI-PRODUCT PIPELINE FROM KRISHNAPATNAM COASTAL INSTALLATION TO THE PROPOSED INSTALLATION AT HYDER,PETROLEUM,BPCL,ANDHRA PRADESH,2024-06,2024-06,1,1,1.0
PRJ_B70C3105889B,4/6L OF SPUR TO HARIDWAR (GREENFIELD) FROM KM. 0.000 TO,"[N24000619],NHAI,ODISHA",,,2023-10,2023-10,1,1,1.0
PRJ_B7251CE01AB1,KODINGAMALI BAUXITE MINES TO,East Coast Railway,,,2023-08,2023-08,1,1,1.0
PRJ_B74617CC8B9F,CONSTUCTION/UPGRADATION OF EXISTING HIGHWAY TO 2 LANE WITH,PRADESH,,,2023-10,2023-10,1,1,1.0
PRJ_B773D0B61173,SIX LANING FROM KAPPIRIKKAD TO THALIKULAM SECTION OF NH – 66 (OLD NH-17) FROM DESIGN CH.,"[N24001573],NHAI,RAJASTHAN",,,2024-03,2024-03,1,1,1.0
PRJ_B7EA9EBF7EB0,CONSTRUCTION OF SIGNATURE BRIDGE BETWEEN DWARKA AND BEY DWARKA AND ITS APPROACHES IN THE STATE OF GU,Road Transport And Highways,,,2024-04,2024-04,1,1,1.0
PRJ_B7F73DAF325B,KHAMMAM-DEVARAPALLE PKG I [4L ACCESS CONTROLLED (GREENFIELD) FROM THALLAMPADU VILLAGE TO SOMAVARAM,Road Transport And Highways,,,2024-04,2024-04,1,1,1.0
PRJ_B806AA2F0529,REHABILITATION AND,"[N24001387],MoRTH,KARNATAKA",,,2023-06,2023-06,1,1,1.0
PRJ_B841B22C73A5,DELHI-VADODARA GREENFIELD ALIGNMENT (NH-148N) (PKG-12) (CH. 331.030 TO CH. 359.170) [MAJOR BRIDGE ON -,PRADESH,,,2023-05,2023-05,1,1,1.0
PRJ_B8511A31F145,WIDENING AND STRENGTHENING OF EXISTING 2-LANE TO 2-LANE WITH PAVED SHOULDERS FROM KM.159/0 TO 165/4,RCW,,,2024-04,2024-04,1,1,1.0
PRJ_B876C9DBE7F1,CONSTRUCTION OF MAJOR BRIDGE AT KM 180.865 ACROSS RIVER KRISHNA ON NH-167 HAGARI – JADERCELA SECTION,84.12,,,2024-04,2024-04,1,1,1.0
PRJ_B8BED9AED8BA,REHABILITATION AND UP- GRADATION OF JINTUR- SHIRAD SHAHAPUR SECTION KM 258.300 TO KM 306.300 [DESIGN,Road Transport And Highways,,,2024-04,2024-04,1,1,1.0
PRJ_B95BE02ED6A4,COMPLETION OF BALANCE WORKS PENDING IN BIT AND PIECES (INCOMPLETE STRETCH AT 7 LOCATIONS) AND LISTED,MUPPAVARAM (CH.343+240) O,,,2024-04,2024-04,1,1,1.0
PRJ_B98BA0435CF4,MOHOL TO WAKHARI PACKAGE1,Road Transport And Highways,,,2024-04,2024-04,1,1,1.0
PRJ_B9D0C7CE72E8,DELHI-VADODARA GREENFIELD ALIGNMENT (NH-148N) (PKG-16) (CH. 427.300 TO CH.452.420) [MAJOR BRIDGE OVE -,"[N24001719],NHAI,TAMIL NADU",,,2023-04,2023-04,1,1,1.0
PRJ_BA0DA01809F6,REHABILITATION AND UPGRADATION OF CUTTACK ANGUL SECTION OF NH-42 (NEW NH-55) TO 4 LANE (KM. 0+400 TO -,"[N24001484],NHAI,TELANGANA",,,2023-09,2023-09,1,1,1.0
PRJ_BA19CDC96C0F,6L WITH ACCESS CONTROL PROVISION SAHARANPUR BYPASS,"[N24001560],NHAI,RAJASTHAN",,,2023-04,2023-04,1,1,1.0
PRJ_BA222F7EFD7A,REHABILITATION AND UPGRADATION OF SATANA TO MANGRUL (CHANDWAD) SECTION OF NH752 G DESIGN CH: KM 64.0,FROM WAKHARI TO LORD VITT,,,2024-04,2024-04,1,1,1.0
PRJ_BAB350FDB871,WIDENING AND STRENGTHENING OF EXISTING 2-LANE TO 2-LANE WITH PAVED SHOULDERS FROM KM.159/0 TO 165/4,Road Transport And Highways,,,2024-04,2024-04,1,1,1.0
PRJ_BABDFF9A1D07,REHABILITATION AND UP- GRADATION OF MUDKHED TO NANDED SECTION FROM KM. 372+000 TO KM 388+400 OF NH 16,Road Transport And Highways,,,2024-04,2024-04,1,1,1.0
PRJ_BAC55157EAC7,REHABILITATION AND UP- GRADATION TO 4-LANING OF RAJAMUNDA-BARKOTE SECTION OF NH-23 (NEW NH NO. 143) (,Road Transport And Highways,,,2024-04,2024-04,1,1,1.0
PRJ_BAEBE420D250,UP-GRADATION TO 4-LANE WITH PAVED SHOULDER OF JAMMU- AKHNOOR ROAD SECTION OF NH- 144A FROM GANESH VIHA,CHAINAGE KM 102 TO KM 13,,,2024-04,2024-04,1,1,1.0
PRJ_BB10472B480E,4L OF TWIN TUBE TUNNEL CONFIGURATION INCLUDING APPROACHES FROM MAROG TO DIGDOL (FROM KM.154.210 TO K,AND HIGHWAYS,NHAI,JAMMU AND KASHMIR,2024-06,2024-06,1,1,1.0
PRJ_BB5D1C399CA3,WIDENING AND UP-GRADATION TO 2-LANE WITH PAVED SHOULDER CONFIGURATION AND GEOMETRIC,"[N24001828],MoRTH,TAMIL NADU",,,2024-03,2024-03,1,1,1.0
PRJ_BB66F63D803A,REHABILITATION AND UP GRADATION FROM 4 TO 8 LANING OF CHANDIKHOLE PARADIP SECTION OF NH 53 FROM KM. -,"[N24000771],NHIDCL,MEGHALAYA",,,2024-02,2024-02,1,1,1.0
PRJ_BB6D03F925EC,FOUR LANING OF PURULIYA BYPASS SECTION OF NH 32 IN THE STATE OF WEST BENGAL ON EPC MODE -,"[N24001264],NHIDCL,JAMMU AND KASHMIR",,,2023-07,2023-07,1,1,1.0
PRJ_BB7620412359,WADI TO ASOLA,FROM WAKHARI TO LORD VITT,,,2024-04,2024-04,1,1,1.0
PRJ_BBA33C4D4754,WIDENING/IMPROVEMENT TO 4- LANE WITH PAVED SHOULDER FROM KM 27+701 (SIMEN CHAPORI) TO KM 55+000 (NAG,GAON) TO KM 27+701 (SI,,,2024-04,2024-04,1,1,1.0
PRJ_BBA56C99BD59,NH167B FROM KM.143.320 MALAKONDA TO 189.050 SINGARAYAKONDA ON NH 16 TO TWO LANE WITH PAVED SHOULDERS,CONSTRUCTION OF OTHE,,,2024-04,2024-04,1,1,1.0
PRJ_BBCC0A496C1B,NORTH TISRA AND SOUTH TISRA EXPANSION OCP,COAL,,,2024-03,2024-03,1,1,1.0
PRJ_BC0789B3D83C,WORK OF WIDENING/UPGRADATION OF 2-LANE WITH PAVED SHOULDER OF SRI MUKTSAR SAHIB TO MALOUT,"[N24000444],MoRTH,GOA",,,2024-03,2024-03,1,1,1.0
PRJ_BC090BD1145F,CONSTRUCTION AND UPGRADATION OF EXISTING ROAD TO 2-LANE WITH PAVED SHOULDER FROM NEW ROLEP BRIDGE AT -,"[N24001262],NHIDCL,SIKKIM",,,2023-08,2023-08,1,1,1.0
PRJ_BC1D9E79094A,4L+PS OF RAS-BEAWAR SECTION,"[N24001883],MoRTH,MAHARASHTRA",,,2024-03,2024-03,1,1,1.0
PRJ_BC2D4D38C121,4-LANNING OF TARSOD- FAGNE(FROM KM 422.700-510.00),"[N24001762],NHAI,MADHYA PRADESH",,,2023-05,2023-05,1,1,1.0
PRJ_BC4A10178589,BHATINDA SANGRUR PIPELINE,Petroleum,,,2024-04,2024-04,1,1,1.0
PRJ_BCA078D93E87,"4L BYPASSES FOR JAGATPUR,","[N24001983],NHAI,ANDHRA PRADESH",,,2024-03,2024-03,1,1,1.0
PRJ_BCABF16BCAC1,BALANCE WORK OF 4- LANING OF,"[N24001569],NHAI,RAJASTHAN",,,2023-05,2023-05,1,1,1.0
PRJ_BD1F25857CC5,CONSTRUCTION OF 4 LANE WITH PAVED SHOULDERS THIRUVAYARU BYPASS IN BETWEEN EXISTING,ROAD TRANSPORT AND HIGHWAYS,,,2023-05,2023-05,1,1,1.0
PRJ_BD59875122E3,RISHI BORDER- ROLEP- MENLA PKG- 3B,INCLUDING GEOMETRIC IMPROV,,,2024-04,2024-04,1,1,1.0
PRJ_BD76F6B83ACA,"SECOND GENERATION ETHANOL BIOREFINERY PROJECT, BATHINDA,",Hindustan Petroleum Corporation Limited,,,2023-08,2023-08,1,1,1.0
PRJ_BDC1AD6E8A30,FOUR LANING OF MOGA TO BAJAKHANA LAMBWALI SECTION OF 105B GREENFIELD ALIGNMENT FROM DESIGN CHAINAGE -,"[N24001594],NHAI,JHARKHAND",,,2023-08,2023-08,1,1,1.0
PRJ_BE0F47CE291F,KUMBHARI PHTA TO DEULGAON RAJA,Road Transport And Highways,,,2024-04,2024-04,1,1,1.0
PRJ_BE253F07705C,AMALGAMATED YEKONA-I YEKONA-,COAL,,,2024-01,2024-01,1,1,1.0
PRJ_BE2D666096AE,REHABILITATION AND UPGRADATION OF PARLI TO SIRSALA SECTION OF NH-361F (KM 136+700 TO 115+000) (LENGT,FROM WAKHARI TO LORD VITT,,,2024-04,2024-04,1,1,1.0
PRJ_BE35B6BFFF70,REHABILITATION AND UPGRADATION TO 2 LANE WITH PAVED SHOULDER FROM EXISTING CHAINAGE KM 134.95 TO KM,CHAINAGE KM 102 TO KM 13,,,2024-04,2024-04,1,1,1.0
PRJ_BE43F64C0888,CONSTRUCTION OF TWO LANE WITH PAVED,Road Transport And Highways,,,2024-04,2024-04,1,1,1.0
PRJ_BE7788BFBDB0,BELAKERI PORT TO KUMTA - SIRSI ROAD FROM KM 0.00 - KM 4.265 OF BELEKERI PORT ROAD LINK RD. AND KM 4.,Road Transport And Highways,,,2024-04,2024-04,1,1,1.0
PRJ_BE7B21985E2C,4-LANNING OF STHIYATHOPU-,Road Transport And Highways,,,2024-04,2024-04,1,1,1.0
PRJ_BE7E9C301B78,CHITRA EAST (RCE) OCP,Eastern Coal Fields Limited,,,2023-08,2023-08,1,1,1.0
PRJ_BE97F44E58A0,CONSTRUCTION OF FOUR LANE PINJORE BYPASS FROM KM 0.00 TO,ROAD TRANSPORT AND HIGHWAYS,,,2023-05,2023-05,1,1,1.0
PRJ_BE9EA9E71013,SYSTEM STRENGTHENING SCHEME FOR EASTERN AND NORTH,POWER,,,2023-06,2023-06,1,1,1.0
PRJ_BED94136FF8C,IMPROVEMENT OF 2 LANE WITH PAVED SHOULDER OF STRETCH FROM BIKRAMGANJ DAWATH MELAYABAGH NAWANAGR -DUM,AND HIGHWAYS,MoRTH,BIHAR,2024-06,2024-06,1,1,1.0
PRJ_BEFDAFAC7600,CITY GAS DISTRIBUTION IN UP AND,PETROLEUM,,,2023-07,2023-07,1,1,1.0
PRJ_BF35A62E0324,REHABILITATION AND UPGRADATION OF NH-167 FROM DESIGN KM.113.900 TO 154.479 (MALLEPALLY - HALIYA SECT,Road Transport And Highways,,,2024-04,2024-04,1,1,1.0
PRJ_BF3E75FF7D77,REHABILITATION AND UP GRADATION OF 2 LANE/ 2 LANE,"[N24001480],MoRTH,UTTAR PRADESH",,,2023-06,2023-06,1,1,1.0
PRJ_BF5DC31E6911,WIDENING TO 2 LANE WITH PAVED SHOULDERS FROM DESIGN KM 103.200 (EXISTING KM 103.200) TO DESIGN KM 11,69 YEKAMBI KUMTA,,,2024-04,2024-04,1,1,1.0
PRJ_BFA37E43DE2E,REHABILITATION AND UP- GRADATION TO 4 LANE ROAD WITH PAVED SHOULDER CONFIGURATION OF SECTION FROM UND,Road Transport And Highways,,,2024-04,2024-04,1,1,1.0
PRJ_C055563436FE,REHABILITATION AND UPGRADATION TO 2 LANE WITH PAVED SHOULDER OF MOGA (DESIGN CH 0.000) TO MAKHU (DES,DESIGN KM. 0.750 TO DESI,,,2024-04,2024-04,1,1,1.0
PRJ_C06B06F5F23F,SANGARIYA (NEAR CHAUTALA)- RASISAR (NEAR BIKANER) (PHASE-I) (AJ/SR-PACKAGE-1),Road Transport And Highways,,,2024-04,2024-04,1,1,1.0
PRJ_C0C9B32C6931,FOUR LANING OF PURULIYA BYPASS SECTION OF NH 32 IN THE STATE OF WEST BENGAL ON EPC MODE,Road Transport And Highways,,,2024-04,2024-04,1,1,1.0
PRJ_C0CA3084AD2E,6 L OF AURANGABAD TO BIHAR-,"[N24000583],NHIDCL,ASSAM",,,2023-09,2023-09,1,1,1.0
PRJ_C0D3954E91C4,REHABILITATION AND UPGRADATION OF EXISTING NH-167 FROM KM 14.900 TO KM 70.00,"[N24001289],MoRTH,ARUNACHAL PRADESH",,,2023-04,2023-04,1,1,1.0
PRJ_C106F7A8C012,CONSTRUCTION OF 8LANE DIVIDED CARRIAGEWAY STARTING AT SOHNA GURUGRAM ROAD NE 4 NEAR ALIPUR VILLAGE A,Road Transport And Highways,,,2024-04,2024-04,1,1,1.0
PRJ_C10EC0FF1DF8,"CONSTRUCTION OF IITB RESEARCH PARK AT IIT BOMBAY, POWAI,",DEPARTMENT OF HIGHER EDUCATION,,,2023-07,2023-07,1,1,1.0
PRJ_C1175D464F3C,PROJECTS- REHABILITATION AND UPGRADATION OF NH-731A FROM KM 0.00 TO KM.35.00,Road Transport And Highways,,,2024-04,2024-04,1,1,1.0
PRJ_C12188E13F7C,CONSTRUCTION OF 4 LANE BANGALORE - CHENNAI EXPRESSWAY FROM KM 26.400 TO KM 53.500 SECTION OF NE-7 (M,84.12,,,2024-04,2024-04,1,1,1.0
PRJ_C14E85B67E81,SIX LANING OF HAPUR BYPASS TO MORADABAD SECTION INCLUDING,National Highways Authority Of India,,,2023-08,2023-08,1,1,1.0
PRJ_C1528C92816C,UPGRADATION TO TWO LANE PAVED SHOULDER OF KOTHUN- LALSOT-KAROLI-DHOLPUR ROAD NH-23 (OLD NH-11B) IN TH,BALANCE WORK FRO,,,2024-04,2024-04,1,1,1.0
PRJ_C1DE918F5472,CONSTRUCTION OF 4 LANE ELEVATED SECTION AND AT- GRADE IMPROVEMENTS AT,Road Transport And Highways,,,2024-04,2024-04,1,1,1.0
PRJ_C23571978535,"IMPROVEMENT AND UP-GRADATION OF EXISTING ROAD TO 4L PS FROM KM 175.080 TO 229.070, FROM END OF HARDO",DISTRICT) TO RANIPUR,,,2024-04,2024-04,1,1,1.0
PRJ_C25055840880,WARDHA-BALHARSHAH - 3RD LINE,137 A,,,2024-04,2024-04,1,1,1.0
PRJ_C2DBC7563CCB,WIDENING AND STRENGTHENING,PRADESH,,,2023-09,2023-09,1,1,1.0
PRJ_C2F7544598CC,CONSTRUCTION OF 2-LANE WITH PAVED SHOULDER OF NEW GREEN FIELD ALIGNMENT FROM CHOCHENPHERI AT KM 52.0,INCLUDING GEOMETRIC IMPROV,,,2024-04,2024-04,1,1,1.0
PRJ_C307BF67ACDB,4L OF HARDA - BETUL (PKG-II) FROM KM. 30.00 TO KM.81.00 [TEMAGAON,"[N24001418],NHAI,PUNJAB",,,2024-01,2024-01,1,1,1.0
PRJ_C3616BF3D780,REHABILITATION AND UPGRADATION OF NH-167 FROM DESIGN KM.113.900 TO 154.479 (MALLEPALLY - HALIYA SECT,RCW,,,2024-04,2024-04,1,1,1.0
PRJ_C3A6937D4F47,4L OF RAJURA-KORPANA-ADILABAD ROAD UPTO M.S. BORDER FROM KM 32.910 TO KM 89.090 OF NH-353B,Road Transport And Highways,,,2024-04,2024-04,1,1,1.0
PRJ_C3AC2D7FCC54,MUMBAI NAGPUR JHARSUGUDA PIPELINE PROJECT,Gas Authority Of India Limited,,,2023-08,2023-08,1,1,1.0
PRJ_C3AEC05EB807,CONSTRUCTION OF PARTIALLY ACESS CONTROLLED FOUR LANE ELEVATED HIGHWAY BETWEEN SAMRALA CHOWK (DESIGN -,"[N24001569],NHAI,RAJASTHAN",,,2023-05,2023-05,1,1,1.0
PRJ_C3D6E984648E,NH167B FROM KM 99.103 CS PURAM TO KM 143.320 MALAKONDA TO 2LPS,5,,,2024-04,2024-04,1,1,1.0
PRJ_C3FB4B00BF32,WIDENING TO 2 LANE WITH PAVED SHOULDERS OF SIDDIPET- ELKATHURTHY SECTION FROM KM 69/978 TO KM 133/6,RCW,,,2024-04,2024-04,1,1,1.0
PRJ_C4054748A11A,REHABILITATION AND UPGRADATION OF CUTTACK ANGUL SECTION OF NH-42 (NEW NH-55) TO 4 LANE (KM. 0+400 TO,Road Transport And Highways,,,2024-04,2024-04,1,1,1.0
PRJ_C49F3034C8AE,SILLOD TO FARDAPUR,Road Transport And Highways,,,2024-04,2024-04,1,1,1.0
PRJ_C56BF1907D83,CONSTRUCTION AND UPGRADATION OFEXISTINGROAD TO 2-LANE WITH PAVED SHOULDER INCLUDING,Road Transport And Highways,,,2024-04,2024-04,1,1,1.0
PRJ_C58A2F210B1F,CITY GAS DISTRIBUTION NETWORK,Bharat Petroleum Corporation Limited,,,2023-04,2023-04,1,1,1.0
PRJ_C5ADC3D04155,FOUR LANING OF MUNGER TO MIRZACHAUKI (NH-80) SECTION FROM START OF EXISTING BHAGALPUR BYPASS TO RASU -,"[N24001653],NHAI,KERALA",,,2023-09,2023-09,1,1,1.0
PRJ_C5B8768CC376,REHABILITATION AND UPGRADATION OF NH219(NEW NH42) FROM KM 244.930 TO 299.775 (MADANAPALLI PUNGANURU,CONSTRUCTION OF OTHE,,,2024-04,2024-04,1,1,1.0
PRJ_C5BF62591304,WIDENING TO TWO LANE WITH PAVED SHOULDERS FROM KM 0/000 TO KM 79/300 OF KALWAKURTHY - KOLLAPUR SECTI,RCW,,,2024-04,2024-04,1,1,1.0
PRJ_C618E8F6BAE2,SANGARIYA (NEAR CHAUTALA)- RASISAR (NEAR BIKANER) (PHASE-I) (AJ/SR-PACKAGE-2),Road Transport And Highways,,,2024-04,2024-04,1,1,1.0
PRJ_C64ACFC461B4,4L BANGALORE- CHENNAI EXPRESSWAY FROM KM. 230.000 TO KM. 261.705 OF KANCHEPURAM TO SRIPERUMBUDUR SECT,AND HIGHWAYS,NHAI,TAMIL NADU,2024-06,2024-06,1,1,1.0
PRJ_C6610B7FC5A5,BAKHTIYARPUR RAJAULI PKG-III FROM KM 101.630 TO KM 152.520,"[N24001709],NHAI,BIHAR",,,2023-07,2023-07,1,1,1.0
PRJ_C66B308EDF5D,"CONSTRUCTION OF DOMESTIC PASSENGER TERMINAL BUILDING AT DEHRADUN AIRPORT,",CIVIL AVIATION,,,2024-03,2024-03,1,1,1.0
PRJ_C69AC3D85620,WIDENING OF PACHPADRA- BAGUNDI SECTION TO 4 LANE FROM KM 73/60 TO 95/70 OF NH-25 ON EPC MODE IN THE,Road Transport And Highways,,,2024-04,2024-04,1,1,1.0
PRJ_C6A1715D5412,REHABILITATION AND UPGRADATION TO 2-LANE CONFIGURATION OF HAMIRPUR- KARNOHAL SECTION (KM 141.000 TO,ROAD TRANSPORT AND HIGHWAYS,,,2024-02,2024-02,1,1,1.0
PRJ_C6AB31D9B130,REHABILITATION AND UPGRADATION OF NH219(NEW NH42) FROM KM 244.930 TO 299.775 (MADANAPALLI PUNGANURU,5,,,2024-04,2024-04,1,1,1.0
PRJ_C6BF876D60DD,CONSTRUCTION OF ROB WITH APPROACHES IN LIEU OF L C NO 165 OF AHMEDABAD PALANPUR,PRADESH,,,2023-09,2023-09,1,1,1.0
PRJ_C6F628907F13,6L OF PONDAVAKKAM TO KANNIGAIPAIR FROM KM 96.040 TO KM 116.100 OF NH 716B,MUPPAVARAM (CH.343+240) O,,,2024-04,2024-04,1,1,1.0
PRJ_C70CD6A8541A,KHUDUS TO DHARAMPURI PACKAGE 3 SANT DNYANESHWAR MAHARAJ PALKHI MARG SECTION OF NH965,Road Transport And Highways,,,2024-04,2024-04,1,1,1.0
PRJ_C7187E549B48,REHABILITATION AND UPGRADATION OF NH-167 FROM DESIGN KM.187.723 TO 234.434 (MIRYALAGUDA TO KODAD SEC -,PRADESH,,,2024-02,2024-02,1,1,1.0
PRJ_C752073E4803,CONSTRUCTION OF TWO PRODUCED WATER TREATMENT,PETROLEUM,,,2023-09,2023-09,1,1,1.0
PRJ_C760BB9A46E9,6L OF VARADHARAJULA TO KUMARAJAPET FROM KM 0.000 TO KM 43.800 OF NH-716B,5,,,2024-04,2024-04,1,1,1.0
PRJ_C79D2CAA722A,INTEGRATED STRUCTURE WITH DEVELOPMENT OF OTHER ALLIED STRUCTURES ON BOTH SIDES OF CHANDNI CHOWK JUNC,INTEGRATED STRUCTURE WITH DEVELOPMENT OF OTHER ALLIED STRUCTURES ON BOTH SIDES OF CHANDNI CHOWK JUNC (NHAI ),NHAI,HIGHWAYS,2024-06,2024-06,1,1,1.0
PRJ_C7A1F28AD6D2,"IMPROVEMENT AND UP-GRADATION OF EXISTING ROAD TO 4L PS FROM KM 229.070 TO 260.800, END OF HARDOI DIS",Road Transport And Highways,,,2024-04,2024-04,1,1,1.0
PRJ_C835EC5C400C,FOUR LANING OF DANGIAWAS (KM 96.595 TO NH-112) TO JAJIWAL (KM 283.500 OF NH 65 NAGAUR ROAD) SECTIO,WITH M,,,2024-04,2024-04,1,1,1.0
PRJ_C8D6CF6E090E,WAKAN PALI KHOPOLI,FROM WAKHARI TO LORD VITT,,,2024-04,2024-04,1,1,1.0
PRJ_C9466CF7A233,UPGRADATION AND REHABILITATION TO TWO LANE WITH PAVED SHOULDER OF BARMER GHAGARIYA SECTION FROM KM 0,Road Transport And Highways,,,2024-04,2024-04,1,1,1.0
PRJ_C94762F3E140,UPGRADATIOBN AND REHABILITATION OF SECTION OF NH 361 F FROM PARLI (00/000) TO,PRADESH,,,2023-09,2023-09,1,1,1.0
PRJ_C99FD82273D5,VADODARA MUMBAI EXPRESSWAY,"[N24001749],NHAI,WEST BENGAL",,,2023-07,2023-07,1,1,1.0
PRJ_CA7CEB49E8EA,KANPUR LUCKNOW EXPRESSWAY PKG-1 CONSTRUCTION OF 6-LANE TO EIGHT LANE OF KANPUR LUCKNOW EXPRESSWAY (N,DISTRICT) TO RANIPUR,,,2024-04,2024-04,1,1,1.0
PRJ_CA9AC2D36225,SIX LANING OF HAPUR BYPASS TO MORADABAD SECTION INCLUDING HAPUR BYPASS FROM KM 50.000 (DESIGN CHAINA,Road Transport And Highways,,,2024-04,2024-04,1,1,1.0
PRJ_CAC36E5AC722,MANSAR TO SALAIKHURD,FROM WAKHARI TO LORD VITT,,,2024-04,2024-04,1,1,1.0
PRJ_CACDEE75C6B4,JIRIBAM TO IMPHAL (TUPUI)(NL),North East Frontier Railway,,,2023-10,2023-10,1,1,1.0
PRJ_CB0DD6E7BEAD,CONSTRUCTION OF ADDITIONAL 3 LANE WITH PAVED SHOULDER (DESIGN LENGTH 8.87 KM) AS,"[N24000771],NHIDCL,MEGHALAYA",,,2024-02,2024-02,1,1,1.0
PRJ_CB29C30EC46B,DELHI AMRITSAR KATRA EXPRESSWAY PHASE I SPUR III FROM JUNCTION WITH AMRITSAR,"[N24000771],NHIDCL,MEGHALAYA",,,2024-02,2024-02,1,1,1.0
PRJ_CB3794741E08,SIX LANING OF HAPUR BYPASS TO MORADABAD SECTION INCLUDING HAPUR BYPASS FROM KM 50.000 (DESIGN CHAINA,DISTRICT) TO RANIPUR,,,2024-04,2024-04,1,1,1.0
PRJ_CB43D9A2B304,VADODARA MUMBAI EXPRESSWAY (PHASE II - PKG XIII) [KM. 26.582 TO KM. 50.700],Road Transport And Highways,,,2024-04,2024-04,1,1,1.0
PRJ_CB9309C57F5D,CONSTRUCTION OF 4 LANE ACCESS CONTROLLED HIGHWAY FROM CHILLAKURU CROSS ROAD TO TURPUKANUPUR KM 0+000,CONSTRUCTION OF OTHE,,,2024-04,2024-04,1,1,1.0
PRJ_CBDAC612D27F,WIDENING AND STRENGTHENING TO 2/4 LANE WITH PAVED SHOULDERS OF MAHABUBNAGAR – CHINCHOLI SECTION FROM,RCW,,,2024-04,2024-04,1,1,1.0
PRJ_CBFB7FB8AE86,TUNNEL AT KHAMBATAKI GHAT SECTION AND ITS APPROACHES FROM EXISTING KM. 771.730 TO EXISTING KM. 782.0,FROM WAKHARI TO LORD VITT,,,2024-04,2024-04,1,1,1.0
PRJ_CC0C2DF412CC,REHABILITATION AND UPGRADATION OF NEW NH-544DD FROM DESIGN CHAINAGE KM 56.00 TO 102.20 OF KALYANDURG,CONSTRUCTION OF OTHE,,,2024-04,2024-04,1,1,1.0
PRJ_CC1FE93247CF,QUADRUPLING BETWEEN,Western Railway,,,2023-10,2023-10,1,1,1.0
PRJ_CC2AB4B5F87B,RESIDENTIALCOMPLEX AND OPD,HEALTH AND FAMILY WELFARE,,,2023-05,2023-05,1,1,1.0
PRJ_CC2D3C019E69,"FOUR LANING OF EXISTING 2 LANE SECTION FROM MALOUT (DESIGN KM 44.500, EXISTING KM 80.200 OF NH-07) V",Road Transport And Highways,,,2024-04,2024-04,1,1,1.0
PRJ_CC3455350D5A,CONSTRUCTION OF NEW INTEGRATED TERMINAL,Civil Aviation,,,2024-04,2024-04,1,1,1.0
PRJ_CC7FAAF04F34,CONSTRUCTION OF BYPASS TO NAYAGARH TOWN FROM KM 235.469 TO 252.482 OF NH-57 INCLUDING,"[N24001386],MoRTH,ANDHRA PRADESH",,,2023-10,2023-10,1,1,1.0
PRJ_CC9D199BCAF1,"GRASS ROOT RAIL FED DEPOT AT SEKERKOTE, AGARTALA AS RESITEMENT OF EXISTING",Petroleum,,,2024-04,2024-04,1,1,1.0
PRJ_CCB1993A4C5E,RECONSTRUCTION WITH GEOMETRIC IMPROVEMENT OF EXISTING SINGLE/INTERMEDIATE,"[N24001289],MoRTH,ARUNACHAL PRADESH",,,2023-04,2023-04,1,1,1.0
PRJ_CD23D54B79B7,FORMATION OF BYPASS ROAD TO KADIRI TOWN FROM ON NH42,5,,,2024-04,2024-04,1,1,1.0
PRJ_CD429ED7F8B8,CONSTRUCTION OF 8 LANE DWARKA EXPRESSWAY (NH-248BB PACKAGE IV FROM RAIL OVER BRIDGE (ROB) TILL END P -,"[N24000765],NHIDCL,NAGALAND",,,2024-01,2024-01,1,1,1.0
PRJ_CD8924E3BC3F,REHABILITATION AND UPGRADATION OF EXISTING NH-565 FROM KM.86.057 TO 133.922 OF NAGARJUNASAGAR DAM T,CONSTRUCTION OF OTHE,,,2024-04,2024-04,1,1,1.0
PRJ_CD899EBF5CD9,ATF PIPELINE FROM JAWAHARLAL NEHRU PORT TRUST (JNPT) TO NAVI,Indian Oil Corporation Limited,,,2023-10,2023-10,1,1,1.0
PRJ_CD97FABB74BC,SAHJANWA - DOHRIGHAT,North Eastern Railway,,,2023-08,2023-08,1,1,1.0
PRJ_CDA70C27ECE7,FOUR LANING OF VILUPPURAM TO PUDHUCHERRY (DESIGN CH. KM. 00/000 TO KM. 29/000) SECTION OF,"[N24001588],NHAI,CHHATTISGARH",,,2024-02,2024-02,1,1,1.0
PRJ_CDC66FFB6175,SELDOH TO PANVAR,"[N24001467],MoRTH,NAGALAND",,,2023-05,2023-05,1,1,1.0
PRJ_CE1A0D1C750F,4L OF HP/PUNJAB BO4L OF,"[N24001213],NHAI,MADHYA PRADESH",,,2023-06,2023-06,1,1,1.0
PRJ_CE2635512302,WIDENING TO EXISTING 2 LANE WITH PAVED SHOULDER TO 4 LANE WITH PAVED SHOULDER FROM DESIGN KM 153.00,84.12,,,2024-04,2024-04,1,1,1.0
PRJ_CE54DCD5A818,CONSTRUCTION OF 6-LANE,Road Transport And Highways,,,2024-04,2024-04,1,1,1.0
PRJ_CE5FF58362CE,REHABILITATION AND UPGRADATION OF DHINDI- DIGAMARRU SECTION FROM KM126/510 TO KM135/740 OF NH214(NH21,CONSTRUCTION OF OTHE,,,2024-04,2024-04,1,1,1.0
PRJ_CE89FEBE61C8,UP-GRADATION TO 4 LANING OF DAULTABAD T-POINT TO MALIWADA [FROM DESIGN KM.0.000 TO KM 4.000] AND UPG,Road Transport And Highways,,,2024-04,2024-04,1,1,1.0
PRJ_CE8B594D2952,UPGRADATION OF TWO LANE PAVED SHOULDER FROM SHAHPURA TO THANAGAZI OF NH- 248A ON EPC MODE IN THE STAT,BALANCE WORK FRO,,,2024-04,2024-04,1,1,1.0
PRJ_CF0B95779A08,CONSTRUCTION OF TWO LANE WITH HARD SHOULDERS OF MERANGKONG-TAMLU-MON ROAD,"[N24001339],NHIDCL,MEGHALAYA",,,2023-06,2023-06,1,1,1.0
PRJ_CF217E0D0136,WIDENING OF PACHPADRA- BAGUNDI SECTION TO 4 LANE FROM KM 73/60 TO 95/70 OF NH-25 ON EPC MODE IN THE,BALANCE WORK FRO,,,2024-04,2024-04,1,1,1.0
PRJ_CF2F69A90BED,WIDENING TO 2 LANE WITH PAVED SHOULDERS FROM KM 116.800 TO 149.070(DESIGN CHANGES) ON HOSADURGA HOL,69 YEKAMBI KUMTA,,,2024-04,2024-04,1,1,1.0
PRJ_CF5329B87E0C,WIDENING AND PAVED SHOULDER OF TOHANA (IN HARYANA) PUNJAB/HARYANA BORDER TO MOONAK-JAKHAL-BUDHLADA,DESIGN KM. 0.750 TO DESI,,,2024-04,2024-04,1,1,1.0
PRJ_CF6F2FE257C1,WIDENING TO EXISTING,"[N24001216],MoRTH,JHARKHAND",,,2023-10,2023-10,1,1,1.0
PRJ_CF6FC5867CF9,CONSTRUCTION OF TWO LANE WITH PAVED SHOULDER FROM KM.0 TO KM. 80 ON NH 548B (VIJAYAPURA-SANKESWAR SE,84.12,,,2024-04,2024-04,1,1,1.0
PRJ_CFB1FD8329C6,CONSTRUCTION OF 2-LANE ROAD WITH PAVED SHOULDERS FROM KM16.00 OF ROING-HUNLI SECTION,"[N24000868],NHIDCL,JAMMU AND KASHMIR",,,2023-07,2023-07,1,1,1.0
PRJ_D02969CF8055,CONSTRUCTION OF GURGAON - PATAUDI - REWARI SECTION OF NH- 352W (DESIGN LENGTH 46.11 KM) AS,"[N24001418],NHAI,PUNJAB",,,2024-01,2024-01,1,1,1.0
PRJ_D03B327225E6,CONSTRUCTION OF 4-LANE HIGHWAY FROM SAMARLAKOTA TO ACHAMPETA JUNCTION (FROM KM. 0.000 TO KM. 12.250,CONSTRUCTION OF OTHE,,,2024-04,2024-04,1,1,1.0
PRJ_D03CBC0C813D,"CGD PROJECT AT MUZAFFARPUR, VAISHALI, SARAN AND SAMASTIPUR DISTRICTS",Petroleum,,,2024-04,2024-04,1,1,1.0
PRJ_D05EDF6115A3,DULTE- KWALKULH - CHAMPAI PKG.3,"[N24000771],NHIDCL,MEGHALAYA",,,2024-02,2024-02,1,1,1.0
PRJ_D0635CC5215B,6L ACCESS CONTROLLED,"[N24001418],NHAI,PUNJAB",,,2024-01,2024-01,1,1,1.0
PRJ_D07B296D06F3,SOLAPUR-TULJAPUR-OSMANABAD,Railways,,,2024-04,2024-04,1,1,1.0
PRJ_D0A92B188B05,2LPS OF BIJNOR TO KOTAWALI,Road Transport And Highways,,,2024-04,2024-04,1,1,1.0
PRJ_D0C7FF6F451A,WIDENING AND STRENGTHENING OF EXISTING 2 LANE WITH PAVED SHOULDER TO 4 LANE WITH PAVED SHOULDER FRO,Road Transport And Highways,,,2024-04,2024-04,1,1,1.0
PRJ_D10315069A18,SYSTEM STRENGTHENING SCHEME,Power,,,2024-04,2024-04,1,1,1.0
PRJ_D103AB4BE1CB,UPGRADING IPSHEM TO WORLD,"[N16000411],IOCL,GUJARAT",,,2024-03,2024-03,1,1,1.0
PRJ_D1203D23E28C,AUGMENTATION OF TRANSFORMATION CAPACITY IN SOUTHERN REGION.,Power Grid Corporation Of India Limited,,,2023-10,2023-10,1,1,1.0
PRJ_D15B8E0FB184,CONSTRUCTION OF EIGHT LANE,"[N24001418],NHAI,PUNJAB",,,2024-01,2024-01,1,1,1.0
PRJ_D1823F108109,CONSTRUCTION OF NEW DOUBLE,"[N24002078],NHAI,ODISHA",,,2024-02,2024-02,1,1,1.0
PRJ_D1B1A26B00C9,CONSTRUCTION OF 4 LANE BANGALORE -CHENNAI,"[N24001983],NHAI,ANDHRA PRADESH",,,2024-03,2024-03,1,1,1.0
PRJ_D1BDCB3419EC,UPGRADATION OF NH-81 WITH A,"[N24001464],MoRTH,UTTAR PRADESH",,,2024-01,2024-01,1,1,1.0
PRJ_D1E3672556BF,WIDENING OF EXISTING ROAD TO 2 LANE WITH PAVED SHOULDER,"[N24001464],MoRTH,UTTAR PRADESH",,,2024-01,2024-01,1,1,1.0
PRJ_D2016AE69ABB,PUNE RAIGARH DISTRICT BORDER TO MANGAON,Road Transport And Highways,,,2024-04,2024-04,1,1,1.0
PRJ_D28F53FA9B05,REHABILITATION AND UPGRADATION OF NEW NH-544E FROM KM. 0.000 TO KM 56.803 OF KODIKONDA - MADAKASIRA -,PRADESH,,,2023-08,2023-08,1,1,1.0
PRJ_D2A6A51ACBAD,CONSTRUCTION OF TWO LANE WITH HARD SHOULDERS OF MERANGKONG-TAMLU-MON ROAD FROM EXISTING KM 20.456 TO -,PRADESH,,,2024-02,2024-02,1,1,1.0
PRJ_D2ADB4036138,"CGD PROJECT IN TONK, SAWAI MADHOPUR, DAUSA, KARAULI",Petroleum,,,2024-04,2024-04,1,1,1.0
PRJ_D2AF5225D4A1,MULAKALACHERUVU TO MADANAPALLE SECTION OF NH42 FROM KM 202.050 TO KM 245.640 EXCLUDING RETAINED STRE,CONSTRUCTION OF OTHE,,,2024-04,2024-04,1,1,1.0
PRJ_D2D17A67F2D5,CHALLAKERE TO HARIYUR SECTION FROM KM 358.500 TO KM 414.205 OF NH150 A,Road Transport And Highways,,,2024-04,2024-04,1,1,1.0
PRJ_D3170AE9E436,4-LANNING OF HARIDWAR-NAGINA SECTION OF NH 74 FROM (KM 204.300 OF NH 58) TO KM 73.00,National Highways Authority Of India,,,2023-08,2023-08,1,1,1.0
PRJ_D31C4AE58EE8,ESTABLISHMENT OF KHAVDA,POWER,,,2023-05,2023-05,1,1,1.0
PRJ_D335EB620546,BANGALORE/TN BORDER TO HOSKOTE,Road Transport And Highways,,,2024-04,2024-04,1,1,1.0
PRJ_D351F62FABA2,CONSTRUCTION OF GREENFIELD CONNECTIVITY TO JEWAR INTERNATIONAL AIRPORT FROM DND FARIDABAD BALLABHGAR,AND HIGHWAYS,NHAI,HARYANA,2024-06,2024-06,1,1,1.0
PRJ_D357E7E63E1F,KADAPPA AIRPORT- CONSTRUCTION OF NEW DOMESTIC TERMINAL BUILDING AND MISCELLANEOUS WORKS,Civil Aviation,,,2024-04,2024-04,1,1,1.0
PRJ_D360FA20BEFC,"CGD PROJECT AT SRIKAKULAM,",PETROLEUM,,,2024-02,2024-02,1,1,1.0
PRJ_D375E02BC881,CONSTRUCTION OF MARGOA WESTERN BYPASS FOR NH-17 (NEW NH-66 ) FROM KM. 26 /200 (,"[N24001480],MoRTH,UTTAR PRADESH",,,2023-06,2023-06,1,1,1.0
PRJ_D3B1533AE7BD,"ENGINEERING, PROCUREMENT, AND CONSTRUCTION OF","[N24001222],MoRTH,CHHATTISGARH",,,2023-09,2023-09,1,1,1.0
PRJ_D3CC67A63C28,6L OF IT CITY CHOWK TO KURALI CHANDIGARH ROAD,"[N24001709],NHAI,BIHAR",,,2023-07,2023-07,1,1,1.0
PRJ_D434CDAD21D7,KARAD PATAN CHIPLUN GUHAGAR,Road Transport And Highways,,,2024-04,2024-04,1,1,1.0
PRJ_D440C0FF4F47,CONSTRUCTION OF BRIDGE INCLUDING APPROACHES ACROSS RIVER ZUARI ON NH-17 (NH-66) ON PANJIM-MANGALORE -,"[N24001376],MoRTH,ARUNACHAL PRADESH",,,2024-03,2024-03,1,1,1.0
PRJ_D4411DDDB9F1,REHABILITATION AND UPGRADATION OF KONDLI PHASE I,WATER RESOURCES,,,2023-09,2023-09,1,1,1.0
PRJ_D442BEEAB710,REHABILITATION AND UPGRADATION TO 2 LANE WITH PAVED SHOULDER FROM EXISTING CHAINAGE KM 30.000 TO K,Road Transport And Highways,,,2024-04,2024-04,1,1,1.0
PRJ_D46D0AE619D2,FOUR LANING OF BALACHERA- HARANGAJAO SECTION OF NH-54,"[N24000771],NHIDCL,MEGHALAYA",,,2024-02,2024-02,1,1,1.0
PRJ_D470DBEAA195,4L OF KHEDAKHAJURIYA TO,PRADESH,,,2023-06,2023-06,1,1,1.0
PRJ_D484DB9C448E,PIMPLA TO MANJARSUMBHA,Road Transport And Highways,,,2024-04,2024-04,1,1,1.0
PRJ_D4A9AD92DEC7,WIDENING AND STRENGTHENING OF EXISTING 2-LANE TO 2-LANE WITH PAVED SHOULDERS FROM KM.159/0 TO 165/4 -,PRADESH,,,2023-10,2023-10,1,1,1.0
PRJ_D4B1A23B9FE4,DEOGARH (NEAR DHANDHANIYA)- RAJASTHAN/GUJARAT BORDER (PHASE-I) (AJ/DRGB-PACKAGE-7),Road Transport And Highways,,,2024-04,2024-04,1,1,1.0
PRJ_D4E8A2D16561,6L OF JODHPUR ROMANA,Road Transport And Highways,,,2024-04,2024-04,1,1,1.0
PRJ_D4FC6A3ACC98,REHABILITATION AND UPGRADATION OF NH-167 FROM DESIGN KM.113.900 TO 154.479,Ministry Of Road Transport And Highways (State Pwds),,,2023-10,2023-10,1,1,1.0
PRJ_D5215BC07536,"IMPROVEMENT AND UP-GRADATION OF EXISTING ROAD TO 4L PS FROM KM 175.080 TO 229.070, FROM END OF HARDO",Road Transport And Highways,,,2024-04,2024-04,1,1,1.0
PRJ_D528593277F7,CONSTRUCTION OF EIGHT LANE,"[N24000771],NHIDCL,MEGHALAYA",,,2024-02,2024-02,1,1,1.0
PRJ_D52FA1FCE5CB,CONSTRUCTION OF FOUR LANE,"[N24000835],NHAI,HARYANA",,,2024-01,2024-01,1,1,1.0
PRJ_D53D855EF984,INDORE BUDNI,Rail Vikas Nigam Ltd.,,,2023-08,2023-08,1,1,1.0
PRJ_D58E97435AD5,"KHAVDA-2, GUJARAT-",POWER,,,2023-09,2023-09,1,1,1.0
PRJ_D5D49EC2D279,CONSTRUCTION OF 2-LANING WITH,PRADESH,,,2024-01,2024-01,1,1,1.0
PRJ_D6093565EDC4,KHAMMAM-DEVARAPALLE PKG III [4L ACCESS CONTROLLED (GREENFIELD) FROM CHINTAGUDEM VILLAGE TO RECHERLA -,"[N24001782],NHAI,HARYANA",,,2023-09,2023-09,1,1,1.0
PRJ_D6406E2E2140,UPGRADATION OF FACILITIES OF NUMALIGARH-SILIGURI PRODUCT PIPELINE (NSPL) FOR,PETROLEUM,,,2024-02,2024-02,1,1,1.0
PRJ_D664EECCF202,TWO LANING OF AKAJAN LIKABALI BAME ROAD ON EPC BASIS FROM EXISTING KM 71.000 TO KM 99.000 (DESIGN KM -,PRADESH,,,2023-05,2023-05,1,1,1.0
PRJ_D6EBE9A7A79A,"CGD PROJECT AT BOKARO, HAZARIBAGH AND RAMGARH DISTRICTS",Petroleum,,,2024-04,2024-04,1,1,1.0
PRJ_D72BE370B891,BALANCE WORK OF 4- LANING OF PATNA-GAYA-DOBHI SECTION (KM. 0.00 TO KM. 127.217) OF NH-83 IN THE STAT,Road Transport And Highways,,,2024-04,2024-04,1,1,1.0
PRJ_D74B53587408,CONSTRUCTION OF SIX LANING OF NAIDUPETA JUNCTION - TURPUKANUPUR SECTION FROM,"[N24001418],NHAI,PUNJAB",,,2024-01,2024-01,1,1,1.0
PRJ_D779A491FF05,CONSTRUCTION OF 4 LANE BANGALORE - CHENNAI,"[N24001573],NHAI,RAJASTHAN",,,2024-03,2024-03,1,1,1.0
PRJ_D7ACBE0D1A7F,TWO-LANNING WITH PAVED SHOULDER OF MAHSHKUNT-,"[N24001509],NHAI,KARNATAKA",,,2023-06,2023-06,1,1,1.0
PRJ_D7DA2C11D285,FOUR LANING OF 5.122 KM OF,Ministry Of Road Transport And Highways (State Pwds),,,2023-08,2023-08,1,1,1.0
PRJ_D7F3000D4B0F,4 LANING FROM KALIABOR TINALI,"[N24000583],NHIDCL,ASSAM",,,2023-09,2023-09,1,1,1.0
PRJ_D7FEF7AC794A,ELEVATED CORRIDOR IN RANCHI,"[N24002078],NHAI,ODISHA",,,2024-02,2024-02,1,1,1.0
PRJ_D80FFFC8492F,OSMANNAGAR TO KUNDRAL,Road Transport And Highways,,,2024-04,2024-04,1,1,1.0
PRJ_D81E1D86E692,6L JAKKUVA – KORLAM SECTION OF NH-130CD ROAD FROM KM 396.800 TO KM 421.100,MUPPAVARAM (CH.343+240) O,,,2024-04,2024-04,1,1,1.0
PRJ_D853AEEEA6F6,SARSAM TO KOTHARI,Road Transport And Highways,,,2024-04,2024-04,1,1,1.0
PRJ_D87A9B70D0F8,REHABILITATION AND UP GRADATION OF NH-544E FROM KM 56/803 TO KM 99/179 OF MADAKASIRA TO SIRA SECTION,5,,,2024-04,2024-04,1,1,1.0
PRJ_D887E900C1AD,REHABILITATION AND,PRADESH,,,2023-10,2023-10,1,1,1.0
PRJ_D8A8BBF5C00E,WIDEINING TO TWO/FOUR LANE WITH PAVED SHOULDERS FROM EXISTING KM 182.120 TO KM 227.600 OF NH-167 ON,Road Transport And Highways,,,2024-04,2024-04,1,1,1.0
PRJ_D8C46BCE0F1E,RECONSTRUCTION WITH GEOMETIC IMPROVEMENT OF EXISTING TWO,"[N24002013],MoRTH,KARNATAKA",,,2024-01,2024-01,1,1,1.0
PRJ_D8E80FA1E413,EXPANSION OF ASHOK OCP,Central Coal Fields Limited,,,2023-04,2023-04,1,1,1.0
PRJ_D8FA91A08E0E,VIRAR SURAT ROAD OVER BRIDGE IN LIEU OF LEVEL CROSSING NOS 42 46A 48 52 55 102 106 108 130 AND,Railways,,,2024-04,2024-04,1,1,1.0
PRJ_D9006C3FB875,BALANCE WORK FOR FOUR LANING OF ITARSI TO BETUL SECTION OF NH69 FROM KM 63.000 TO KM 137.00 (DESIGN -,"[N24001983],NHAI,ANDHRA PRADESH",,,2024-03,2024-03,1,1,1.0
PRJ_D90435C6E0D3,KHAWDA 1255MW SOLAR PROJECT,Power,,,2024-04,2024-04,1,1,1.0
PRJ_D9107C9DB304,CONSTRUCTION OF NH-24 EXTENSION 4-LANE BYPASS STARTING FROM BEHTA ROAD AND,"[N24001749],NHAI,WEST BENGAL",,,2023-07,2023-07,1,1,1.0
PRJ_D934CAEB1846,BARELA-MANDLA SECTION OF NH- 12A IN MADHYA PRADESH KM 22/8,"[N24001454],MoRTH,TAMIL NADU",,,2023-08,2023-08,1,1,1.0
PRJ_D95539A02FFC,CONSTRUCTION AND UPGRADATION OFEXISTINGROAD TO 2-LANE WITH PAVED SHOULDER INCLUDING GEOMETRIC IMPROV -,KASHMIR,,,2023-08,2023-08,1,1,1.0
PRJ_D957ABE4C496,CONSTRUCTION OF 4 LANE ELEVATED HIGHWAY AND AT-,"[N24000583],NHIDCL,ASSAM",,,2023-09,2023-09,1,1,1.0
PRJ_D95CCC04EE9B,REHABILITATION AND UPGRADATION OF SHIRAPUR JUNCTION TO SHIVAJI CHOWK (DESIGN CHAINAGE KM. 130+00 TO,FROM WAKHARI TO LORD VITT,,,2024-04,2024-04,1,1,1.0
PRJ_D970E037A058,PATAS-VASUNDE PHATA - BARAMATI BYPASS,FROM WAKHARI TO LORD VITT,,,2024-04,2024-04,1,1,1.0
PRJ_D9AD8C63DE07,BELAKERI PORT TO KUMTA - SIRSI ROAD FROM KM 0.00 - KM 4.265 OF BELEKERI PORT ROAD LINK RD. AND KM 4.,84.12,,,2024-04,2024-04,1,1,1.0
PRJ_DA094E359C7F,"KHAVDA-2, GUJARAT- ESTABLISHMENT OF KHAVDA POOLING STATION-2 (KPS2) IN KHAVDA RE PARK",INJECTION AT KHAVDA,,,2024-04,2024-04,1,1,1.0
PRJ_DA2FBE68BBB2,KOCHI SALEM LPG PIPELINE,PETROLEUM,,,2023-07,2023-07,1,1,1.0
PRJ_DA49BFA77BDD,SIX-LANNING OF GREENFIELD PROPOSED UDAIPUR BYPASS PKG- IV,WITH M,,,2024-04,2024-04,1,1,1.0
PRJ_DAC2AEBD1D3E,BALANCE WORK OF PANIKOILI RIMULI SECTION OF NEW NH-20,National Highways Authority Of India,,,2023-08,2023-08,1,1,1.0
PRJ_DB12A259DC00,MUMBAI HIGH NORTH REDEVELOPMENT PHASE-IV,Oil & Natural Gas Corporation Limited,,,2023-04,2023-04,1,1,1.0
PRJ_DB16A22279F4,AUGMENTATION OF FACILITIES AT,PETROLEUM,,,2023-09,2023-09,1,1,1.0
PRJ_DB43D1DC0F53,WIDENING TO FOUR LANE WITH PAVED SHOULDER FROM DESIGN KM.49.200 TO KM.89.285 OF NH-731B ON EPC MODE,DISTRICT) TO RANIPUR,,,2024-04,2024-04,1,1,1.0
PRJ_DB710B41EC5E,WIDENING TO INTERMEDIATE/TWO LANE TO 2 LANE WITH PAVED SHOULDER FROM EXISTING CHANAGES KM 112.750 TO,69 YEKAMBI KUMTA,,,2024-04,2024-04,1,1,1.0
PRJ_DBD8A979A8DD,CHAKUR LOHA SECTION OF NH-361,"[N24001588],NHAI,CHHATTISGARH",,,2023-06,2023-06,1,1,1.0
PRJ_DBE549B3B551,6L ACCESS CONTROLLED GREENFIELD HIGHWAY FROM YERRAGUDIPADU 129.000 KM. TO AUDIREDDIPALLE 160.000 KM.,MUPPAVARAM (CH.343+240) O,,,2024-04,2024-04,1,1,1.0
PRJ_DBEFC7177FB8,WIDENING TO EXISTING 2 LANE WITH PAVED SHOULDER TO 4 LANE WITH PAVED SHOULDER FROM DESIGN KM 153.00,69 YEKAMBI KUMTA,,,2024-04,2024-04,1,1,1.0
PRJ_DC4265166078,DELHI-VADODARA GREENFIELD ALIGNMENT (NH-148N) (PKG-16) (CH. 427.300 TO CH.452.420) [MAJOR BRIDGE OVE,Road Transport And Highways,,,2024-04,2024-04,1,1,1.0
PRJ_DC577EEFA946,UP-GRADATION TO 4-LANE WITH PAVED SHOULDER OF JAMMU- AKHNOOR ROAD SECTION OF NH- 144A FROM GANESH VIHA,CHAINAGE KM 49.150 TO KM,,,2024-04,2024-04,1,1,1.0
PRJ_DC597F50A0A3,INTEGRATED STRUCTURE WITH DEVELOPMENT OF OTHER ALLIED STRUCTURES ON BOTH SIDES OF CHANDNI CHOWK JUNC,Road Transport And Highways,,,2024-04,2024-04,1,1,1.0
PRJ_DC853770FA86,Sagwara Bypass and Garhi- Partapur Bypass of NH- 927A in the State of Rajasthan.,Road Transport And Highways,,,2024-04,2024-04,1,1,1.0
PRJ_DC9A4C52C709,2-LANE WITH PS OF BEWAR TO,"[N24001464],MoRTH,UTTAR PRADESH",,,2024-01,2024-01,1,1,1.0
PRJ_DCB0D847321F,DELHI-AMRITSAR-KATRA EXPRESSWAY FROM CH.KM 303+900 TO KM 319+400 OF MAIN EXPRESSWAY) AND AMRITSAR CO -,"[N24000827],NHAI,TAMIL NADU",,,2024-01,2024-01,1,1,1.0
PRJ_DD678B06EF12,IMPROVEMENT AND UPGRADATION TO TWO LANE WITH PAVED,"[N24001289],MoRTH,ARUNACHAL PRADESH",,,2023-04,2023-04,1,1,1.0
PRJ_DD80C76415E9,CGD PROJECT AT PATHANKOT DISTRICT,Petroleum,,,2024-04,2024-04,1,1,1.0
PRJ_DDAC75E1B7AE,BALANCE WORK OF CONSTRUCTION OF TWO/FOUR LANE WITH PAVED SHOULDER FROM KM 422.000 TO 523.600 ( CHITR,Road Transport And Highways,,,2024-04,2024-04,1,1,1.0
PRJ_DDB1B7D38218,"KHAVDA PHASE-II-PART B, GUJARAT- TRANSMISSION SCHEME",POWER,,,2024-01,2024-01,1,1,1.0
PRJ_DDC4EF70F48D,4L OF CHANNARAYAPATNA BYPASS AND HASSAN BYPASS WITH STRUCTURES IN DEVIHALLI -,"[N24000709],NHAI,MADHYA PRADESH",,,2024-03,2024-03,1,1,1.0
PRJ_DDD54F519B99,REHABILITATION AND UPGRADATION OF SIX LANING OF BHADRAK BALESHWAR SECTION (KM 136.50) TO (KM 199.141,Road Transport And Highways,,,2024-04,2024-04,1,1,1.0
PRJ_DDE5BCC0B140,30 INCH CRUDE OIL PIPELINE IN HALDIA-BARAUNI SECTION OF PHBPL AND CONVERSION OF,Indian Oil Corporation Limited,,,2023-10,2023-10,1,1,1.0
PRJ_DE10934132A0,CONSTRUCTION AND,Road Transport And Highways,,,2024-04,2024-04,1,1,1.0
PRJ_DE1B2B5DA7D4,PATAS-VASUNDE PHATA - BARAMATI BYPASS,Road Transport And Highways,,,2024-04,2024-04,1,1,1.0
PRJ_DE1B4F3944BA,BANGALORE CHENNAI,"[N24001709],NHAI,BIHAR",,,2023-07,2023-07,1,1,1.0
PRJ_DE43F03FBF4D,WIDENING TO TWO LANE WITH PAVED SHOULDER FROM KM 194.900 TO KM 243.200 OF NH-234,ROAD TRANSPORT AND HIGHWAYS,,,2023-05,2023-05,1,1,1.0
PRJ_DE51918DE8F0,2-LANING OF KHOWAI -AGARTALA SECTION FROM DESIGN KM 6.500 TO KM 19.300 OF NH-208A PKG-1,PRADESH,,,2023-10,2023-10,1,1,1.0
PRJ_DE8DF6E99E8B,R/U TO 2-LANE WITH PS OF BEWAR TO ALLAHGANJ SECTION OF NH- 730C FROM KM.0.00 TO 52.770 UNDER GNHCP,Road Transport And Highways,,,2024-04,2024-04,1,1,1.0
PRJ_DEC4D468DCBC,VADODARA MUMBAI EXPRESSWAY (PHASE II - PKG XIV) [KM. 3.000 TO KM. 20.200 OF SPUR],Road Transport And Highways,,,2024-04,2024-04,1,1,1.0
PRJ_DEE6139DBFD9,NANDED TO JALKOT,FROM WAKHARI TO LORD VITT,,,2024-04,2024-04,1,1,1.0
PRJ_DEF41009BDD9,PANCHARAL TO MANDANGHAR,FROM WAKHARI TO LORD VITT,,,2024-04,2024-04,1,1,1.0
PRJ_DF0EA1A64E65,BAHRAICH - NANPARA -NEPALGANJ,North Eastern Railway,,,2023-10,2023-10,1,1,1.0
PRJ_DF1CCD6165C4,CONSTRUCTION OF 4 LANE,"[N24000771],NHIDCL,MEGHALAYA",,,2024-02,2024-02,1,1,1.0
PRJ_DF33FB1F8697,WIDENING TO 2 LANE WITH PAVED SHOULDERS FROM KM 0 TO 54 OF NH-50 UNDER EPC MODE IN THE STATE OF KARN,84.12,,,2024-04,2024-04,1,1,1.0
PRJ_DF5BD2F7E2D2,CONSTRUCTION AND,"[N24001339],NHIDCL,MEGHALAYA",,,2023-06,2023-06,1,1,1.0
PRJ_DF9352503C97,2LPS FROM GONDIGUDA TO ARAKU,"[N24000993],MoRTH,TELANGANA",,,2024-02,2024-02,1,1,1.0
PRJ_DF9DCB0E6CC6,UPGRADATIOBN AND REHABILITATION OF SECTION OF NH 361 F FROM PARLI (00/000) TO,"[N24000988],MoRTH,TELANGANA",,,2023-10,2023-10,1,1,1.0
PRJ_DFCAE0BAAD99,PROJECTS- REHABILITATION AND UPGRADATION OF NH-731A FROM KM 0.00 TO KM.35.00 -,"[N24002013],MoRTH,KARNATAKA",,,2024-01,2024-01,1,1,1.0
PRJ_E01D4A66BBFA,"FOUR LANING OF EXISTING 2 LANE SECTION FROM MALOUT (DESIGN KM 44.500, EXISTING KM 80.200 OF NH-07) V",DESIGN KM. 0.750 TO DESI,,,2024-04,2024-04,1,1,1.0
PRJ_E02C0F72FBF3,TEHRI PUMPED STORAGE,POWER,,,2023-06,2023-06,1,1,1.0
PRJ_E02CA6C150E9,HOSPET-HUBLI-LONDA- VASCODAGAMA DL,"[N22000562],NCR,UTTAR PRADESH",,,2024-02,2024-02,1,1,1.0
PRJ_E033B98E374F,REHABILITATION AND UPGRADATION OF CUTTACK-ANGUL SECTION TO 4 LANE (KM 60.20) TO (KM 112.0) PKG II ON,Road Transport And Highways,,,2024-04,2024-04,1,1,1.0
PRJ_E03694085DA9,IMPROVEMENT AND RECONSTRUCTION TO TWO LANE WITH PAVED SHOULDERS FROM KM 489.845 (NEW KM.58.125) AN,Road Transport And Highways,,,2024-04,2024-04,1,1,1.0
PRJ_E037FF960C00,WIDENING TO TWO LANE WITH PAVED SHOULDERS FROM KM 67.00 TO 114.425 OF KALWAKURTHY- MALLEPALLY SECTION,RCW,,,2024-04,2024-04,1,1,1.0
PRJ_E043A09EDD28,TEHRI PUMPED STORAGE PLANT,Thdc India Limited,,,2023-10,2023-10,1,1,1.0
PRJ_E055E509BA60,NASRATPUR TO BARASGAON,FROM WAKHARI TO LORD VITT,,,2024-04,2024-04,1,1,1.0
PRJ_E0A1ADEE79E2,DELHI-VADODARA GREENFIELD ALIGNMENT (NH-148N) (PKG-13) (CH. 359.170 TO CH. 388.420) [JUNCTION WITH S,WITH M,,,2024-04,2024-04,1,1,1.0
PRJ_E0CA806B5F4F,6L ACCESS CONTROLLED GREENFIELD HIGHWAY FROM SOMAVARAPPADU (CH.314.600) TO,Road Transport And Highways,,,2024-04,2024-04,1,1,1.0
PRJ_E0E3E0682B6E,BALANCE WORK OF TWO LANING WITH PAVED SHOULDER OF PIPRAKOTHI–MOTIHARI- RAXAUL,"[N24001594],NHAI,JHARKHAND",,,2023-10,2023-10,1,1,1.0
PRJ_E0E9D3D9741A,CONSTRUCTION OF 4 LANE ACCESS CONTROLLED NEW GREENFIELD HIGHWAY SECTION OF NH 365BG FROM RECHARLA VI,5,,,2024-04,2024-04,1,1,1.0
PRJ_E10FFEF853BE,INDAPUR TO VADPALE,FROM WAKHARI TO LORD VITT,,,2024-04,2024-04,1,1,1.0
PRJ_E12A5EC670C4,REHABILITATION AND UPGRADATION OF MACHILIPATNAM TO AVANIGADDA SECTION FROM KM84/550 - 124/200 OF NH2,5,,,2024-04,2024-04,1,1,1.0
PRJ_E12FE69ABBA6,CONSTRUCTION OF 2-LANE WITH PAVED SHOULDER INCLUDING GEOMETRIC IMPROVEMENT FROM,"[N24001264],NHIDCL,JAMMU AND KASHMIR",,,2024-03,2024-03,1,1,1.0
PRJ_E1CE9F8977E1,KANTE TO WAKED,Road Transport And Highways,,,2024-04,2024-04,1,1,1.0
PRJ_E1DC19C02C44,DIGRAS DARWAH KARANJA,KASHMIR,,,2024-03,2024-03,1,1,1.0
PRJ_E22A94D9EA39,EXPANSION OF MINE-I (LEASE AREA) AND MINE-I A (3.0 TO 7.0 MTPA) -,Neyveli Lignite Corporation,,,2023-08,2023-08,1,1,1.0
PRJ_E2355C2EDF1A,BAKHTIYARPUR RAJAULI PKG-II,"[N24000771],NHIDCL,MEGHALAYA",,,2024-02,2024-02,1,1,1.0
PRJ_E28049CD1EB0,CONSTRUCTION OF PRATAPGARH BYPASS (EXTENSION) CONNECTING,ROAD TRANSPORT AND HIGHWAYS,,,2024-02,2024-02,1,1,1.0
PRJ_E2B3F6740485,SETTING UP OF NEW RAIL FED POL,PETROLEUM,,,2024-02,2024-02,1,1,1.0
PRJ_E32AE3D0D750,4L OF KM 0.00 TO KM 42.00 OF OFDOBBASPET TO DODDABALLAPURA BYPASS SECTION NH 648 OLD NH 207 BANGALO -,"[N24000739],NHAI,ODISHA",,,2023-06,2023-06,1,1,1.0
PRJ_E33CC97445BF,CONSTRUCTION OF 4 LANE BANGALORE -CHENNAI EXPRESSWAY FROM KM 53.500 TO KM 71.000 SECTION OF NE-7 (BA,84.12,,,2024-04,2024-04,1,1,1.0
PRJ_E356D3433470,DELHI-AMRITSAR-KATRA EXPRESSWAY (PHASE-II PKG-XIV) FROM JUNCTION WITH PATHANKOT-,"[N24000765],NHIDCL,NAGALAND",,,2024-01,2024-01,1,1,1.0
PRJ_E35AD50F245A,CONSTRUCTION OF FOUR LANE EXPRESSWAY FROM START OF DSIR ZONE OF AHMEDABAD,"[N24001573],NHAI,RAJASTHAN",,,2024-03,2024-03,1,1,1.0
PRJ_E365DDB356D5,CONSTRUCTION OF FOUR LANE ROB AND ITS APPROACHES IN LIEU,"[N24001386],MoRTH,ANDHRA PRADESH",,,2023-10,2023-10,1,1,1.0
PRJ_E373BE4D5190,WIDENING TO 4 LANE FROM KM. 133.00 TO 158.04 (DESIGN CHAINAGE KM. 130.88 TO 155.145) (SHIRUR CROSS T,84.12,,,2024-04,2024-04,1,1,1.0
PRJ_E378D6B065A7,CONSTRUCTION OF A NEW 4 LANE BRIDGE PARALLEL TO EXISTING MG,"[N24001464],MoRTH,UTTAR PRADESH",,,2024-01,2024-01,1,1,1.0
PRJ_E3B4FF2E66E5,"KHAVDA-2, GUJARAT- ESTABLISHMENT OF KHAVDA POOLING STATION-2 (KPS2) IN KHAVDA RE PARK",Power,,,2024-04,2024-04,1,1,1.0
PRJ_E3BA5391A804,CONSTRUCTION OF FOUR LANE GREENFIELD PROJECT OF DELHI- AMRITSAR-KATRA EXPRESSWAY (PHASE-I PKG-IV) FRO -,"[N24000662],NHAI,PUNJAB",,,2023-04,2023-04,1,1,1.0
PRJ_E3E7C86E203C,MPLS-IP BASED ACCESS AND AGGREGATION NETWORK (MAAN) IN BSNL ALONG WITH TEST AND MEASURING EQUIPMENT,WESTERN DEDICATED FREIGHT CORRIDOR (DFCC ) (N22000464 ),MAAN,TIONS,2024-06,2024-06,1,1,1.0
PRJ_E474E12B4984,FOUR LANING OF BARHI - KODERMA SECTION OF NH - 31,Road Transport And Highways,,,2024-04,2024-04,1,1,1.0
PRJ_E4A4E3EC9BF9,4L OF MO - SIHUNI FROM KM. 42.00,"[N24002078],NHAI,ODISHA",,,2024-02,2024-02,1,1,1.0
PRJ_E4DCC06075D8,WIDENING AND STRENTHENING FROM KM 70.15 TO KM 121.025 OF,"[N24000993],MoRTH,TELANGANA",,,2024-02,2024-02,1,1,1.0
PRJ_E52FF60CC439,NH167B FROM KM.143.320 MALAKONDA TO 189.050 SINGARAYAKONDA ON NH 16 TO TWO LANE WITH PAVED SHOULDERS,NH167B FROM KM.143.320 MALAKONDA TO 189.050 SINGARAYAKONDA ON NH 16 TO TWO LANE WITH PAVED SHOULDERS (MoRTH ),MoRTH,HIGHWAYS,2024-06,2024-06,1,1,1.0
PRJ_E535A3CEF0F0,SIX LANING OF CHENGALA TO NEELESHWARAM SECTION OF NH- 17 (NEW NH-66) FROM CH. 56+200,"[N24001588],NHAI,CHHATTISGARH",,,2023-06,2023-06,1,1,1.0
PRJ_E53DCCC1CD7C,VARANASI RING ROAD (PKG-II) CONNECTING SANDAHA VILLAGE (KM 11.70 / NH-29) WITH REVASA VILLAGE (KM 81,Road Transport And Highways,,,2024-04,2024-04,1,1,1.0
PRJ_E54854A87819,REHABILITATION UPGRADATION OF NH214(NH216) FROM KM41.161 TO KM59.800(GURJANAPALLI TO,"[N24001289],MoRTH,ARUNACHAL PRADESH",,,2023-04,2023-04,1,1,1.0
PRJ_E5B4F5491F38,4L OF EXISTING 2/4L STRETCH FROM LONAND TO DIVE GHAT (KM,National Highways Authority Of India,,,2023-08,2023-08,1,1,1.0
PRJ_E5C27A0F273A,PANGAON TO DHARMAPURI AND PARALI TO INJEGAON 2L+PS,FROM WAKHARI TO LORD VITT,,,2024-04,2024-04,1,1,1.0
PRJ_E5D9D02BA36A,TS FOR EVACUATION OF ADDITIONAL 7GW RE POWER FROM KHAVDA RE PARK UNDER PHASE-III PART B [VATAMAN TRA,Power,,,2024-04,2024-04,1,1,1.0
PRJ_E60B33265508,6L ACCESS CONTROL GREENFIELD,KASHMIR,,,2023-08,2023-08,1,1,1.0
PRJ_E61074DF7444,CONSTRUCTION OF 2 LANE ROAD OF POTIN TO PANGIN SECTION OF,Road Transport And Highways,,,2024-04,2024-04,1,1,1.0
PRJ_E619701B3A4A,DELHI-VADODARA GREENFIELD,"[N24001983],NHAI,ANDHRA PRADESH",,,2024-03,2024-03,1,1,1.0
PRJ_E644B1A0543A,REHABILITATION UPGRADATION OF NH214(NH216) FROM KM41.161 TO KM59.800(GURJANAPALLI TO POLEKURU SECT,5,,,2024-04,2024-04,1,1,1.0
PRJ_E6809771AC6E,FOUR LANING OF DANGIAWAS (KM 96.595 TO NH-112) TO JAJIWAL (KM 283.500 OF NH 65 NAGAUR ROAD) SECTIO,Road Transport And Highways,,,2024-04,2024-04,1,1,1.0
PRJ_E6B237EF6FE9,UP-GRADATION TO 2-LANE WITH PAVED SHOULDER FROM KM 12.850 TO KM20.300 OF 7.450KM LENGTH ON GOHA-KHEL,CHAINAGE KM 49.150 TO KM,,,2024-04,2024-04,1,1,1.0
PRJ_E734BB163D3B,DEOGARH (NEAR DHANDHANIYA)- RAJASTHAN/GUJARAT BORDER (PHASE-I) (AJ/DRGB-PACKAGE-7),WITH M,,,2024-04,2024-04,1,1,1.0
PRJ_E743D15A9F1D,IMPROVEMENT OF EXISTING ALIGNMENT OF PANDHARPUR TOWN PART BYPASSED SECTION FROM WAKHARI TO LORD VITT,Road Transport And Highways,,,2024-04,2024-04,1,1,1.0
PRJ_E74A14398742,RISHIKESH - KARNAPRAYAG NEW LINE,Railways,,,2024-04,2024-04,1,1,1.0
PRJ_E77CF616E28A,FOUR LANING OF THORAPALLI AGRAHARAM TO JITTANDAHALLI SECTION OF NH-844 (PKG-II) FROM KM.23+350 TO KM -,PRADESH,,,2023-09,2023-09,1,1,1.0
PRJ_E78A86C1DF46,6L ACCESS CONTROLLED GREENFIELD HIGHWAY FROM MARRIPUDI (CH. 285+500) TO SOMAVARAPPADU (CH. 314+600),AND HIGHWAYS,NHAI,ANDHRA PRADESH,2024-06,2024-06,1,1,1.0
PRJ_E795B38D45CD,WARDHA-NANDED MAHARASHTRA,"2,596.20 (1,635.74) [21]",,,2024-04,2024-04,1,1,1.0
PRJ_E79C421D443B,4L OF DHROL-BHADRA-PATIYA SECTION FROM 0.000 TO KM 13.600 AND BHADRA PATIYA - PIPALIYA,"[N24001694],NHAI,TAMIL NADU",,,2023-09,2023-09,1,1,1.0
PRJ_E7B67809383D,2-LANING OF CHURACHANDPUR,"[N24000678],NHIDCL,ARUNACHAL PRADESH",,,2023-05,2023-05,1,1,1.0
PRJ_E7FF808F2D94,CONSTUCTION/UPGRADATION OF EXISTING HIGHWAY TO 2 LANE WITH PAVED SHOULDER FROM KM 0.00 TO KM 13.00 N,INCLUDING GEOMETRIC IMPROV,,,2024-04,2024-04,1,1,1.0
PRJ_E819928F2959,6L AMRITSAR-BATHINDA GREENFIELD SECTION FROM JN. WITH BHAGTA BHAI KA-BHADAUR ROAD NEAR DYALPURA BHAI,Road Transport And Highways,,,2024-04,2024-04,1,1,1.0
PRJ_E884FE11C21A,KARWANDI TO RAJURI,FROM WAKHARI TO LORD VITT,,,2024-04,2024-04,1,1,1.0
PRJ_E8BE51B44748,"IMPROVEMENT , UP-GRADATION OF NH-734 SECTION OF MORADABAD - THAKURDWARA - KASHIPUR: “PACKAGE-I: MORA",DISTRICT) TO RANIPUR,,,2024-04,2024-04,1,1,1.0
PRJ_E8BFE5EBEF93,"TS FOR SOLAR ENERGY ZONE IN BIDAR (2500MW), KARNATAKA [BIDAR TRANSMISSION LTD]",Power,,,2024-04,2024-04,1,1,1.0
PRJ_E8C2D0BD77C5,DEVELOPMENT OF SIX-LANE ACCESS CONTROLLED HIGHWAY FROM ADHOYA MUSALMANA (AMBALA DISTRICT) TO SADOPUR,Road Transport And Highways,,,2024-04,2024-04,1,1,1.0
PRJ_E8D1A8BFC156,"6L FLYOVER AT BORAGAON, GORCHUK, LOKHRA AND BASISTHA JUNCTION ON GUWAHATI BYPASS","[N24002078],NHAI,ODISHA",,,2024-02,2024-02,1,1,1.0
PRJ_E8EECECA673D,REHABILITATION and UPGRADATION FROM 2 LANE TO 4 LANE OF NH STRETCH UNDER BHARATMALA PARIYOJANA FOR U,Road Transport And Highways,,,2024-04,2024-04,1,1,1.0
PRJ_E8FAC6CE4B27,WIDENING OF EXISTING SINGLE/INTERMEDIATE LANE ROAD,"[N24000967],MoRTH,ANDHRA PRADESH",,,2023-04,2023-04,1,1,1.0
PRJ_E9938813D5D1,PAITHAN TO SHIRUR,Road Transport And Highways,,,2024-04,2024-04,1,1,1.0
PRJ_E99956DE0C72,BALANCE WORK OF RANCHI- MAHULIA SECTION OF NH-33 FROM KM 113.730 (VIKAS) TO KM 140.000,Road Transport And Highways,,,2024-04,2024-04,1,1,1.0
PRJ_EA07DF7C7B8A,6L GREENFIELD KALIAGURA – BAUNSAGUAR SECTION OF NH-130-,Road Transport And Highways,,,2024-04,2024-04,1,1,1.0
PRJ_EA123E93580F,DOUBLING BETWEEN CHURU- 2/2023 RATANGARH,Railways,,,2024-04,2024-04,1,1,1.0
PRJ_EA16FD111FF5,VARANASI RING ROAD (PKG-II) CONNECTING SANDAHA VILLAGE (KM 11.70 / NH-29) WITH REVASA VILLAGE (KM 81,DISTRICT) TO RANIPUR,,,2024-04,2024-04,1,1,1.0
PRJ_EA4484F6C490,JALANDHAR-HOSHIARPUR SECTION OF NH-70 [NEW NH NO. 3] FROM EXISTING KM 11.400 TO KM 49.200,Road Transport And Highways,,,2024-04,2024-04,1,1,1.0
PRJ_EA449E38AFCE,NH 167 B KADAPA NELLORE BORDER TO CSPURAM I.E. FROM KM 58.635 TO KM 99.409,CONSTRUCTION OF OTHE,,,2024-04,2024-04,1,1,1.0
PRJ_EA4F7BB9DA6F,IMPHAL – MOREH,PRADESH,,,2024-01,2024-01,1,1,1.0
PRJ_EA597A098405,CONSTRUCTION OF 4-LANE GREEN FIELD DELHI-AMRITSAR-KATRA EXPRESSWAY (NE-05) FROM JUSSUR KHERI ON KMP,Road Transport And Highways,,,2024-04,2024-04,1,1,1.0
PRJ_EA69EC2CC068,NH-30-BHADRACHALAM TO KONTA SECTION 2LPS,CONSTRUCTION OF OTHE,,,2024-04,2024-04,1,1,1.0
PRJ_EA9F9FBFE5B9,CONSTRUCTION OF NEW ROAD AT,ROAD TRANSPORT AND HIGHWAYS,,,2024-02,2024-02,1,1,1.0
PRJ_EAFC8E4A8116,IMPROVEMENT AND UP-GRADATION TO TWO LANE WITH PAVED SHOULDER CONFIGURATION FROM EXISTING KM. 420.00,Road Transport And Highways,,,2024-04,2024-04,1,1,1.0
PRJ_EB06B6F93553,"GRASS ROOT POL TERMINAL AT VALLUR, CHENNAI",Petroleum,,,2024-04,2024-04,1,1,1.0
PRJ_EB07AC2DC01B,CONSTRUCTION OF 4 LANE ACCESS CONTROLLED NEW GREENFIELD HIGHWAY SECTION OF NH-365BG (KHAMMAM-DEVARAP,5,,,2024-04,2024-04,1,1,1.0
PRJ_EB21E3CEE0EE,WIDENING AND STRENGTHENING,"[N24001467],MoRTH,NAGALAND",,,2023-05,2023-05,1,1,1.0
PRJ_EB288707FC92,SARSAM TO KOTHARI,FROM WAKHARI TO LORD VITT,,,2024-04,2024-04,1,1,1.0
PRJ_EB50851C8FE5,REHABILITATION and UPGRADATION FROM 2 LANE TO 4 LANE OF NH STRETCH UNDER BHARATMALA PARIYOJANA FOR U,DISTRICT) TO RANIPUR,,,2024-04,2024-04,1,1,1.0
PRJ_EB5C4DD286D8,KANTE TO WAKED,FROM WAKHARI TO LORD VITT,,,2024-04,2024-04,1,1,1.0
PRJ_EBE96C32001D,RECONSTRUCTION TO TWO LANE WITH PAVED SHOULDERS FROM DS. CH. 442+180 (EX. KM 448.00) TO DS. CH.485+2,84.12,,,2024-04,2024-04,1,1,1.0
PRJ_EC18BA59F9D1,4L OF INDAPUR TO TONDLE (PKG-III) FROM KM.84.550 TO KM. 131.00 OF NH-965G,"[N24001719],NHAI,TAMIL NADU",,,2023-04,2023-04,1,1,1.0
PRJ_EC8334BB1F2E,"CONSTRUCTION OF ELEVATED CORRIDOR FROM KM. 135.650 TO 136.300 ON 63, FROM KM. 249 TO KM. 250.050 ON",Road Transport And Highways,,,2024-04,2024-04,1,1,1.0
PRJ_EC84B78290EC,PANDHARPUR TO SANGOLA,FROM WAKHARI TO LORD VITT,,,2024-04,2024-04,1,1,1.0
PRJ_EC995DFF0319,FOUR LANING OF SONAULI GORAKHPUR SECTION OF NH 29E (NEW NH 24) FROM DESIGN CH. 0.000 TO DESIGN CH. 7,Road Transport And Highways,,,2024-04,2024-04,1,1,1.0
PRJ_ECDEAFFBD3B1,WIDENING AND STRENGTHENING TO 2L+PS INCLUDING LA OF KANDARPUR-BALIKUDA FROM KM 277/500 TO 318/970 OF,Road Transport And Highways,,,2024-04,2024-04,1,1,1.0
PRJ_ECED260947A3,FOUR LANING OF JIND GOHANA GREENFIELD ALIGNMENT PACKAGE,National Highways Authority Of India,,,2023-10,2023-10,1,1,1.0
PRJ_ED0810464F4C,WIDENING EXISTING 2 LANE TO 4 LANE WITH PAVED SHOULDER INCLUDING STRENGTHENING CARRIAGEWAY FROM KM 8 -,"[N24001289],MoRTH,ARUNACHAL PRADESH",,,2023-04,2023-04,1,1,1.0
PRJ_ED30E812EE1A,REHABILITATION AND UPGRADATION TO 2 LANE WITH PS OF RADHAITA TO PILIBHIT SECTION OF 46.130 KM,Road Transport And Highways,,,2024-04,2024-04,1,1,1.0
PRJ_ED64BB998D82,DELHI-VADODARA GREENFIELD ALIGNMENT (NH-148N) (PKG-11) (CH. 319.400 TO CH. 331.030) [HARDEOGANJ VILL,Road Transport And Highways,,,2024-04,2024-04,1,1,1.0
PRJ_ED7CD172644B,KOLHA TO NASRATPUR,Road Transport And Highways,,,2024-04,2024-04,1,1,1.0
PRJ_EE0F31A19D00,CONSTRUCTION OF EIGHT LANE ACCESS CONTROLLED EXPRESSWAY CARRIAGEWAY FROM JODMI VILLAGE TO BANI VILLA -,NICOBAR ISLANDS,,,2023-06,2023-06,1,1,1.0
PRJ_EE3142C8EAE1,VADODARA MUMBAI EXPRESSWAY (PHASE II - PKG XI) [KM. 77.000 TO KM. 103.400],FROM WAKHARI TO LORD VITT,,,2024-04,2024-04,1,1,1.0
PRJ_EE33308EDE0E,WIDENING TO TWO LANE WITH PAVED SHOULDER FROM KM 194.900 TO KM 243.200 OF NH-234 BANAVARA-HULIYAR,69 YEKAMBI KUMTA,,,2024-04,2024-04,1,1,1.0
PRJ_EE6D6C792ABB,SETTING UP 500KTPA PROPANE DEHYDROGENATION INTEGRATED,Petroleum,,,2024-04,2024-04,1,1,1.0
PRJ_EED0A6C32635,SIX LANING FROM KAPPIRIKKAD TO,Road Transport And Highways,,,2024-04,2024-04,1,1,1.0
PRJ_EED4F679C8E2,WIDENING OF EXISTING SINGLE/INTERMEDIATE LANE ROAD,"[N24001454],MoRTH,TAMIL NADU",,,2023-08,2023-08,1,1,1.0
PRJ_EEDEF928DF57,FOUR LANING OF 5.122 KM OF NH9(NEW NH 65) FROM KM 269.900(DESIGN CH0.0) TO KM 275/622(DESIGN CH 5.12,AND HIGHWAYS,NEW NH 65,ANDHRA PRADESH,2024-06,2024-06,1,1,1.0
PRJ_EF319D2346B9,BALANCE WORK OF 2-LANING OF,PRADESH,,,2023-09,2023-09,1,1,1.0
PRJ_EF796EE2F9DD,SANGARIYA (NEAR CHAUTALA)- RASISAR (NEAR BIKANER) (PHASE-I) (AJ/SR-PACKAGE-2),WITH M,,,2024-04,2024-04,1,1,1.0
PRJ_EFC022272D18,6L ALURU - JAKKUVA SECTION OF NH-130CD ROAD FROM KM 365.033 TO KM 396.800,5,,,2024-04,2024-04,1,1,1.0
PRJ_EFF34B68807D,REHABILITATION AND UPGRADATION OF END OF AHMEDNAGAR BYPASS TO KHARWANDI KASAR SECTION OF NH-222 FROM,Road Transport And Highways,,,2024-04,2024-04,1,1,1.0
PRJ_F00DCCA27AAE,6L FROM BELGAUM TO SANKESHWAR BYPASS FROM KM 515.000 TO KM 555.017 OF NH 48,Road Transport And Highways,,,2024-04,2024-04,1,1,1.0
PRJ_F0150876E82C,SOLAPUR-TULJAPUR-OSMANABAD,"2,596.20 (1,635.74) [21]",,,2024-04,2024-04,1,1,1.0
PRJ_F09671968A43,KOCHI-KOOTTANAD-BANGALORE-,PETROLEUM,,,2024-01,2024-01,1,1,1.0
PRJ_F1092D07CE20,6 LANING OF EXISTING 4-LANE,"[N24001264],NHIDCL,JAMMU AND KASHMIR",,,2023-07,2023-07,1,1,1.0
PRJ_F114D3E3D90A,4-LANING OF DEWAS-UJJAIN OF,National Highways Authority Of India,,,2023-08,2023-08,1,1,1.0
PRJ_F149CB98FA00,BALANCE WORK OF CONSTRUCTION OF TWO/FOUR,"[N24000444],MoRTH,GOA",,,2024-03,2024-03,1,1,1.0
PRJ_F158B73F7BBA,OSMANNAGAR TO KUNDRAL,FROM WAKHARI TO LORD VITT,,,2024-04,2024-04,1,1,1.0
PRJ_F1EC86C5A90A,REHABILITATION AND UPGRADATION OF JAMKHED TO SAUTADA SECTION OF NH548 D (FROM KM 195.375 TO KM 208.7,Road Transport And Highways,,,2024-04,2024-04,1,1,1.0
PRJ_F2510DEDFBF0,STRENGTHENING OF EXISTING 4L AYODHYA BYPASS SECTION FROM DESIGN KM.121.600 TO KM. 144.020 OF NH 28 (,DISTRICT) TO RANIPUR,,,2024-04,2024-04,1,1,1.0
PRJ_F27B5F818046,WIDENING TO 2-LANE WIH PAVED SHOULDER FROM KM. 544.20 TO 594.00 (HOSAMANE CROSS TO PANDAVAPURA) SECT,84.12,,,2024-04,2024-04,1,1,1.0
PRJ_F285FA54CB5C,BUDHAPANK - SALEGAON VIA,Railways,,,2024-04,2024-04,1,1,1.0
PRJ_F29BCA90AF64,REHABILITATION AND UP- GRADATION OF VALIGONDA TO THORRUR SECTION TO TWO LANE WITH PAVED SHOULDERS FRO,RCW,,,2024-04,2024-04,1,1,1.0
PRJ_F29D3D3AF47D,4L OF SAGAR - MOHARI FROM KM.8 TO KM.50,"[N24000771],NHIDCL,MEGHALAYA",,,2024-02,2024-02,1,1,1.0
PRJ_F2B7642A1D3C,CITY GAS DISTRIBUTION NETWORK PROJECT AT JAGATSINGHPUR AND,PETROLEUM,,,2024-01,2024-01,1,1,1.0
PRJ_F2F8FB94851E,"CONSTRUCTION OF NEW INTEGRATED TERMINAL BUILDING, RECONSTRUCTION OF OLD",CIVIL AVIATION,,,2023-05,2023-05,1,1,1.0
PRJ_F30F0AE37B78,CONSTRUCTION AND UPGRADATION OF EXISTING ROAD TO 2-LANE WITH PAVED SHOULDER FROM KM27.200 (END OF RO -,PRADESH,,,2023-09,2023-09,1,1,1.0
PRJ_F32561B5D457,REHABILITATION AND UPGRADATION OF MACHILIPATNAM TO AVANIGADDA SECTION FROM KM84/550 - 124/200 OF NH2,CONSTRUCTION OF OTHE,,,2024-04,2024-04,1,1,1.0
PRJ_F38911F8D5F7,CONSTRUCTION OF TWO LANE WITH PAVED SHOULDER HIGHWAY FROM DESIGN CH.0.000 TO CH.49.2OO OF NH-731B ON,Road Transport And Highways,,,2024-04,2024-04,1,1,1.0
PRJ_F3A981458828,CONSTRUCTION OF TWO NOS,Cpwd Of Higher Education,,,2023-10,2023-10,1,1,1.0
PRJ_F3BBBFD80B7C,WIDENING TO TWO LANE WITH PAVED SHOULDERS OF 'BODHAN BASAR BHAINSA ' SECTION FROM KM 38/900 TO 95/3,RCW,,,2024-04,2024-04,1,1,1.0
PRJ_F3D339A8050E,RENIGUNTA - POYYA - NAIDUPETA KM 124.60 TO KM 183.4 OF NH 71 - N/04027/06001/AP,5,,,2024-04,2024-04,1,1,1.0
PRJ_F3F15D9568FA,6L JAKKUVA – KORLAM SECTION OF NH-130CD ROAD FROM KM 396.800 TO KM 421.100,5,,,2024-04,2024-04,1,1,1.0
PRJ_F44139CAC07E,KOLDE TO KHETIYA,FROM WAKHARI TO LORD VITT,,,2024-04,2024-04,1,1,1.0
PRJ_F47B48E26BC7,4L OF KHEDAKHAJURIYA TO SUHAGADI FROM KM. 41.400 TO KM.,"[N24001418],NHAI,PUNJAB",,,2024-01,2024-01,1,1,1.0
PRJ_F48823ED20C1,DELHI-AMRITSAR-KATRA EXPRESSWAY,"[N24001983],NHAI,ANDHRA PRADESH",,,2024-03,2024-03,1,1,1.0
PRJ_F49C604E9DD5,REHABILITATION AND UP- GRADATION OF EXISTING 2-LANE TO 4 LANE OF DUBURI (KM 388.376) TO CHANDIKHOLE (,Road Transport And Highways,,,2024-04,2024-04,1,1,1.0
PRJ_F4A27CCC9F25,PROJECTS- REHABILITATION AND UPGRADATION OF NH-731A FROM KM 0.00 TO KM.35.00,DISTRICT) TO RANIPUR,,,2024-04,2024-04,1,1,1.0
PRJ_F5148939413C,OUR LANNNING OF DOLABARI TO,"[N24001262],NHIDCL,SIKKIM",,,2023-08,2023-08,1,1,1.0
PRJ_F561F2F06A44,NAGPUR RING ROAD PACKAGE-1,Road Transport And Highways,,,2024-04,2024-04,1,1,1.0
PRJ_F583CC3A3873,INTEGRATED STRUCTURE WITH DEVELOPMENT OF OTHER ALLIED STRUCTURES ON BOTH SIDES OF CHANDNI CHOWK JUNC,FROM WAKHARI TO LORD VITT,,,2024-04,2024-04,1,1,1.0
PRJ_F58FD8DAF3E7,REHABILITATION AND UPGRADATION OF NH 216 FROM KM 3.800 TO 90.460 RAIGARH TO SARAIPALLI SECTION -,NICOBAR ISLANDS,,,2023-07,2023-07,1,1,1.0
PRJ_F5BF3DCCA867,CONSTRUCTION OF SIGNATURE,PRADESH,,,2023-09,2023-09,1,1,1.0
PRJ_F5EED05EA500,CONSTRUCTION OF PERMANENT,DEPARTMENT OF HIGHER EDUCATION,,,2024-01,2024-01,1,1,1.0
PRJ_F61B46240003,SIX LANING OF THALIPARAMBHA- MUZHAPILANGAD SECTION FROM KM 137.900 TO KM. 170.600 OF NH- 17 (NEW NH,Road Transport And Highways,,,2024-04,2024-04,1,1,1.0
PRJ_F6B5A1F605D2,DELHI-VADODARA GREENFIELD ALIGNMENT (NH-148N) (PKG-14) (CH. 388.420 TO CH. 419.000) [JUNCTION WITH N,WITH M,,,2024-04,2024-04,1,1,1.0
PRJ_F6FD7D5B48EF,UPGRADATION 2/4 LANE NH CONNECTIVITY UNDER SAGARMALA SCHEME SH 2 HAVERI YEKAMBI SH,Road Transport And Highways,,,2024-04,2024-04,1,1,1.0
PRJ_F715758C8D0D,4-LANNING OF VARANASI GORAKHPUR SECTION OF NH-29 FROM 88.00 148.00 KM 4-LANNING OF VARANASI GORAKHPU -,"[N24001694],NHAI,TAMIL NADU",,,2023-09,2023-09,1,1,1.0
PRJ_F74EDABF210A,TS FOR INTRGRATION OF RE ZONE (PHASE II) IN KOPPAL II (PHASE A&B) AND GADAG II (PHASE A) IN KARNATAK,Power,,,2024-04,2024-04,1,1,1.0
PRJ_F788E99B21C0,CONSTRUCTION OF 2-LANE WITH PAVED SHOULDER OF NEW GREEN FIELD ALIGNMENT FROM CHOCHENPHERI,Road Transport And Highways,,,2024-04,2024-04,1,1,1.0
PRJ_F78B95BFEAC2,WARDHA-BALHARSHAH - 3RD LINE,"2,596.20 (1,635.74) [21]",,,2024-04,2024-04,1,1,1.0
PRJ_F7B8ED2E1B3C,HOSPITAL AND TEACHING- AIIMS,Hospital Services Consultancy Corporation Ltd,,,2023-04,2023-04,1,1,1.0
PRJ_F7BDF9A52ECF,CONSTRUCTION OF 2 LANE ROAD OF POTIN TO PANGIN SECTION OF NH 13 FROM KM 314.25 TO KM,Ministry Of Road Transport And Highways (State Pwds),,,2023-08,2023-08,1,1,1.0
PRJ_F7F03F990BD6,TUMKUR - NELAMANGALA,Road Transport And Highways,,,2024-04,2024-04,1,1,1.0
PRJ_F82E8EBE2CC6,WAKHARI TO KHUDUS PACKAGE2 SANT DNYANESHWAR MAHARAJ PALKHI MARG SECTION OF NH965,Road Transport And Highways,,,2024-04,2024-04,1,1,1.0
PRJ_F86640F7996A,FOUR LANING OF DIMAPUR KOHIMA ROAD FROM DESIGN KM 123.840 TO KM 138.775 (EXISTING KM 124.100 TO,"[N24001297],MoRTH,ARUNACHAL PRADESH",,,2024-01,2024-01,1,1,1.0
PRJ_F8891FDD7B31,SIX LANE ACCESS CONTROLLED OF DELHI SAHARANPUR HIGHWAY FROM DELHI UP BORDER TO EPE JUNCTION CH.14.75,DISTRICT) TO RANIPUR,,,2024-04,2024-04,1,1,1.0
PRJ_F8A2A0008E0B,"INTERCEPTION, DIVERSION AND TREATMENT WORKS AT BARANAGAR AND KAMARAHATI",Water Resources,,,2024-04,2024-04,1,1,1.0
PRJ_F8B6216BEDB9,6L OF HATIBENA - BADAKUMARI SECTION FROM KM 146.50 TO KM,"[N24001213],NHAI,MADHYA PRADESH",,,2023-06,2023-06,1,1,1.0
PRJ_F92503C0A33F,4-LANING OF VADIPPATTI -,"[N24001653],NHAI,KERALA",,,2023-09,2023-09,1,1,1.0
PRJ_F9391F25094F,TRANSMISSION SYSTEM FOR,PRADESH,,,2024-03,2024-03,1,1,1.0
PRJ_F99B00CC88A1,NANDED TO JALKOT,Road Transport And Highways,,,2024-04,2024-04,1,1,1.0
PRJ_F9A9EEC5C52D,DEOGARH (NEAR DHANDHANIYA)- RAJASTHAN/GUJARAT BORDER (PHASE-I) (AJ/DRGB-PACKAGE-6),Road Transport And Highways,,,2024-04,2024-04,1,1,1.0
PRJ_F9C04DB68F13,NH167B FROM KM.143.320 MALAKONDA TO 189.050,5,,,2024-04,2024-04,1,1,1.0
PRJ_F9CC367122ED,CONSTRUCTION OF 2L+PS FROM PASARLAPUDI-DHINDI (105/700 TO 127.500 OF NH-214) OF NH-216,CONSTRUCTION OF OTHE,,,2024-04,2024-04,1,1,1.0
PRJ_F9F61FFCA4FB,REHABILITATION AND UPGRADATION OF PARLI TO SIRSALA SECTION OF NH-361F (KM 136+700 TO 115+000) (LENGT,Road Transport And Highways,,,2024-04,2024-04,1,1,1.0
PRJ_FA423B48CD5B,DAUND-GULBARGA - DOUBLING,"[N22000135],MRTP,WEST BENGAL",,,2023-05,2023-05,1,1,1.0
PRJ_FA4439939333,TWO/FOUR LANNING OF BRT TIGER RESERVE BOUNDARY TO BANGALORE SECTION OF NH- 209(EXISTING CHAINAGE FROM,84.12,,,2024-04,2024-04,1,1,1.0
PRJ_FA5A762466D2,4L PS FROM KURNOOL (EXISTING KM. 5.400 OF NH-40/DESIGN,Road Transport And Highways,,,2024-04,2024-04,1,1,1.0
PRJ_FAE63AAB990F,4L SPUR OF PANIPAT - SHAMLI,"[N24001588],NHAI,CHHATTISGARH",,,2024-02,2024-02,1,1,1.0
PRJ_FAE9AE0824B4,2-LANING OF CHURACHANDPUR TUIVAI SECTION OF NH-102B (PKG-,Road Transport And Highways,,,2024-04,2024-04,1,1,1.0
PRJ_FAF88D94B9B5,6L KANTAKAPALLE – SABBAVARAM SECTION OF NH-130CD ROAD FROM KM 445.100 TO KM 464.662,5,,,2024-04,2024-04,1,1,1.0
PRJ_FB090AC2D228,4 LANE CONNECTOR FROM DELHI MEERUT EXPRESSWAY KM 50.000,Road Transport And Highways,,,2024-04,2024-04,1,1,1.0
PRJ_FB0FE0438502,WIDENING TO 2-LANE WIH PAVED SHOULDER FROM KM. 544.20 TO 594.00 (HOSAMANE CROSS TO PANDAVAPURA) SECT,69 YEKAMBI KUMTA,,,2024-04,2024-04,1,1,1.0
PRJ_FB5358143331,UP-GRADATION TO 4-LANE WITH PAVED SHOULDER OF JAMMU- AKHNOOR ROAD SECTION OF NH- 144A FROM GANESH VIHA -,"[N24001226],MoRTH,CHHATTISGARH",,,2023-07,2023-07,1,1,1.0
PRJ_FB6AE56B68C3,REHABILITATION AND UPGRADATION OF NH-221 FROM KM 121/0 TO 165/00 (OF VIJAYAWADA- JAGDALPUR RUDRAMPUR,RCW,,,2024-04,2024-04,1,1,1.0
PRJ_FB8182E9DEDF,INDORE - HARDA (PKG-III) [NANASA,"[N24002078],NHAI,ODISHA",,,2024-02,2024-02,1,1,1.0
PRJ_FC00BEBBC016,WIDENING AND STRENTHENING FROM KM 70.15 TO KM 121.025 OF,"[N24001464],MoRTH,UTTAR PRADESH",,,2024-01,2024-01,1,1,1.0
PRJ_FC3FE70B6E5C,CONVERSION OF PARTIALLY EXCAVATED ESCAPE TUNNEL TO,Road Transport And Highways,,,2024-04,2024-04,1,1,1.0
PRJ_FC5F875C032D,REHABILITATION AND,CONSTRUCTION OF OTHE,,,2024-04,2024-04,1,1,1.0
PRJ_FC60BA709A5C,CONSTRUCTION OF SIX LANING OF NAIDUPETA JUNCTION - TURPUKANUPUR SECTION FROM KM.57+046 TO KM.91+927,5,,,2024-04,2024-04,1,1,1.0
PRJ_FC764937D1B6,CONSTRUCTION OF 2-LANING WITH HARD SHOULDERS OF ARROWA- KHUPA-HAYULIANG SECTION OF NH-,"[N24001339],NHIDCL,MEGHALAYA",,,2023-06,2023-06,1,1,1.0
PRJ_FC7EA3A33506,"ONSTRUCTION OF 4-LANE FLYOVER AT AMBERPET-X ROAD, HYDERABAD ON NH-202 IN THE STATE OF TELANGANA",RCW,,,2024-04,2024-04,1,1,1.0
PRJ_FCC8415BFF58,REHABILITATION AND UPGRADATION TO 2 LANE WITH PAVED SHOULDER FROM EXISTING CHAINAGE KM 134.95 TO KM,Road Transport And Highways,,,2024-04,2024-04,1,1,1.0
PRJ_FCD2C5BE8ACA,"6 LANING OF EXISTING 4-LANE STRETCH FROM KALKALLU AT KM.454+000 TO GUNDLA POCHAMPALLY AT KM.471+000,",AND HIGHWAYS,NHAI,TELANGANA,2024-06,2024-06,1,1,1.0
PRJ_FD015EE11C64,WIDENING OF EXISTING ROAD TO 2 LANE WITH PAVED SHOULDER FROM HUKANJURI TO KHONSA SECTION OF NH-315A -,"[N24001859],MoRTH,ODISHA",,,2024-03,2024-03,1,1,1.0
PRJ_FD077CBCE42C,6L MINOR BRIDGE (PALOLI PALAM) AT KM. 203.160 and MAJOR BRIDGE (MORAD) AT KM. 204.895 AND ALLIED WOR,Road Transport And Highways,,,2024-04,2024-04,1,1,1.0
PRJ_FD4625C3B5CC,CONSTRUCTION OF SIX LANING OF NAIDUPETA JUNCTION - TURPUKANUPUR SECTION FROM KM.57+046 TO KM.91+927,CONSTRUCTION OF OTHE,,,2024-04,2024-04,1,1,1.0
PRJ_FD5A562EC833,WIDENING TO 2-LANE WITH PAVED SHOULDERS FROM KM 119/017 TO KM 161/300 ON NH 85,Road Transport And Highways,,,2024-04,2024-04,1,1,1.0
PRJ_FD6EE152376D,ESTABLISHMENT OF CENTRAL ARMED POLICE FORCE INSTITUTE,HOME AFFAIRS,,,2023-09,2023-09,1,1,1.0
PRJ_FD7BDC6D0AB5,"ONSTRUCTION OF 4-LANE FLYOVER AT AMBERPET-X ROAD, HYDERABAD ON NH-202 IN THE STATE OF TELANGANA",Road Transport And Highways,,,2024-04,2024-04,1,1,1.0
PRJ_FD9058BE913B,6L ACCESS CONTROLLED GREENFIELD HIGHWAY FROM AUDIREDDIPALLE 160.000 KM. TO MALLAPALLE 176.000 KM. PA,6L ACCESS CONTROLLED GREENFIELD HIGHWAY FROM YERRAGUDIPADU 129.000 KM. TO AUDIREDDIPALLE 160.000 KM. (NHAI ) (N24001846 ),NHAI,HIGHWAYS,2024-06,2024-06,1,1,1.0
PRJ_FDA5CA53F030,WIDENING AND STRENGTHENING OF EXISTING CARRIAGEWAY IN 2 LANE WITH PAVED SHOULDERS FROM KM.25/0 TO 59,Road Transport And Highways,,,2024-04,2024-04,1,1,1.0
PRJ_FDEB51F5A168,SATARA MURVAD PILLOV PANDHARPUR,FROM WAKHARI TO LORD VITT,,,2024-04,2024-04,1,1,1.0
PRJ_FE12CFC980C4,6L ACCESS- CONTROLLED HIGHWAY OF DAAT KALI TUNNEL - DEHRADUN OF GANESHPUR ? DEHRADUN SECTION FROM KM.,CONSTRUCTION OF 4.5 KM LONG SILKYARA TUNNEL BETWEEN KM 25.40 TO 50.25 KM (TUNNEL WORK) (NHIDCL ) (N24000855 ),NHAI,HIGHWAYS,2024-06,2024-06,1,1,1.0
PRJ_FE2353488DDF,2L+PS FOR WORK OF NH-325 (BALOTRA TO SANDERAO VIA JALORE) BY CONSTRUCTION OF,PRADESH,,,2023-05,2023-05,1,1,1.0
PRJ_FE41D941B102,CONSTRUCTION OF 2- LANE WITH PAVED SHOULDER INCLUDING GEOMETRIC IMPROVEMENT FROM KM 0.000 TO KM 16.00,ROAD TRANSPORT,NHIDCL,SIKKIM,2024-06,2024-06,1,1,1.0
PRJ_FE6A71F51E68,WIDENING TO 2LPS FROM 269/30 TO 328/20 OF NH-49 IN THE STATE OF ODISHA,CHANDIKHOLE (,,,2024-04,2024-04,1,1,1.0
PRJ_FE82CD79F6BF,CONSTRUCTION OF TWO LANE WITH HARD SHOULDERS OF CHAKABAMA-ZUNHEBOTO ROAD,PRADESH,,,2023-10,2023-10,1,1,1.0
PRJ_FE8A93928313,6L ACCESS CONTROLLED,"[N24000619],NHAI,ODISHA",,,2023-10,2023-10,1,1,1.0
PRJ_FEC600419464,"CGD PROJECT AT SRIKAKULAM, VISAKHAPATNAM AND VIZIANAGARAM DISTRICTS",Petroleum,,,2024-04,2024-04,1,1,1.0
PRJ_FEC9D9E83A06,WIDENING TO 2 LANES WITH PAVED,84.12,,,2024-04,2024-04,1,1,1.0
PRJ_FED4CFE9B9B4,KOLDE TO KHETIYA,Road Transport And Highways,,,2024-04,2024-04,1,1,1.0
PRJ_FEF47E56EB74,REHABILITATION AND UPGRADATION OF NH-219 FROM KM 58-600 TO KM 140-750 IN THE STATE OF ANDHRA PRADES,5,,,2024-04,2024-04,1,1,1.0
PRJ_FF123855421A,CHENNAI BEACH-CHENNAI EGMORE,RAILWAYS,,,2024-03,2024-03,1,1,1.0
PRJ_FF2752F11290,6L OF SRIPERUMBUDUR TO KARAIPETTAI FROM KM 37.000 TO,"[N24001653],NHAI,KERALA",,,2023-09,2023-09,1,1,1.0
PRJ_FF43FDADA4B3,CONSTRUCTION OF FOUR LANE EXPRESSWAY FROM START OF VEJALLKA VILLAGE TO START OF DSIR ZONE OF AHMEDAB -,PRADESH,,,2023-05,2023-05,1,1,1.0
PRJ_FF80D7711466,CONSTRUCTION OF FOUR LANE EXPRESSWAY FROM START OF VEJALLKA VILLAGE TO START OF,"[N24001573],NHAI,RAJASTHAN",,,2024-03,2024-03,1,1,1.0
PRJ_FF902F6B1567,REHABILITATION AND UPGRADATION OF NH-221 FROM KM 121/0 TO 165/00 (OF VIJAYAWADA- JAGDALPUR RUDRAMPUR,Road Transport And Highways,,,2024-04,2024-04,1,1,1.0
PRJ_FFA51C201910,"ENGINEERING, PROCUREMENT,","[N24002013],MoRTH,KARNATAKA",,,2024-01,2024-01,1,1,1.0
PRJ_FFF8172AB11B,BELGAUM-DHARWAD VIA KITTUR (73.10 KM) (UMBRELLA WORK PB#22/2019-20/NR),Railways,,,2024-04,2024-04,1,1,1.0
